Game Id;PlayerId;TeamId;Game Rating;SA;GA;SV;SV%;TOI;PIM
37854;223;16;0;0;0;0;.00nan;0;0
37854;252;16;93;35;2;33;.943;3600000;0
37854;695;23;30;26;6;20;.769;3600000;0
37854;1215;23;0;0;0;0;.00nan;0;0
37844;145;280;75;31;3;28;.903;3600000;0
37844;964;280;0;0;0;0;.00nan;0;0
37844;1381;10;43;26;5;21;.808;3536950;0
37844;1532;10;0;0;0;0;.00nan;0;0
38178;432;15;24;3;3;0;.000;3600000;0
38178;510;15;0;0;0;0;.00nan;0;0
38178;1247;11;30;14;4;10;.714;3600000;0
38178;4776;11;0;0;0;0;.00nan;0;0
37864;229;279;62;28;4;24;.857;3600000;0
37864;961;0;64;9;0;9;1.000;1501850;0
37864;1232;0;17;19;6;13;.684;2036100;0
37864;2336;279;0;0;0;0;.00nan;0;0
37850;1190;26;25;29;7;22;.759;3600000;0
37850;2646;17;0;0;0;0;.00nan;0;0
37850;2721;17;81;27;2;25;.926;3600000;0
37850;2805;26;0;0;0;0;.00nan;0;0
37865;662;8;0;0;0;0;.00nan;0;0
37865;671;20;0;0;0;0;.00nan;0;0
37865;1151;8;57;26;4;22;.846;3594950;0
37865;1427;20;80;31;3;28;.903;3600000;0
37845;868;22;64;29;4;25;.862;3600000;0
37845;2395;21;71;13;0;13;1.000;1282250;0
37845;2562;21;10;26;8;18;.692;2317750;0
37845;4785;22;0;0;0;0;.00nan;0;0
37841;523;3;0;0;0;0;.00nan;0;0
37841;644;9;37;22;5;17;.773;2315450;0
37841;852;9;52;8;1;7;.875;1284550;0
37841;1087;3;70;28;3;25;.893;3600000;0
37838;1;25;100;22;0;22;1.000;3600000;0
37838;1271;25;0;0;0;0;.00nan;0;0
37838;1410;278;85;26;1;25;.962;3600000;0
37838;2654;278;0;0;0;0;.00nan;0;0
37839;435;24;81;41;4;37;.902;3900000;0
37839;1278;12;70;36;4;32;.889;3900000;0
37839;1498;12;0;0;0;0;.00nan;0;0
37839;3394;24;0;0;0;0;.00nan;0;0
37953;435;24;0;0;0;0;.00nan;0;0
37953;961;0;0;0;0;0;.00nan;0;0
37953;1232;0;72;30;3;27;.900;3600000;0
37953;3394;24;67;34;4;30;.882;3600000;0
38158;523;3;0;0;0;0;.00nan;0;0
38158;1087;3;39;24;5;19;.792;3600000;0
38158;2646;17;0;0;0;0;.00nan;0;0
38158;2721;17;70;21;2;19;.905;3600000;0
37898;221;14;0;0;0;0;.00nan;0;0
37898;662;8;50;13;2;11;.846;1316900;0
37898;1151;8;46;33;6;27;.818;2283100;0
37898;1258;14;55;21;3;18;.857;3600000;0
37875;223;16;0;0;0;0;.00nan;0;0
37875;252;16;90;33;2;31;.939;3600000;0
37875;695;23;0;0;0;0;.00nan;0;0
37875;1215;23;66;27;3;24;.889;3563600;0
37870;1190;26;91;30;1;29;.967;3900000;0
37870;2395;21;0;0;0;0;.00nan;0;0
37870;2562;21;96;34;1;33;.971;3900000;0
37870;2805;26;0;0;0;0;.00nan;0;0
37861;671;20;28;7;3;4;.571;672350;0
37861;679;19;66;15;1;14;.933;3600000;0
37861;1427;20;23;28;7;21;.750;2927650;0
37861;1476;19;0;0;0;0;.00nan;0;0
37848;644;9;41;31;6;25;.806;2941150;0
37848;852;9;53;2;0;2;1.000;658850;0
37848;868;22;63;18;2;16;.889;3600000;0
37848;4785;22;0;0;0;0;.00nan;0;0
37842;145;280;0;0;0;0;.00nan;0;0
37842;964;280;63;17;2;15;.882;3600000;0
37842;1412;5;35;27;6;21;.778;3600000;0
37842;4354;5;0;0;0;0;.00nan;0;0
37840;442;18;59;24;3;21;.875;3544850;0
37840;688;18;0;0;0;0;.00nan;0;0
37840;1278;12;81;27;2;25;.926;3600000;0
37840;1498;12;0;0;0;0;.00nan;0;0
37859;432;15;64;20;2;18;.900;3600000;0
37859;510;15;0;0;0;0;.00nan;0;0
37859;1410;278;41;26;5;21;.808;3600000;0
37859;2654;278;0;0;0;0;.00nan;0;0
37847;1;25;68;28;3;25;.893;3600000;0
37847;1271;25;0;0;0;0;.00nan;0;0
37847;1412;5;19;20;6;14;.700;2501300;0
37847;4354;5;35;5;2;3;.600;1098700;0
37900;221;14;0;0;0;0;.00nan;0;0
37900;679;19;35;29;6;23;.793;3517850;0
37900;1258;14;70;39;5;34;.872;3600000;0
37900;1476;19;0;0;0;0;.00nan;0;0
37868;229;279;67;38;5;33;.868;3472500;0
37868;1381;10;91;37;3;34;.919;3600000;0
37868;1532;10;0;0;0;0;.00nan;0;0
37868;2336;279;0;0;0;0;.00nan;0;0
37849;145;280;0;0;0;0;.00nan;0;0
37849;223;16;34;16;4;12;.750;2548100;0
37849;252;16;25;11;4;7;.636;1051900;0
37849;964;280;68;16;1;15;.938;3600000;0
37862;644;9;73;19;1;18;.947;3600000;0
37862;671;20;53;32;5;27;.844;3600000;0
37862;852;9;0;0;0;0;.00nan;0;0
37862;1427;20;0;0;0;0;.00nan;0;0
37855;442;18;73;30;3;27;.900;3600000;0
37855;688;18;0;0;0;0;.00nan;0;0
37855;2395;21;0;0;0;0;.00nan;0;0
37855;2562;21;71;36;4;32;.889;3581650;0
37843;868;22;84;24;1;23;.958;3600000;0
37843;1278;12;98;48;3;45;.938;3581200;0
37843;1498;12;0;0;0;0;.00nan;0;0
37843;4785;22;0;0;0;0;.00nan;0;0
37878;432;15;89;16;0;16;1.000;3600000;0
37878;510;15;0;0;0;0;.00nan;0;0
37878;662;8;0;0;0;0;.00nan;0;0
37878;1151;8;59;38;6;32;.842;3600000;0
37858;1;25;79;34;3;31;.912;3600000;0
37858;435;24;59;34;5;29;.853;3548800;0
37858;1271;25;0;0;0;0;.00nan;0;0
37858;3394;24;0;0;0;0;.00nan;0;0
37891;523;3;0;0;0;0;.00nan;0;0
37891;1087;3;46;4;1;3;.750;3600000;0
37891;1247;11;43;15;3;12;.800;3600000;0
37891;4776;11;0;0;0;0;.00nan;0;0
38087;695;23;52;2;0;2;1.000;789200;0
38087;1215;23;34;34;7;27;.794;2810800;0
38087;2646;17;73;32;4;28;.875;3600000;0
38087;2721;17;0;0;0;0;.00nan;0;0
38766;221;14;0;0;0;0;.00nan;0;0
38766;435;24;30;13;4;9;.692;2034400;0
38766;1258;14;79;21;1;20;.952;3600000;0
38766;3394;24;3;17;7;10;.588;1565600;0
38196;523;3;0;0;0;0;.00nan;0;0
38196;961;0;0;0;0;0;.00nan;0;0
38196;1087;3;70;40;5;35;.875;3798300;0
38196;1232;0;88;45;4;41;.911;3798300;0
38124;1190;26;0;0;0;0;.00nan;0;0
38124;2646;17;0;0;0;0;.00nan;0;0
38124;2721;17;75;31;3;28;.903;3600000;0
38124;2805;26;79;40;4;36;.900;3560600;0
37866;671;20;0;0;0;0;.00nan;0;0
37866;1410;278;59;30;4;26;.867;3577450;0
37866;1427;20;72;30;3;27;.900;3600000;0
37866;2654;278;0;0;0;0;.00nan;0;0
37853;223;16;0;0;0;0;.00nan;0;0
37853;252;16;98;43;2;41;.953;3552800;0
37853;1412;5;90;25;1;24;.960;3600000;0
37853;4354;5;0;0;0;0;.00nan;0;0
37879;145;280;0;0;0;0;.00nan;0;0
37879;662;8;0;0;0;0;.00nan;0;0
37879;964;280;100;24;0;24;1.000;3600000;0
37879;1151;8;75;25;2;23;.920;3510750;0
38090;229;279;92;18;0;18;1.000;3600000;0
38090;695;23;41;2;1;1;.500;877400;0
38090;1215;23;11;25;8;17;.680;2722600;0
38090;2336;279;0;0;0;0;.00nan;0;0
37901;644;9;53;45;7;38;.844;3266350;0
37901;852;9;50;1;0;1;1.000;333650;0
37901;1381;10;72;24;2;22;.917;3600000;0
37901;1532;10;0;0;0;0;.00nan;0;0
37852;1412;5;34;27;6;21;.778;2764300;0
37852;2395;21;81;33;3;30;.909;3600000;0
37852;2562;21;0;0;0;0;.00nan;0;0
37852;4354;5;64;8;0;8;1.000;835700;0
37846;442;18;21;27;7;20;.741;3600000;0
37846;688;18;0;0;0;0;.00nan;0;0
37846;868;22;62;29;4;25;.862;3600000;0
37846;4785;22;0;0;0;0;.00nan;0;0
37911;432;15;74;19;1;18;.947;3600000;0
37911;510;15;0;0;0;0;.00nan;0;0
37911;679;19;55;28;4;24;.857;3600000;0
37911;1476;19;0;0;0;0;.00nan;0;0
37894;435;24;57;38;6;32;.842;3600000;0
37894;961;0;83;35;3;32;.914;3600000;0
37894;1232;0;0;0;0;0;.00nan;0;0
37894;3394;24;0;0;0;0;.00nan;0;0
38758;1;25;65;27;3;24;.889;3591400;0
38758;229;279;0;0;0;0;.00nan;0;0
38758;1271;25;0;0;0;0;.00nan;0;0
38758;2336;279;67;21;2;19;.905;3600000;0
37918;1190;26;70;34;4;30;.882;3600000;0
37918;1381;10;0;0;0;0;.00nan;0;0
37918;1532;10;46;27;5;22;.815;3600000;0
37918;2805;26;0;0;0;0;.00nan;0;0
38319;432;15;0;0;0;0;.00nan;0;0
38319;510;15;68;16;1;15;.938;3600000;0
38319;1410;278;55;34;5;29;.853;3600000;0
38319;2654;278;0;0;0;0;.00nan;0;0
37985;671;20;100;25;0;25;1.000;3600000;0
37985;1278;12;66;34;4;30;.882;3600000;0
37985;1427;20;0;0;0;0;.00nan;0;0
37985;1498;12;0;0;0;0;.00nan;0;0
37857;221;14;0;0;0;0;.00nan;0;0
37857;442;18;53;30;5;25;.833;3600000;0
37857;1258;14;86;31;2;29;.935;3600000;0
37857;2414;18;0;0;0;0;.00nan;0;0
37883;145;280;0;0;0;0;.00nan;0;0
37883;223;16;0;0;0;0;.00nan;0;0
37883;252;16;68;33;4;29;.879;3502050;0
37883;964;280;75;26;2;24;.923;3600000;0
37928;679;19;45;21;4;17;.810;3600000;0
37928;961;0;0;0;0;0;.00nan;0;0
37928;1232;0;55;39;6;33;.846;3535400;0
37928;1476;19;0;0;0;0;.00nan;0;0
38795;671;20;0;0;0;0;.00nan;0;0
38795;1427;20;95;42;3;39;.929;3562150;0
38795;2646;17;81;27;2;25;.926;3600000;0
38795;2721;17;0;0;0;0;.00nan;0;0
37856;1410;278;0;0;0;0;.00nan;0;0
37856;2395;21;83;20;1;19;.950;3600000;0
37856;2562;21;0;0;0;0;.00nan;0;0
37856;2654;278;39;25;5;20;.800;3600000;0
38787;223;16;74;26;2;24;.923;3900000;0
38787;252;16;0;0;0;0;.00nan;0;0
38787;644;9;85;31;2;29;.935;3900000;0
38787;852;9;0;0;0;0;.00nan;0;0
37851;868;22;39;6;2;4;.667;3600000;0
37851;1247;11;32;8;3;5;.625;3600000;0
37851;4776;11;0;0;0;0;.00nan;0;0
37851;4785;22;0;0;0;0;.00nan;0;0
37927;662;8;0;0;0;0;.00nan;0;0
37927;1151;8;64;37;5;32;.865;3713350;0
37927;1190;26;46;33;6;27;.818;3713350;0
37927;2805;26;0;0;0;0;.00nan;0;0
37872;1;25;74;44;5;39;.886;3600000;0
37872;221;14;100;27;0;27;1.000;3600000;0
37872;1258;14;0;0;0;0;.00nan;0;0
37872;1271;25;0;0;0;0;.00nan;0;0
38760;523;3;0;0;0;0;.00nan;0;0
38760;1087;3;45;20;4;16;.800;3600000;0
38760;1412;5;30;12;4;8;.667;988550;0
38760;4354;5;46;29;5;24;.828;2611450;0
38129;695;23;0;0;0;0;.00nan;0;0
38129;1215;23;70;29;3;26;.897;3600000;0
38129;1278;12;66;52;7;45;.865;3600000;0
38129;1498;12;0;0;0;0;.00nan;0;0
38298;442;18;48;35;6;29;.829;3567100;0
38298;2395;21;0;0;0;0;.00nan;0;0
38298;2414;18;0;0;0;0;.00nan;0;0
38298;2562;21;85;43;4;39;.907;3600000;0
37961;229;279;68;35;4;31;.886;3680800;0
37961;435;24;0;0;0;0;.00nan;0;0
37961;2336;279;0;0;0;0;.00nan;0;0
37961;3394;24;54;30;5;25;.833;3680800;0
37904;644;9;7;13;6;7;.538;3600000;0
37904;852;9;0;0;0;0;.00nan;0;0
37904;1247;11;0;0;0;0;.00nan;0;0
37904;4776;11;64;20;2;18;.900;3600000;0
38755;145;280;0;0;0;0;.00nan;0;0
38755;432;15;47;23;4;19;.826;3600000;0
38755;510;15;0;0;0;0;.00nan;0;0
38755;964;280;99;32;1;31;.969;3600000;0
37877;671;20;71;27;3;24;.889;3600000;0
37877;961;0;0;0;0;0;.00nan;0;0
37877;1232;0;59;28;4;24;.857;3566750;0
37877;1427;20;0;0;0;0;.00nan;0;0
37863;1410;278;43;20;4;16;.800;3600000;0
37863;1412;5;52;32;5;27;.844;3570050;0
37863;2654;278;0;0;0;0;.00nan;0;0
37863;4354;5;0;0;0;0;.00nan;0;0
37933;523;3;64;20;2;18;.900;2425250;0
37933;1087;3;26;10;4;6;.600;1174750;0
37933;1381;10;39;30;6;24;.800;2070250;0
37933;1532;10;57;11;1;10;.909;1529750;0
37893;223;16;52;8;1;7;.875;627050;0
37893;252;16;32;33;7;26;.788;2972950;0
37893;2646;17;0;0;0;0;.00nan;0;0
37893;2721;17;87;14;0;14;1.000;3600000;0
37955;221;14;80;28;2;26;.929;3600000;0
37955;435;24;98;45;3;42;.933;3600000;0
37955;1258;14;0;0;0;0;.00nan;0;0
37955;3394;24;0;0;0;0;.00nan;0;0
37871;695;23;41;32;6;26;.813;3578400;0
37871;1215;23;0;0;0;0;.00nan;0;0
37871;2395;21;0;0;0;0;.00nan;0;0
37871;2562;21;90;46;4;42;.913;3600000;0
37873;868;22;46;33;6;27;.818;3543650;0
37873;1278;12;0;0;0;0;.00nan;0;0
37873;1498;12;74;41;5;36;.878;3600000;0
37873;4785;22;0;0;0;0;.00nan;0;0
37860;442;18;53;19;3;16;.842;3600000;0
37860;1410;278;0;0;0;0;.00nan;0;0
37860;2414;18;0;0;0;0;.00nan;0;0
37860;2654;278;64;37;5;32;.865;3554000;0
37867;1381;10;0;0;0;0;.00nan;0;0
37867;1412;5;79;38;4;34;.895;3600000;0
37867;1532;10;77;21;1;20;.952;3600000;0
37867;4354;5;0;0;0;0;.00nan;0;0
37944;221;14;0;0;0;0;.00nan;0;0
37944;679;19;41;25;5;20;.800;3600000;0
37944;1258;14;66;30;4;26;.867;3600000;0
37944;1476;19;0;0;0;0;.00nan;0;0
37881;1;25;80;36;3;33;.917;3600000;0
37881;1190;26;88;31;2;29;.935;3600000;0
37881;1271;25;0;0;0;0;.00nan;0;0
37881;2805;26;0;0;0;0;.00nan;0;0
37895;662;8;0;0;0;0;.00nan;0;0
37895;961;0;88;32;2;30;.938;3600000;0
37895;1151;8;70;34;4;30;.882;3578350;0
37895;1232;0;0;0;0;0;.00nan;0;0
38003;671;20;0;0;0;0;.00nan;0;0
38003;1247;11;32;9;3;6;.667;3600000;0
38003;1427;20;43;8;2;6;.750;3600000;0
38003;4776;11;0;0;0;0;.00nan;0;0
37909;432;15;0;0;0;0;.00nan;0;0
37909;510;15;66;25;3;22;.880;3600000;0
37909;644;9;64;37;5;32;.865;3600000;0
37909;852;9;0;0;0;0;.00nan;0;0
37886;223;16;98;50;4;46;.920;3900000;0
37886;252;16;0;0;0;0;.00nan;0;0
37886;523;3;43;21;4;17;.810;3900000;0
37886;1087;3;0;0;0;0;.00nan;0;0
37874;145;280;0;0;0;0;.00nan;0;0
37874;964;280;75;44;5;39;.886;3600000;0
37874;2395;21;95;37;2;35;.946;3600000;0
37874;2562;21;0;0;0;0;.00nan;0;0
37890;644;9;100;32;1;31;.969;3600000;0
37890;852;9;0;0;0;0;.00nan;0;0
37890;868;22;46;22;4;18;.818;3600000;0
37890;4785;22;0;0;0;0;.00nan;0;0
38781;662;8;0;0;0;0;.00nan;0;0
38781;1151;8;46;4;1;3;.750;3600000;0
38781;1247;11;46;11;2;9;.818;3600000;0
38781;4776;11;0;0;0;0;.00nan;0;0
38799;1247;11;32;9;3;6;.667;3600000;0
38799;1278;12;36;3;2;1;.333;3600000;0
38799;1498;12;0;0;0;0;.00nan;0;0
38799;4776;11;0;0;0;0;.00nan;0;0
38801;662;8;0;0;0;0;.00nan;0;0
38801;1151;8;86;26;1;25;.962;3600000;0
38801;1412;5;39;28;6;22;.786;3104400;0
38801;4354;5;34;4;2;2;.500;495600;0
38803;523;3;0;0;0;0;.00nan;0;0
38803;961;0;41;8;2;6;.750;889700;0
38803;1087;3;59;29;4;25;.862;3600000;0
38803;1232;0;41;31;6;25;.806;2710300;0
38805;223;16;77;30;3;27;.900;3600000;0
38805;252;16;0;0;0;0;.00nan;0;0
38805;671;20;89;46;4;42;.913;3600000;0
38805;4437;20;0;0;0;0;.00nan;0;0
38807;229;279;57;22;3;19;.864;3600000;0
38807;2336;279;0;0;0;0;.00nan;0;0
38807;2395;21;27;47;10;37;.787;3600000;0
38807;2562;21;0;0;0;0;.00nan;0;0
38809;235;23;86;31;2;29;.935;3600000;0
38809;644;9;49;28;5;23;.821;3600000;0
38809;695;23;0;0;0;0;.00nan;0;0
38809;852;9;0;0;0;0;.00nan;0;0
38811;1;25;71;52;7;45;.865;3639250;0
38811;432;15;36;28;6;22;.786;3639250;0
38811;510;15;0;0;0;0;.00nan;0;0
38811;4550;25;0;0;0;0;.00nan;0;0
38813;1474;14;0;0;0;0;.00nan;0;0
38813;2646;17;65;24;3;21;.875;3600000;0
38813;2721;17;0;0;0;0;.00nan;0;0
38813;4788;14;54;38;6;32;.842;3600000;0
38815;1190;26;45;32;6;26;.813;3600000;0
38815;1410;278;81;23;1;22;.957;3600000;0
38815;2654;278;0;0;0;0;.00nan;0;0
38815;2805;26;0;0;0;0;.00nan;0;0
38817;145;280;0;0;0;0;.00nan;0;0
38817;868;22;54;25;4;21;.840;3600000;0
38817;964;280;38;28;6;22;.786;3563050;0
38817;4785;22;0;0;0;0;.00nan;0;0
38819;435;24;86;42;4;38;.905;3593750;0
38819;898;10;0;0;0;0;.00nan;0;0
38819;1381;10;48;17;3;14;.824;3600000;0
38819;3394;24;0;0;0;0;.00nan;0;0
38821;442;18;34;28;6;22;.786;1831100;0
38821;679;19;44;20;4;16;.800;3600000;0
38821;688;18;48;11;2;9;.818;1768900;0
38821;1476;19;0;0;0;0;.00nan;0;0
38823;442;18;91;35;2;33;.943;3600000;0
38823;688;18;0;0;0;0;.00nan;0;0
38823;1412;5;100;35;1;34;.971;3600000;0
38823;4354;5;0;0;0;0;.00nan;0;0
38825;229;279;0;0;0;0;.00nan;0;0
38825;961;0;84;44;4;40;.909;3540350;0
38825;1232;0;0;0;0;0;.00nan;0;0
38825;2336;279;93;41;3;38;.927;3600000;0
38827;868;22;62;31;4;27;.871;3582000;0
38827;2646;17;0;0;0;0;.00nan;0;0
38827;2721;17;70;22;2;20;.909;3600000;0
38827;4785;22;0;0;0;0;.00nan;0;0
38829;223;16;0;0;0;0;.00nan;0;0
38829;252;16;66;36;5;31;.861;3600000;0
38829;644;9;30;24;6;18;.750;3540250;0
38829;852;9;0;0;0;0;.00nan;0;0
38831;235;23;0;0;0;0;.00nan;0;0
38831;695;23;16;6;4;2;.333;3530350;0
38831;1247;11;0;0;0;0;.00nan;0;0
38831;4776;11;45;9;2;7;.778;3600000;0
38833;145;280;88;34;2;32;.941;3542250;0
38833;964;280;0;0;0;0;.00nan;0;0
38833;1190;26;0;0;0;0;.00nan;0;0
38833;2805;26;100;37;1;36;.973;3600000;0
38835;679;19;52;13;2;11;.846;3600000;0
38835;1410;278;0;0;0;0;.00nan;0;0
38835;1476;19;0;0;0;0;.00nan;0;0
38835;2654;278;26;24;6;18;.750;3600000;0
38837;435;24;0;0;0;0;.00nan;0;0
38837;2395;21;0;0;0;0;.00nan;0;0
38837;2562;21;83;30;2;28;.933;3600000;0
38837;3394;24;80;47;5;42;.894;3600000;0
38839;671;20;0;0;0;0;.00nan;0;0
38839;1278;12;0;0;0;0;.00nan;0;0
38839;1498;12;73;35;4;31;.886;3600000;0
38839;4437;20;88;37;3;34;.919;3600000;0
38841;1;25;0;0;0;0;.00nan;0;0
38841;1474;14;0;0;0;0;.00nan;0;0
38841;4550;25;77;30;3;27;.900;3600000;0
38841;4788;14;75;38;4;34;.895;3600000;0
38843;432;15;56;26;4;22;.846;3666500;0
38843;510;15;0;0;0;0;.00nan;0;0
38843;898;10;50;16;3;13;.813;3666500;0
38843;1381;10;0;0;0;0;.00nan;0;0
38845;523;3;0;0;0;0;.00nan;0;0
38845;662;8;0;0;0;0;.00nan;0;0
38845;1087;3;61;25;3;22;.880;3819700;0
38845;1151;8;78;36;4;32;.889;3819700;0
38847;145;280;0;0;0;0;.00nan;0;0
38847;435;24;68;26;3;23;.885;3600000;0
38847;964;280;21;20;6;14;.700;3600000;0
38847;3394;24;0;0;0;0;.00nan;0;0
38849;679;19;39;18;4;14;.778;3900000;0
38849;898;10;0;0;0;0;.00nan;0;0
38849;1381;10;78;38;4;34;.895;3900000;0
38849;1476;19;0;0;0;0;.00nan;0;0
38851;1;25;49;36;6;30;.833;3600000;0
38851;868;22;70;22;2;20;.909;3600000;0
38851;4550;25;0;0;0;0;.00nan;0;0
38851;4785;22;0;0;0;0;.00nan;0;0
38853;662;8;0;0;0;0;.00nan;0;0
38853;1151;8;71;31;3;28;.903;3581300;0
38853;1190;26;66;20;2;18;.900;3600000;0
38853;2805;26;0;0;0;0;.00nan;0;0
38855;223;16;0;0;0;0;.00nan;0;0
38855;252;16;69;34;4;30;.882;3900000;0
38855;671;20;64;34;4;30;.882;3900000;0
38855;4437;20;0;0;0;0;.00nan;0;0
38857;644;9;68;22;2;20;.909;3600000;0
38857;852;9;0;0;0;0;.00nan;0;0
38857;1410;278;55;33;5;28;.848;3600000;0
38857;2654;278;0;0;0;0;.00nan;0;0
38859;432;15;66;26;3;23;.885;3600000;0
38859;510;15;0;0;0;0;.00nan;0;0
38859;523;3;0;0;0;0;.00nan;0;0
38859;1087;3;39;30;6;24;.800;3600000;0
38861;442;18;61;36;5;31;.861;3600000;0
38861;688;18;0;0;0;0;.00nan;0;0
38861;2646;17;0;0;0;0;.00nan;0;0
38861;2721;17;34;27;6;21;.778;3561000;0
38863;1278;12;62;28;4;24;.857;3600000;0
38863;1498;12;0;0;0;0;.00nan;0;0
38863;2395;21;0;0;0;0;.00nan;0;0
38863;2562;21;73;43;5;38;.884;3600000;0
38865;229;279;43;27;5;22;.815;3600000;0
38865;1474;14;0;0;0;0;.00nan;0;0
38865;2336;279;0;0;0;0;.00nan;0;0
38865;4788;14;67;33;4;29;.879;3600000;0
38867;235;23;69;31;4;27;.871;3539050;0
38867;695;23;0;0;0;0;.00nan;0;0
38867;961;0;0;0;0;0;.00nan;0;0
38867;1232;0;77;31;3;28;.903;3600000;0
38869;1247;11;43;9;2;7;.778;3600000;0
38869;1412;5;69;5;0;5;1.000;3600000;0
38869;4354;5;0;0;0;0;.00nan;0;0
38869;4776;11;0;0;0;0;.00nan;0;0
38871;229;279;0;0;0;0;.00nan;0;0
38871;1427;20;38;16;4;12;.750;1022550;0
38871;2336;279;49;23;4;19;.826;3600000;0
38871;4437;20;71;30;3;27;.900;2577450;0
38873;679;19;28;19;5;14;.737;3600000;0
38873;1476;19;0;0;0;0;.00nan;0;0
38873;2395;21;98;36;2;34;.944;3600000;0
38873;2562;21;0;0;0;0;.00nan;0;0
38875;442;18;66;38;5;33;.868;3541600;0
38875;688;18;0;0;0;0;.00nan;0;0
38875;1474;14;0;0;0;0;.00nan;0;0
38875;4788;14;100;52;3;49;.942;3600000;0
38877;1271;25;84;48;5;43;.896;3548650;0
38877;2646;17;64;26;3;23;.885;3600000;0
38877;2721;17;0;0;0;0;.00nan;0;0
38877;4550;25;0;0;0;0;.00nan;0;0
38879;435;24;0;0;0;0;.00nan;0;0
38879;662;8;0;0;0;0;.00nan;0;0
38879;1151;8;70;34;4;30;.882;3600000;0
38879;3394;24;50;36;6;30;.833;3591100;0
38881;695;23;0;0;0;0;.00nan;0;0
38881;1215;23;88;26;1;25;.962;3900000;0
38881;1410;278;95;32;1;31;.969;3900000;0
38881;4804;278;0;0;0;0;.00nan;0;0
38883;523;3;0;0;0;0;.00nan;0;0
38883;644;9;69;47;6;41;.872;3600000;0
38883;852;9;0;0;0;0;.00nan;0;0
38883;1087;3;59;34;5;29;.853;3600000;0
38885;223;16;39;28;6;22;.786;3210400;0
38885;252;16;62;8;0;8;1.000;346250;0
38885;868;22;39;22;5;17;.773;3600000;0
38885;4785;22;0;0;0;0;.00nan;0;0
38887;145;280;26;24;6;18;.750;2351850;0
38887;961;0;84;42;4;38;.905;3600000;0
38887;964;280;37;12;3;9;.750;1248150;0
38887;1232;0;0;0;0;0;.00nan;0;0
38889;1190;26;0;0;0;0;.00nan;0;0
38889;1412;5;77;26;2;24;.923;3600000;0
38889;2805;26;66;27;3;24;.889;3600000;0
38889;4354;5;0;0;0;0;.00nan;0;0
38891;898;10;0;0;0;0;.00nan;0;0
38891;1278;12;80;36;3;33;.917;3600000;0
38891;1381;10;79;24;2;22;.917;3600000;0
38891;1498;12;0;0;0;0;.00nan;0;0
38893;432;15;67;4;0;4;1.000;3600000;0
38893;510;15;0;0;0;0;.00nan;0;0
38893;1247;11;10;15;6;9;.600;2832250;0
38893;4776;11;17;7;4;3;.429;767750;0
38895;435;24;100;30;1;29;.967;3600000;0
38895;1410;278;0;0;0;0;.00nan;0;0
38895;3394;24;0;0;0;0;.00nan;0;0
38895;4804;278;61;24;3;21;.875;3531700;0
38897;442;18;28;25;6;19;.760;3600000;0
38897;688;18;0;0;0;0;.00nan;0;0
38897;2646;17;0;0;0;0;.00nan;0;0
38897;2721;17;86;26;1;25;.962;3600000;0
38899;229;279;71;17;1;16;.941;3600000;0
38899;1427;20;70;48;6;42;.875;3600000;0
38899;2336;279;0;0;0;0;.00nan;0;0
38899;4437;20;0;0;0;0;.00nan;0;0
38901;523;3;14;21;7;14;.667;2397500;0
38901;1087;3;60;12;1;11;.917;1181350;0
38901;2395;21;54;12;2;10;.833;1200300;0
38901;2562;21;57;33;5;28;.848;2399700;0
38903;223;16;0;0;0;0;.00nan;0;0
38903;252;16;69;40;5;35;.875;3567700;0
38903;432;15;63;31;4;27;.871;3600000;0
38903;510;15;0;0;0;0;.00nan;0;0
38905;644;9;57;29;4;25;.862;3600000;0
38905;679;19;77;27;2;25;.926;3600000;0
38905;852;9;0;0;0;0;.00nan;0;0
38905;1476;19;0;0;0;0;.00nan;0;0
38907;145;280;0;0;0;0;.00nan;0;0
38907;964;280;68;33;4;29;.879;3570150;0
38907;1190;26;100;39;2;37;.949;3600000;0
38907;2805;26;0;0;0;0;.00nan;0;0
38909;868;22;26;30;7;23;.767;3600000;0
38909;898;10;72;17;1;16;.941;3600000;0
38909;1381;10;0;0;0;0;.00nan;0;0
38909;4785;22;0;0;0;0;.00nan;0;0
38911;662;8;0;0;0;0;.00nan;0;0
38911;1151;8;47;3;1;2;.667;3600000;0
38911;1247;11;57;5;0;5;1.000;1007500;0
38911;4776;11;8;14;6;8;.571;2592500;0
38913;695;23;100;28;0;28;1.000;3600000;0
38913;1215;23;0;0;0;0;.00nan;0;0
38913;1278;12;0;0;0;0;.00nan;0;0
38913;1498;12;69;29;3;26;.897;3600000;0
38915;961;0;0;0;0;0;.00nan;0;0
38915;1232;0;59;34;5;29;.853;3600000;0
38915;1271;25;0;0;0;0;.00nan;0;0
38915;4550;25;59;40;6;34;.850;3600000;0
38917;1412;5;71;23;2;21;.913;3540300;0
38917;1474;14;100;49;1;48;.980;3600000;0
38917;4354;5;0;0;0;0;.00nan;0;0
38917;4788;14;0;0;0;0;.00nan;0;0
38919;229;279;0;0;0;0;.00nan;0;0
38919;868;22;17;25;7;18;.720;2018900;0
38919;2336;279;61;12;1;11;.917;3600000;0
38919;4785;22;52;8;1;7;.875;1581100;0
38921;961;0;0;0;0;0;.00nan;0;0
38921;1232;0;91;35;2;33;.943;3600000;0
38921;1278;12;48;33;6;27;.818;3043000;0
38921;1498;12;41;2;1;1;.500;557000;0
38923;695;23;48;24;4;20;.833;3514700;0
38923;1215;23;0;0;0;0;.00nan;0;0
38923;1427;20;79;32;3;29;.906;3600000;0
38923;4437;20;0;0;0;0;.00nan;0;0
38925;1271;25;64;23;3;20;.870;3600000;0
38925;1412;5;48;29;5;24;.828;3516950;0
38925;4354;5;0;0;0;0;.00nan;0;0
38925;4550;25;0;0;0;0;.00nan;0;0
38927;435;24;0;0;0;0;.00nan;0;0
38927;1247;11;41;13;3;10;.769;3600000;0
38927;3394;24;55;9;1;8;.889;3600000;0
38927;4776;11;0;0;0;0;.00nan;0;0
38929;523;3;0;0;0;0;.00nan;0;0
38929;1087;3;77;20;1;19;.950;3600000;0
38929;1190;26;66;10;0;10;1.000;1476700;0
38929;2805;26;35;28;6;22;.786;2123300;0
38931;662;8;0;0;0;0;.00nan;0;0
38931;1151;8;72;24;2;22;.917;3600000;0
38931;1410;278;66;28;3;25;.893;3570700;0
38931;4804;278;0;0;0;0;.00nan;0;0
38933;679;19;81;23;1;22;.957;3600000;0
38933;1476;19;0;0;0;0;.00nan;0;0
38933;2395;21;21;21;6;15;.714;2381650;0
38933;2562;21;13;10;5;5;.500;1218350;0
38935;898;10;0;0;0;0;.00nan;0;0
38935;1381;10;85;13;0;13;1.000;3600000;0
38935;1474;14;5;22;8;14;.636;3072050;0
38935;4788;14;30;8;3;5;.625;527950;0
38937;145;280;41;20;4;16;.800;3014800;0
38937;442;18;73;25;2;23;.920;3600000;0
38937;688;18;0;0;0;0;.00nan;0;0
38937;964;280;17;7;4;3;.429;585200;0
38939;432;15;70;30;3;27;.900;3579500;0
38939;510;15;0;0;0;0;.00nan;0;0
38939;2646;17;100;33;1;32;.970;3600000;0
38939;2721;17;0;0;0;0;.00nan;0;0
38941;223;16;0;0;0;0;.00nan;0;0
38941;252;16;84;30;2;28;.933;3600000;0
38941;644;9;30;23;6;17;.739;3162450;0
38941;852;9;52;2;0;2;1.000;437550;0
38943;432;15;81;29;2;27;.931;3600000;0
38943;510;15;0;0;0;0;.00nan;0;0
38943;2646;17;0;0;0;0;.00nan;0;0
38943;2721;17;36;28;6;22;.786;3600000;0
38945;442;18;96;19;0;19;1.000;3600000;0
38945;688;18;0;0;0;0;.00nan;0;0
38945;695;23;0;0;0;0;.00nan;0;0
38945;1215;23;25;35;8;27;.771;3600000;0
38947;1190;26;59;36;5;31;.861;3540250;0
38947;1412;5;75;35;4;31;.886;3600000;0
38947;2805;26;0;0;0;0;.00nan;0;0
38947;4354;5;0;0;0;0;.00nan;0;0
38949;644;9;71;17;1;16;.941;3600000;0
38949;852;9;0;0;0;0;.00nan;0;0
38949;1427;20;0;0;0;0;.00nan;0;0
38949;4437;20;91;47;4;43;.915;3600000;0
38951;145;280;0;0;0;0;.00nan;0;0
38951;964;280;75;19;1;18;.947;3600000;0
38951;1474;14;0;0;0;0;.00nan;0;0
38951;4788;14;81;41;4;37;.902;3600000;0
38953;223;16;21;21;6;15;.714;2114450;0
38953;252;16;71;10;0;10;1.000;1434850;0
38953;662;8;0;0;0;0;.00nan;0;0
38953;1151;8;64;32;4;28;.875;3600000;0
38955;523;3;25;23;6;17;.739;3600000;0
38955;679;19;75;25;2;23;.920;3600000;0
38955;1087;3;0;0;0;0;.00nan;0;0
38955;1476;19;0;0;0;0;.00nan;0;0
38957;1271;25;0;0;0;0;.00nan;0;0
38957;2395;21;0;0;0;0;.00nan;0;0
38957;2562;21;67;21;2;19;.905;3600000;0
38957;4550;25;68;33;4;29;.879;3513650;0
38959;868;22;70;33;4;29;.879;3600000;0
38959;1410;278;0;0;0;0;.00nan;0;0
38959;4785;22;0;0;0;0;.00nan;0;0
38959;4804;278;68;41;5;36;.878;3600000;0
38961;435;24;17;19;6;13;.684;2093250;0
38961;961;0;70;23;2;21;.913;3600000;0
38961;1232;0;0;0;0;0;.00nan;0;0
38961;3394;24;41;14;3;11;.786;1506750;0
38963;898;10;0;0;0;0;.00nan;0;0
38963;1247;11;0;0;0;0;.00nan;0;0
38963;1381;10;73;7;0;7;1.000;3600000;0
38963;4776;11;50;19;3;16;.842;3600000;0
38965;229;279;93;27;1;26;.963;3656150;0
38965;1278;12;0;0;0;0;.00nan;0;0
38965;1498;12;93;32;2;30;.938;3656150;0
38965;2336;279;0;0;0;0;.00nan;0;0
35113;1290;233;66;31;3;28;.903;3600000;0
35113;2107;233;0;0;0;0;.00nan;0;0
35113;4336;237;0;0;0;0;.00nan;0;0
35113;4551;237;72;41;4;37;.902;3574000;0
35116;2313;218;0;0;0;0;.00nan;0;0
35116;2722;222;100;45;1;44;.978;3600000;0
35116;2820;222;0;0;0;0;.00nan;0;0
35116;4788;218;78;24;2;22;.917;3556000;0
35112;821;226;0;0;0;0;.00nan;0;0
35112;4342;226;43;33;6;27;.818;3600000;0
35112;4364;214;75;20;1;19;.950;3600000;0
35112;4571;214;0;0;0;0;.00nan;0;0
35110;2223;216;70;37;4;33;.892;3600000;0
35110;4319;236;0;0;0;0;.00nan;0;0
35110;4550;236;66;14;1;13;.929;3600000;0
35110;4859;216;0;0;0;0;.00nan;0;0
35120;645;224;0;0;0;0;.00nan;0;0
35120;851;224;38;28;5;23;.821;3600000;0
35120;2722;222;68;24;2;22;.917;3600000;0
35120;2820;222;0;0;0;0;.00nan;0;0
35468;821;226;95;64;4;60;.938;3900000;0
35468;2223;216;43;21;4;17;.810;3900000;0
35468;4342;226;0;0;0;0;.00nan;0;0
35468;4859;216;0;0;0;0;.00nan;0;0
35111;1042;223;0;0;0;0;.00nan;0;0
35111;4336;237;0;0;0;0;.00nan;0;0
35111;4551;237;76;18;1;17;.944;3600000;0
35111;4798;223;62;33;3;30;.909;3555000;0
35115;2313;218;94;20;0;20;1.000;3600000;0
35115;4364;214;0;0;0;0;.00nan;0;0
35115;4571;214;76;40;3;37;.925;3600000;0
35115;4788;218;0;0;0;0;.00nan;0;0
35133;1290;233;70;19;1;18;.947;3600000;0
35133;2107;233;0;0;0;0;.00nan;0;0
35133;4319;236;0;0;0;0;.00nan;0;0
35133;4550;236;79;35;2;33;.943;3544000;0
35123;1290;233;80;22;1;21;.955;3600000;0
35123;2107;233;0;0;0;0;.00nan;0;0
35123;2313;218;44;35;5;30;.857;3600000;0
35123;4788;218;0;0;0;0;.00nan;0;0
35117;821;226;0;0;0;0;.00nan;0;0
35117;2722;222;81;32;1;31;.969;3600000;0
35117;2820;222;0;0;0;0;.00nan;0;0
35117;4342;226;52;27;4;23;.852;3600000;0
35125;645;224;69;32;3;29;.906;3590000;0
35125;851;224;0;0;0;0;.00nan;0;0
35125;2223;216;0;0;0;0;.00nan;0;0
35125;4859;216;60;25;2;23;.920;3600000;0
35119;4336;237;35;9;3;6;.667;1071000;0
35119;4364;214;74;13;0;13;1.000;1587000;0
35119;4551;237;37;28;6;22;.786;2529000;0
35119;4571;214;33;22;5;17;.773;2013000;0
35169;2313;218;0;0;0;0;.00nan;0;0
35169;4319;236;0;0;0;0;.00nan;0;0
35169;4550;236;58;17;2;15;.882;3600000;0
35169;4788;218;89;48;4;44;.917;3550000;0
35121;821;226;69;50;5;45;.900;3545000;0
35121;1042;223;0;0;0;0;.00nan;0;0
35121;4342;226;0;0;0;0;.00nan;0;0
35121;4798;223;50;18;3;15;.833;3600000;0
35130;645;224;50;27;5;22;.815;3900000;0
35130;851;224;0;0;0;0;.00nan;0;0
35130;2223;216;43;28;5;23;.821;3900000;0
35130;4859;216;0;0;0;0;.00nan;0;0
35122;1290;233;53;22;3;19;.864;3900000;0
35122;2107;233;0;0;0;0;.00nan;0;0
35122;2722;222;76;40;3;37;.925;3900000;0
35122;2820;222;0;0;0;0;.00nan;0;0
35118;1042;223;77;55;5;50;.909;3600000;0
35118;4336;237;0;0;0;0;.00nan;0;0
35118;4551;237;70;17;1;16;.941;3600000;0
35118;4798;223;0;0;0;0;.00nan;0;0
35136;1290;233;0;0;0;0;.00nan;0;0
35136;2107;233;58;26;3;23;.885;3600000;0
35136;4364;214;0;0;0;0;.00nan;0;0
35136;4571;214;60;40;5;35;.875;3521000;0
35208;253;216;27;24;5;19;.792;3563000;0
35208;821;226;0;0;0;0;.00nan;0;0
35208;2223;216;0;0;0;0;.00nan;0;0
35208;4342;226;60;36;4;32;.889;3600000;0
35143;248;224;62;28;4;24;.857;3600000;0
35143;645;224;0;0;0;0;.00nan;0;0
35143;935;236;91;30;2;28;.933;3600000;0
35143;3395;236;0;0;0;0;.00nan;0;0
35114;935;236;74;32;3;29;.906;3600000;0
35114;1403;222;0;0;0;0;.00nan;0;0
35114;2722;222;46;21;4;17;.810;3600000;0
35114;3395;236;0;0;0;0;.00nan;0;0
35132;2313;218;0;0;0;0;.00nan;0;0
35132;4364;214;51;33;5;28;.848;3572000;0
35132;4571;214;0;0;0;0;.00nan;0;0
35132;4788;218;56;18;3;15;.833;3600000;0
35124;45;237;48;14;2;12;.857;3578000;0
35124;51;223;99;51;1;50;.980;3600000;0
35124;1042;223;0;0;0;0;.00nan;0;0
35124;4551;237;0;0;0;0;.00nan;0;0
35489;51;223;73;27;2;25;.926;3600000;0
35489;821;226;0;0;0;0;.00nan;0;0
35489;1042;223;0;0;0;0;.00nan;0;0
35489;4342;226;76;38;3;35;.921;3600000;0
35203;248;224;0;0;0;0;.00nan;0;0
35203;645;224;100;28;0;28;1.000;3600000;0
35203;1290;233;97;34;1;33;.971;3548000;0
35203;2107;233;0;0;0;0;.00nan;0;0
35186;1290;233;0;0;0;0;.00nan;0;0
35186;2107;233;91;20;0;20;1.000;3600000;0
35186;2313;218;0;0;0;0;.00nan;0;0
35186;4788;218;35;29;5;24;.828;3600000;0
35149;253;216;67;20;1;19;.950;3600000;0
35149;1403;222;55;21;4;17;.810;3600000;0
35149;2223;216;0;0;0;0;.00nan;0;0
35149;2722;222;0;0;0;0;.00nan;0;0
35128;45;237;35;32;6;26;.813;3600000;0
35128;2313;218;78;28;2;26;.929;3600000;0
35128;4551;237;0;0;0;0;.00nan;0;0
35128;4788;218;0;0;0;0;.00nan;0;0
35151;248;224;59;5;0;5;1.000;332000;0
35151;645;224;33;36;7;29;.806;3268000;0
35151;935;236;54;24;3;21;.875;3600000;0
35151;3395;236;0;0;0;0;.00nan;0;0
35139;51;223;83;35;2;33;.943;3900000;0
35139;1042;223;0;0;0;0;.00nan;0;0
35139;4364;214;0;0;0;0;.00nan;0;0
35139;4571;214;99;46;2;44;.957;3900000;0
35135;821;226;0;0;0;0;.00nan;0;0
35135;1403;222;0;0;0;0;.00nan;0;0
35135;2722;222;71;25;2;23;.920;3600000;0
35135;4342;226;63;27;3;24;.889;3543000;0
35140;51;223;50;1;0;1;1.000;298000;0
35140;253;216;81;29;2;27;.931;3600000;0
35140;1042;223;52;43;6;37;.860;3302000;0
35140;2223;216;0;0;0;0;.00nan;0;0
35511;821;226;0;0;0;0;.00nan;0;0
35511;1290;233;52;17;2;15;.882;3600000;0
35511;2107;233;0;0;0;0;.00nan;0;0
35511;4342;226;77;35;3;32;.914;3531000;0
35513;248;224;0;0;0;0;.00nan;0;0
35513;253;216;79;24;1;23;.958;3600000;0
35513;645;224;51;38;5;33;.868;3600000;0
35513;2414;216;0;0;0;0;.00nan;0;0
35515;45;237;59;19;2;17;.895;3600000;0
35515;380;218;30;15;4;11;.733;749000;0
35515;1462;237;0;0;0;0;.00nan;0;0
35515;2313;218;74;16;0;16;1.000;2812000;0
35517;1403;222;0;0;0;0;.00nan;0;0
35517;2722;222;75;35;2;33;.943;3900000;0
35517;4364;214;90;45;2;43;.956;3900000;0
35517;4571;214;0;0;0;0;.00nan;0;0
35519;51;223;62;12;1;11;.917;1603000;0
35519;935;236;71;19;1;18;.947;3600000;0
35519;3395;236;0;0;0;0;.00nan;0;0
35519;4798;223;22;25;6;19;.760;1997000;0
35521;253;216;0;0;0;0;.00nan;0;0
35521;935;236;0;0;0;0;.00nan;0;0
35521;2414;216;87;29;1;28;.966;3600000;0
35521;3395;236;61;23;2;21;.913;3550000;0
35523;45;237;0;0;0;0;.00nan;0;0
35523;1462;237;63;17;1;16;.941;3600000;0
35523;4364;214;0;0;0;0;.00nan;0;0
35523;4571;214;48;43;7;36;.837;3600000;0
35525;51;223;38;14;3;11;.786;1328000;0
35525;1290;233;0;0;0;0;.00nan;0;0
35525;2107;233;78;27;2;25;.926;3600000;0
35525;4798;223;38;22;5;17;.773;2272000;0
35527;248;224;62;29;3;26;.897;3600000;0
35527;645;224;0;0;0;0;.00nan;0;0
35527;1403;222;50;33;5;28;.848;3574000;0
35527;2722;222;0;0;0;0;.00nan;0;0
35529;380;218;61;36;4;32;.889;3900000;0
35529;821;226;38;26;4;22;.846;3900000;0
35529;2313;218;0;0;0;0;.00nan;0;0
35529;4342;226;0;0;0;0;.00nan;0;0
35531;935;236;100;29;0;29;1.000;3600000;0
35531;1290;233;29;34;7;27;.794;2972000;0
35531;2107;233;46;6;1;5;.833;628000;0
35531;3395;236;0;0;0;0;.00nan;0;0
35533;45;237;59;20;2;18;.900;3600000;0
35533;1403;222;0;0;0;0;.00nan;0;0
35533;1462;237;0;0;0;0;.00nan;0;0
35533;2722;222;45;43;7;36;.837;3600000;0
35535;51;223;69;25;2;23;.920;1140000;0
35535;253;216;53;19;3;16;.842;3600000;0
35535;2414;216;0;0;0;0;.00nan;0;0
35535;4798;223;38;38;6;32;.842;2460000;0
35537;248;224;0;0;0;0;.00nan;0;0
35537;380;218;0;0;0;0;.00nan;0;0
35537;645;224;36;24;5;19;.792;3900000;0
35537;2313;218;43;34;5;29;.853;3900000;0
35539;821;226;0;0;0;0;.00nan;0;0
35539;4342;226;15;41;10;31;.756;3600000;0
35539;4364;214;93;18;0;18;1.000;3600000;0
35539;4571;214;0;0;0;0;.00nan;0;0
35541;253;216;100;25;0;25;1.000;3600000;0
35541;935;236;38;39;6;33;.846;3035000;0
35541;2414;216;0;0;0;0;.00nan;0;0
35541;3395;236;47;6;1;5;.833;565000;0
35543;248;224;0;0;0;0;.00nan;0;0
35543;380;218;73;44;4;40;.909;3584000;0
35543;645;224;61;23;2;21;.913;3600000;0
35543;2313;218;0;0;0;0;.00nan;0;0
35545;45;237;36;25;5;20;.800;3600000;0
35545;1290;233;100;51;2;49;.961;3600000;0
35545;1462;237;0;0;0;0;.00nan;0;0
35545;2107;233;0;0;0;0;.00nan;0;0
35547;51;223;0;0;0;0;.00nan;0;0
35547;821;226;0;0;0;0;.00nan;0;0
35547;4342;226;61;27;3;24;.889;3600000;0
35547;4798;223;60;28;4;24;.857;3553000;0
35549;1403;222;0;0;0;0;.00nan;0;0
35549;2722;222;64;25;2;23;.920;3600000;0
35549;4364;214;42;34;6;28;.824;3600000;0
35549;4571;214;0;0;0;0;.00nan;0;0
35551;45;237;0;0;0;0;.00nan;0;0
35551;821;226;64;30;3;27;.900;3900000;0
35551;1462;237;66;31;3;28;.903;3900000;0
35551;4342;226;0;0;0;0;.00nan;0;0
35553;248;224;72;41;5;36;.878;3600000;0
35553;645;224;0;0;0;0;.00nan;0;0
35553;1290;233;0;0;0;0;.00nan;0;0
35553;2107;233;59;21;2;19;.905;3600000;0
35555;380;218;0;0;0;0;.00nan;0;0
35555;1403;222;66;21;2;19;.905;3557000;0
35555;2313;218;84;30;1;29;.967;3600000;0
35555;2722;222;0;0;0;0;.00nan;0;0
35557;253;216;67;32;3;29;.906;3743000;0
35557;2414;216;0;0;0;0;.00nan;0;0
35557;4364;214;0;0;0;0;.00nan;0;0
35557;4571;214;67;35;4;31;.886;3743000;0
35559;51;223;89;46;3;43;.935;3655000;0
35559;935;236;0;0;0;0;.00nan;0;0
35559;3395;236;79;28;2;26;.929;3655000;0
35559;4798;223;0;0;0;0;.00nan;0;0
35561;253;216;66;37;4;33;.892;3900000;0
35561;935;236;62;41;4;37;.902;3900000;0
35561;2414;216;0;0;0;0;.00nan;0;0
35561;3395;236;0;0;0;0;.00nan;0;0
35563;248;224;0;0;0;0;.00nan;0;0
35563;380;218;96;38;2;36;.947;3600000;0
35563;645;224;7;25;7;18;.720;3600000;0
35563;2313;218;0;0;0;0;.00nan;0;0
35565;51;223;0;0;0;0;.00nan;0;0
35565;1290;233;35;26;5;21;.808;3586000;0
35565;2107;233;0;0;0;0;.00nan;0;0
35565;4798;223;65;29;3;26;.897;3600000;0
35567;1403;222;0;0;0;0;.00nan;0;0
35567;2722;222;58;19;2;17;.895;3600000;0
35567;4364;214;45;39;6;33;.846;2890000;0
35567;4571;214;52;2;0;2;1.000;710000;0
35569;45;237;60;24;3;21;.875;3543000;0
35569;821;226;0;0;0;0;.00nan;0;0
35569;1462;237;0;0;0;0;.00nan;0;0
35569;4342;226;83;31;2;29;.935;3600000;0
35571;51;223;60;29;4;25;.862;3514000;0
35571;4364;214;0;0;0;0;.00nan;0;0
35571;4571;214;73;28;2;26;.929;3600000;0
35571;4798;223;0;0;0;0;.00nan;0;0
35573;45;237;0;0;0;0;.00nan;0;0
35573;253;216;79;32;2;30;.938;3600000;0
35573;1462;237;25;19;5;14;.737;3600000;0
35573;2414;216;0;0;0;0;.00nan;0;0
35575;380;218;0;0;0;0;.00nan;0;0
35575;1290;233;0;0;0;0;.00nan;0;0
35575;2107;233;66;22;2;20;.909;3600000;0
35575;2313;218;77;36;3;33;.917;3600000;0
35577;248;224;97;55;4;51;.927;3600000;0
35577;645;224;0;0;0;0;.00nan;0;0
35577;1403;222;54;20;3;17;.850;3600000;0
35577;2722;222;0;0;0;0;.00nan;0;0
35579;821;226;71;40;4;36;.900;3599000;0
35579;935;236;0;0;0;0;.00nan;0;0
35579;3395;236;98;43;3;40;.930;3600000;0
35579;4342;226;0;0;0;0;.00nan;0;0
35591;174;300;0;0;0;0;.00nan;0;0
35591;687;299;0;0;0;0;.00nan;0;0
35591;1055;299;59;27;3;24;.889;3600000;0
35591;2780;300;50;38;5;33;.868;3600000;0
35667;1093;286;48;15;2;13;.867;1347000;0
35667;2000;293;20;10;4;6;.600;851000;0
35667;2430;286;16;20;6;14;.700;2208000;0
35667;2679;293;65;26;3;23;.885;2749000;0
35592;63;296;32;30;7;23;.767;3554000;0
35592;1222;296;0;0;0;0;.00nan;0;0
35592;1283;303;50;31;5;26;.839;3600000;0
35592;1813;303;0;0;0;0;.00nan;0;0
35613;155;295;42;28;5;23;.821;3900000;0
35613;594;294;0;0;0;0;.00nan;0;0
35613;2623;295;0;0;0;0;.00nan;0;0
35613;3398;294;67;43;5;38;.884;3900000;0
35607;1372;302;64;27;3;24;.889;3600000;0
35607;1819;285;0;0;0;0;.00nan;0;0
35607;2526;302;0;0;0;0;.00nan;0;0
35607;3293;285;45;26;4;22;.846;3546000;0
35597;271;289;0;0;0;0;.00nan;0;0
35597;2792;297;54;31;4;27;.871;3568000;0
35597;2810;289;55;26;3;23;.885;3600000;0
35597;5352;297;0;0;0;0;.00nan;0;0
35593;1234;292;0;0;0;0;.00nan;0;0
35593;2251;283;77;36;3;33;.917;3900000;0
35593;5071;283;0;0;0;0;.00nan;0;0
35593;5460;292;58;29;3;26;.897;3900000;0
35580;100;288;72;28;2;26;.929;3600000;0
35580;463;291;0;0;0;0;.00nan;0;0
35580;1959;288;0;0;0;0;.00nan;0;0
35580;3182;291;51;28;4;24;.857;3574000;0
35583;575;304;0;0;0;0;.00nan;0;0
35583;1088;287;0;0;0;0;.00nan;0;0
35583;1582;304;55;29;3;26;.897;3600000;0
35583;2516;287;37;33;6;27;.818;3600000;0
35637;159;284;0;0;0;0;.00nan;0;0
35637;496;305;100;25;0;25;1.000;3600000;0
35637;768;305;0;0;0;0;.00nan;0;0
35637;2264;284;71;40;4;36;.900;3600000;0
35585;472;301;0;0;0;0;.00nan;0;0
35585;1157;298;0;0;0;0;.00nan;0;0
35585;2441;298;94;35;2;33;.943;3600000;0
35585;2564;301;45;23;4;19;.826;3528000;0
35650;575;304;0;0;0;0;.00nan;0;0
35650;1372;302;36;21;4;17;.810;3900000;0
35650;1582;304;61;28;4;24;.857;3900000;0
35650;2526;302;0;0;0;0;.00nan;0;0
35582;100;288;73;33;3;30;.909;3600000;0
35582;1234;292;54;22;2;20;.909;2616000;0
35582;1959;288;0;0;0;0;.00nan;0;0
35582;5460;292;17;6;4;2;.333;984000;0
35581;463;291;68;21;1;20;.952;3600000;0
35581;1093;286;71;37;4;33;.892;3600000;0
35581;2430;286;0;0;0;0;.00nan;0;0
35581;3182;291;0;0;0;0;.00nan;0;0
35604;472;301;53;28;3;25;.893;3600000;0
35604;594;294;0;0;0;0;.00nan;0;0
35604;2564;301;0;0;0;0;.00nan;0;0
35604;3398;294;74;46;5;41;.891;3561000;0
35611;271;289;0;0;0;0;.00nan;0;0
35611;1283;303;46;5;1;4;.800;529000;0
35611;1813;303;22;26;6;20;.769;3071000;0
35611;2810;289;63;23;2;21;.913;3600000;0
35598;134;282;100;35;0;35;1.000;3600000;0
35598;2251;283;61;32;4;28;.875;3600000;0
35598;2381;282;0;0;0;0;.00nan;0;0
35598;5071;283;0;0;0;0;.00nan;0;0
35588;174;300;54;29;4;25;.862;3600000;0
35588;1819;285;0;0;0;0;.00nan;0;0
35588;2780;300;0;0;0;0;.00nan;0;0
35588;3293;285;49;39;6;33;.846;3600000;0
35952;1157;298;0;0;0;0;.00nan;0;0
35952;2441;298;81;26;1;25;.962;3600000;0
35952;2792;297;75;35;3;32;.914;3524000;0
35952;5352;297;0;0;0;0;.00nan;0;0
35584;496;305;69;31;3;28;.903;3600000;0
35584;768;305;0;0;0;0;.00nan;0;0
35584;1088;287;56;35;4;31;.886;3600000;0
35584;2516;287;0;0;0;0;.00nan;0;0
35640;155;295;72;35;2;33;.943;3600000;0
35640;687;299;0;0;0;0;.00nan;0;0
35640;1055;299;52;29;4;25;.862;3600000;0
35640;2623;295;0;0;0;0;.00nan;0;0
35676;245;290;0;0;0;0;.00nan;0;0
35676;2000;293;15;26;7;19;.731;2790000;0
35676;2347;290;58;27;3;24;.889;3600000;0
35676;2679;293;61;7;0;7;1.000;810000;0
35645;63;296;31;37;7;30;.811;3600000;0
35645;134;282;100;26;0;26;1.000;3600000;0
35645;1222;296;0;0;0;0;.00nan;0;0
35645;2381;282;0;0;0;0;.00nan;0;0
36013;155;295;0;0;0;0;.00nan;0;0
36013;159;284;30;24;6;18;.750;2218000;0
36013;2264;284;68;12;0;12;1.000;1301000;0
36013;2623;295;48;26;4;22;.846;3600000;0
35631;594;294;75;32;2;30;.938;3600000;0
35631;2000;293;0;0;0;0;.00nan;0;0
35631;2679;293;80;40;3;37;.925;3575000;0
35631;3398;294;0;0;0;0;.00nan;0;0
35621;271;289;0;0;0;0;.00nan;0;0
35621;1372;302;49;24;3;21;.875;3161000;0
35621;2526;302;25;6;3;3;.500;439000;0
35621;2810;289;74;29;2;27;.931;3600000;0
35641;575;304;23;30;6;24;.800;3600000;0
35641;1283;303;93;42;3;39;.929;3600000;0
35641;1582;304;0;0;0;0;.00nan;0;0
35641;1813;303;0;0;0;0;.00nan;0;0
35608;63;296;52;8;1;7;.875;574000;0
35608;1093;286;74;33;3;30;.909;3600000;0
35608;1222;296;18;30;7;23;.767;3026000;0
35608;2430;286;0;0;0;0;.00nan;0;0
35589;496;305;0;0;0;0;.00nan;0;0
35589;768;305;81;27;1;26;.963;3600000;0
35589;2251;283;29;19;5;14;.737;3600000;0
35589;5071;283;0;0;0;0;.00nan;0;0
35595;245;290;0;0;0;0;.00nan;0;0
35595;1088;287;80;39;3;36;.923;3900000;0
35595;2347;290;60;27;3;24;.889;3900000;0
35595;2516;287;0;0;0;0;.00nan;0;0
35594;174;300;30;30;6;24;.800;3580000;0
35594;472;301;0;0;0;0;.00nan;0;0
35594;2564;301;60;33;4;29;.879;3600000;0
35594;2780;300;0;0;0;0;.00nan;0;0
35586;100;288;72;30;3;27;.900;3656000;0
35586;687;299;67;34;4;30;.882;3656000;0
35586;1055;299;0;0;0;0;.00nan;0;0
35586;1959;288;0;0;0;0;.00nan;0;0
35587;463;291;51;23;3;20;.870;3712000;0
35587;1819;285;0;0;0;0;.00nan;0;0
35587;3182;291;0;0;0;0;.00nan;0;0
35587;3293;285;69;32;4;28;.875;3712000;0
35626;1088;287;79;37;2;35;.946;3900000;0
35626;1234;292;0;0;0;0;.00nan;0;0
35626;2516;287;0;0;0;0;.00nan;0;0
35626;5460;292;73;29;2;27;.931;3900000;0
35610;1093;286;63;40;5;35;.875;3600000;0
35610;1372;302;73;29;2;27;.931;3600000;0
35610;2430;286;0;0;0;0;.00nan;0;0
35610;2526;302;0;0;0;0;.00nan;0;0
35634;594;294;55;12;1;11;.917;782000;0
35634;2792;297;0;0;0;0;.00nan;0;0
35634;3398;294;12;19;6;13;.684;2748000;0
35634;5352;297;38;29;5;24;.828;3600000;0
35602;472;301;52;15;2;13;.867;3600000;0
35602;1819;285;55;37;5;32;.865;3600000;0
35602;2564;301;0;0;0;0;.00nan;0;0
35602;3293;285;0;0;0;0;.00nan;0;0
35609;1234;292;66;39;4;35;.897;3775000;0
35609;2000;293;0;0;0;0;.00nan;0;0
35609;2679;293;69;40;5;35;.875;3775000;0
35609;5460;292;0;0;0;0;.00nan;0;0
35590;100;288;50;34;5;29;.853;3600000;0
35590;1959;288;0;0;0;0;.00nan;0;0
35590;2251;283;55;17;2;15;.882;3600000;0
35590;5071;283;0;0;0;0;.00nan;0;0
35704;63;296;58;24;3;21;.875;3556000;0
35704;271;289;0;0;0;0;.00nan;0;0
35704;1222;296;0;0;0;0;.00nan;0;0
35704;2810;289;80;30;2;28;.933;3600000;0
35629;245;290;79;20;1;19;.950;3600000;0
35629;575;304;0;0;0;0;.00nan;0;0
35629;1582;304;80;28;2;26;.929;3585000;0
35629;2347;290;0;0;0;0;.00nan;0;0
35670;1283;303;0;0;0;0;.00nan;0;0
35670;1813;303;75;33;2;31;.939;3600000;0
35670;2792;297;95;44;3;41;.932;3592000;0
35670;5352;297;0;0;0;0;.00nan;0;0
35630;134;282;100;26;0;26;1.000;3600000;0
35630;496;305;22;11;4;7;.636;710000;0
35630;768;305;38;22;4;18;.818;2890000;0
35630;2381;282;0;0;0;0;.00nan;0;0
35599;463;291;64;28;3;25;.893;3600000;0
35599;687;299;0;0;0;0;.00nan;0;0
35599;1055;299;52;26;4;22;.846;3589000;0
35599;3182;291;0;0;0;0;.00nan;0;0
35596;174;300;63;30;4;26;.867;3600000;0
35596;1157;298;0;0;0;0;.00nan;0;0
35596;2441;298;89;34;1;33;.971;3600000;0
35596;2780;300;0;0;0;0;.00nan;0;0
35666;159;284;59;40;6;34;.850;3600000;0
35666;2251;283;0;0;0;0;.00nan;0;0
35666;2264;284;0;0;0;0;.00nan;0;0
35666;5071;283;23;19;5;14;.737;3600000;0
35622;1088;287;100;39;0;39;1.000;3900000;0
35622;1372;302;95;20;0;20;1.000;3900000;0
35622;2516;287;0;0;0;0;.00nan;0;0
35622;2526;302;0;0;0;0;.00nan;0;0
35605;100;288;0;0;0;0;.00nan;0;0
35605;1959;288;58;27;3;24;.889;3600000;0
35605;2000;293;32;23;5;18;.783;1978000;0
35605;2679;293;67;19;1;18;.947;1622000;0
35618;687;299;65;16;2;14;.875;3600000;0
35618;1055;299;0;0;0;0;.00nan;0;0
35618;1093;286;73;29;1;28;.966;3021000;0
35618;2430;286;31;11;3;8;.727;579000;0
35647;245;290;0;0;0;0;.00nan;0;0
35647;271;289;0;0;0;0;.00nan;0;0
35647;2347;290;87;14;0;14;1.000;3600000;0
35647;2810;289;57;44;6;38;.864;3600000;0
35663;575;304;50;19;3;16;.842;3600000;0
35663;1283;303;71;34;4;30;.882;3574000;0
35663;1582;304;0;0;0;0;.00nan;0;0
35663;1813;303;0;0;0;0;.00nan;0;0
35706;134;282;65;20;2;18;.900;3600000;0
35706;496;305;28;26;6;20;.769;3120000;0
35706;768;305;49;2;0;2;1.000;480000;0
35706;2381;282;0;0;0;0;.00nan;0;0
35603;463;291;99;49;3;46;.939;3600000;0
35603;1157;298;34;19;4;15;.789;3600000;0
35603;2441;298;0;0;0;0;.00nan;0;0
35603;3182;291;0;0;0;0;.00nan;0;0
35601;1819;285;0;0;0;0;.00nan;0;0
35601;2792;297;0;0;0;0;.00nan;0;0
35601;3293;285;48;26;4;22;.846;3600000;0
35601;5352;297;100;31;0;31;1.000;3600000;0
35679;155;295;32;20;4;16;.800;3569000;0
35679;1234;292;0;0;0;0;.00nan;0;0
35679;2623;295;0;0;0;0;.00nan;0;0
35679;5460;292;69;33;3;30;.909;3600000;0
35615;174;300;0;0;0;0;.00nan;0;0
35615;594;294;0;0;0;0;.00nan;0;0
35615;2780;300;67;22;2;20;.909;3600000;0
35615;3398;294;67;37;3;34;.919;3600000;0
35636;472;301;0;0;0;0;.00nan;0;0
35636;1372;302;71;30;2;28;.933;3600000;0
35636;2526;302;0;0;0;0;.00nan;0;0
35636;2564;301;40;21;4;17;.810;3542000;0
36504;1093;286;43;28;5;23;.821;3719000;0
36504;1283;303;47;36;6;30;.833;3719000;0
36504;1813;303;0;0;0;0;.00nan;0;0
36504;2430;286;0;0;0;0;.00nan;0;0
36499;271;289;84;35;2;33;.943;3600000;0
36499;575;304;0;0;0;0;.00nan;0;0
36499;1582;304;69;34;4;30;.882;3575000;0
36499;2810;289;0;0;0;0;.00nan;0;0
35620;159;284;68;22;2;20;.909;3600000;0
35620;1157;298;0;0;0;0;.00nan;0;0
35620;2264;284;0;0;0;0;.00nan;0;0
35620;2441;298;49;27;4;23;.852;3550000;0
36509;174;300;77;33;3;30;.909;3600000;0
36509;687;299;0;0;0;0;.00nan;0;0
36509;1055;299;46;25;4;21;.840;3585000;0
36509;2780;300;0;0;0;0;.00nan;0;0
36527;463;291;0;0;0;0;.00nan;0;0
36527;575;304;69;17;2;15;.882;3600000;0
36527;1582;304;0;0;0;0;.00nan;0;0
36527;3182;291;91;53;3;50;.943;3573000;0
35646;1088;287;87;29;2;27;.931;3600000;0
35646;1234;292;0;0;0;0;.00nan;0;0
35646;2516;287;0;0;0;0;.00nan;0;0
35646;5460;292;72;36;3;33;.917;3562000;0
35648;271;289;0;0;0;0;.00nan;0;0
35648;1819;285;0;0;0;0;.00nan;0;0
35648;2810;289;66;33;3;30;.909;3600000;0
35648;3293;285;43;29;5;24;.828;3526000;0
35654;245;290;0;0;0;0;.00nan;0;0
35654;2251;283;71;25;2;23;.920;3600000;0
35654;2347;290;49;37;5;32;.865;3600000;0
35654;5071;283;0;0;0;0;.00nan;0;0
35749;134;282;64;31;3;28;.903;3600000;0
35749;2000;293;99;26;0;26;1.000;3600000;0
35749;2381;282;0;0;0;0;.00nan;0;0
35749;2679;293;0;0;0;0;.00nan;0;0
35627;63;296;0;0;0;0;.00nan;0;0
35627;687;299;78;25;1;24;.960;3600000;0
35627;1055;299;0;0;0;0;.00nan;0;0
35627;1222;296;64;30;4;26;.867;3600000;0
35635;100;288;100;34;1;33;.971;3600000;0
35635;155;295;0;0;0;0;.00nan;0;0
35635;1959;288;0;0;0;0;.00nan;0;0
35635;2623;295;45;24;4;20;.833;3600000;0
35660;1819;285;54;28;3;25;.893;3600000;0
35660;2251;283;0;0;0;0;.00nan;0;0
35660;3293;285;0;0;0;0;.00nan;0;0
35660;5071;283;88;19;0;19;1.000;3600000;0
35723;155;295;38;27;5;22;.815;3566000;0
35723;159;284;67;33;4;29;.879;3600000;0
35723;2264;284;0;0;0;0;.00nan;0;0
35723;2623;295;0;0;0;0;.00nan;0;0
35600;463;291;56;46;6;40;.870;3600000;0
35600;2792;297;79;25;1;24;.960;3600000;0
35600;3182;291;0;0;0;0;.00nan;0;0
35600;5352;297;0;0;0;0;.00nan;0;0
35639;1093;286;0;0;0;0;.00nan;0;0
35639;1234;292;53;20;2;18;.900;3600000;0
35639;2430;286;59;31;4;27;.871;3526000;0
35639;5460;292;0;0;0;0;.00nan;0;0
35616;174;300;55;16;2;14;.875;3600000;0
35616;245;290;69;42;4;38;.905;3591000;0
35616;2347;290;0;0;0;0;.00nan;0;0
35616;2780;300;0;0;0;0;.00nan;0;0
35633;134;282;0;0;0;0;.00nan;0;0
35633;1157;298;0;0;0;0;.00nan;0;0
35633;2381;282;79;29;2;27;.931;3600000;0
35633;2441;298;62;36;3;33;.917;3556000;0
35612;100;288;76;29;1;28;.966;3141000;0
35612;1283;303;0;0;0;0;.00nan;0;0
35612;1813;303;89;31;1;30;.968;3600000;0
35612;1959;288;28;9;3;6;.667;459000;0
35649;63;296;95;48;3;45;.938;3600000;0
35649;1222;296;0;0;0;0;.00nan;0;0
35649;1372;302;72;8;0;8;1.000;3600000;0
35649;2526;302;0;0;0;0;.00nan;0;0
35643;472;301;0;0;0;0;.00nan;0;0
35643;1088;287;12;28;7;21;.750;3220000;0
35643;2516;287;52;3;0;3;1.000;312000;0
35643;2564;301;53;31;5;26;.839;3600000;0
36535;271;289;0;0;0;0;.00nan;0;0
36535;2000;293;28;27;5;22;.815;3582000;0
36535;2679;293;0;0;0;0;.00nan;0;0
36535;2810;289;72;33;3;30;.909;3600000;0
35638;575;304;61;13;1;12;.923;3300000;0
35638;594;294;0;0;0;0;.00nan;0;0
35638;1582;304;27;10;3;7;.700;260000;0
35638;3398;294;53;24;3;21;.875;3600000;0
35624;1283;303;79;36;3;33;.917;3569000;0
35624;1372;302;73;21;1;20;.952;3600000;0
35624;1813;303;0;0;0;0;.00nan;0;0
35624;2526;302;0;0;0;0;.00nan;0;0
36541;472;301;0;0;0;0;.00nan;0;0
36541;2000;293;0;0;0;0;.00nan;0;0
36541;2564;301;65;18;2;16;.889;3600000;0
36541;2679;293;82;47;4;43;.915;3596000;0
36543;575;304;80;40;3;37;.925;3552000;0
36543;1157;298;0;0;0;0;.00nan;0;0
36543;1582;304;0;0;0;0;.00nan;0;0
36543;2441;298;72;31;2;29;.935;3600000;0
36545;134;282;0;0;0;0;.00nan;0;0
36545;1283;303;65;39;4;35;.897;3600000;0
36545;1813;303;0;0;0;0;.00nan;0;0
36545;2381;282;59;14;1;13;.929;3600000;0
36547;496;305;59;30;3;27;.900;3600000;0
36547;768;305;0;0;0;0;.00nan;0;0
36547;1088;287;71;24;2;22;.917;3600000;0
36547;2516;287;0;0;0;0;.00nan;0;0
36549;594;294;0;0;0;0;.00nan;0;0
36549;1093;286;76;33;2;31;.939;3600000;0
36549;2430;286;0;0;0;0;.00nan;0;0
36549;3398;294;52;23;3;20;.870;3600000;0
36551;100;288;0;0;0;0;.00nan;0;0
36551;155;295;0;0;0;0;.00nan;0;0
36551;1959;288;71;34;3;31;.912;3600000;0
36551;2623;295;60;28;4;24;.857;3550000;0
36553;174;300;31;19;4;15;.789;3600000;0
36553;1234;292;0;0;0;0;.00nan;0;0
36553;2780;300;0;0;0;0;.00nan;0;0
36553;5460;292;90;33;1;32;.970;3600000;0
36555;463;291;78;38;3;35;.921;3555000;0
36555;2251;283;83;26;2;24;.923;3600000;0
36555;3182;291;0;0;0;0;.00nan;0;0
36555;5071;283;0;0;0;0;.00nan;0;0
36557;63;296;72;31;3;28;.903;3900000;0
36557;687;299;0;0;0;0;.00nan;0;0
36557;1055;299;62;29;3;26;.897;3900000;0
36557;1222;296;0;0;0;0;.00nan;0;0
36559;245;290;73;46;4;42;.913;3512000;0
36559;1372;302;69;27;2;25;.926;3600000;0
36559;2347;290;0;0;0;0;.00nan;0;0
36559;2526;302;0;0;0;0;.00nan;0;0
36561;271;289;0;0;0;0;.00nan;0;0
36561;2792;297;50;2;0;2;1.000;317000;0
36561;2810;289;72;32;3;29;.906;3600000;0
36561;5352;297;48;39;6;33;.846;3283000;0
36563;159;284;84;52;5;47;.904;3807000;0
36563;1819;285;0;0;0;0;.00nan;0;0
36563;2264;284;0;0;0;0;.00nan;0;0
36563;3293;285;55;41;6;35;.854;3807000;0
36565;134;282;85;35;2;33;.943;3600000;0
36565;1372;302;0;0;0;0;.00nan;0;0
36565;2381;282;0;0;0;0;.00nan;0;0
36565;2526;302;51;25;3;22;.880;3560000;0
36567;174;300;55;5;0;5;1.000;954000;0
36567;472;301;37;22;5;17;.773;3600000;0
36567;2564;301;0;0;0;0;.00nan;0;0
36567;2780;300;1;26;9;17;.654;2646000;0
36569;463;291;60;6;0;6;1.000;326000;0
36569;1819;285;62;21;2;19;.905;3600000;0
36569;3182;291;29;33;6;27;.818;3274000;0
36569;3293;285;0;0;0;0;.00nan;0;0
36571;63;296;0;0;0;0;.00nan;0;0
36571;496;305;0;0;0;0;.00nan;0;0
36571;768;305;58;33;3;30;.909;3543000;0
36571;1222;296;87;37;2;35;.946;3600000;0
36573;594;294;81;36;3;33;.917;3680000;0
36573;1283;303;0;0;0;0;.00nan;0;0
36573;1813;303;60;23;2;21;.913;3680000;0
36573;3398;294;0;0;0;0;.00nan;0;0
36575;100;288;54;17;2;15;.882;3600000;0
36575;1959;288;0;0;0;0;.00nan;0;0
36575;2792;297;29;8;3;5;.625;491000;0
36575;5352;297;54;33;4;29;.879;3109000;0
36577;575;304;0;0;0;0;.00nan;0;0
36577;1582;304;80;50;5;45;.900;3829000;0
36577;2251;283;0;0;0;0;.00nan;0;0
36577;5071;283;47;24;4;20;.833;3829000;0
36579;1088;287;0;0;0;0;.00nan;0;0
36579;2000;293;81;32;2;30;.938;3600000;0
36579;2516;287;52;26;4;22;.846;3548000;0
36579;2679;293;0;0;0;0;.00nan;0;0
36581;155;295;57;22;3;19;.864;3545000;0
36581;245;290;0;0;0;0;.00nan;0;0
36581;2347;290;77;29;2;27;.931;3600000;0
36581;2623;295;0;0;0;0;.00nan;0;0
36583;687;299;56;21;2;19;.905;3600000;0
36583;1055;299;0;0;0;0;.00nan;0;0
36583;1093;286;0;0;0;0;.00nan;0;0
36583;2430;286;43;33;6;27;.818;3600000;0
36585;1157;298;85;27;1;26;.963;3600000;0
36585;1234;292;66;23;2;21;.913;3600000;0
36585;2441;298;0;0;0;0;.00nan;0;0
36585;5460;292;0;0;0;0;.00nan;0;0
36587;159;284;0;0;0;0;.00nan;0;0
36587;271;289;76;39;3;36;.923;3574000;0
36587;2264;284;82;34;2;32;.941;3600000;0
36587;2810;289;0;0;0;0;.00nan;0;0
36589;1234;292;51;8;1;7;.875;465000;0
36589;2000;293;0;0;0;0;.00nan;0;0
36589;2679;293;78;27;2;25;.926;3600000;0
36589;5460;292;27;27;6;21;.778;3135000;0
36591;155;295;57;36;4;32;.889;3900000;0
36591;271;289;0;0;0;0;.00nan;0;0
36591;2623;295;0;0;0;0;.00nan;0;0
36591;2810;289;63;38;4;34;.895;3900000;0
36593;472;301;0;0;0;0;.00nan;0;0
36593;1157;298;0;0;0;0;.00nan;0;0
36593;2441;298;81;36;3;33;.917;3600000;0
36593;2564;301;100;26;0;26;1.000;3600000;0
36595;575;304;0;0;0;0;.00nan;0;0
36595;594;294;95;37;2;35;.946;3600000;0
36595;1582;304;59;25;3;22;.880;3547000;0
36595;3398;294;0;0;0;0;.00nan;0;0
36597;63;296;77;25;1;24;.960;3900000;0
36597;174;300;0;0;0;0;.00nan;0;0
36597;1222;296;0;0;0;0;.00nan;0;0
36597;2780;300;93;34;1;33;.971;3900000;0
36599;134;282;49;20;3;17;.850;3900000;0
36599;687;299;0;0;0;0;.00nan;0;0
36599;1055;299;71;36;3;33;.917;3900000;0
36599;2381;282;0;0;0;0;.00nan;0;0
36601;1093;286;26;19;5;14;.737;3562000;0
36601;1372;302;0;0;0;0;.00nan;0;0
36601;2430;286;0;0;0;0;.00nan;0;0
36601;2526;302;75;33;2;31;.939;3600000;0
36603;159;284;71;25;2;23;.920;3900000;0
36603;1088;287;74;31;2;29;.935;3900000;0
36603;2264;284;0;0;0;0;.00nan;0;0
36603;2516;287;0;0;0;0;.00nan;0;0
36605;100;288;42;27;5;22;.815;3600000;0
36605;1819;285;0;0;0;0;.00nan;0;0
36605;1959;288;0;0;0;0;.00nan;0;0
36605;3293;285;97;48;2;46;.958;3600000;0
36607;245;290;0;0;0;0;.00nan;0;0
36607;463;291;95;33;1;32;.970;3600000;0
36607;2347;290;59;26;3;23;.885;3553000;0
36607;3182;291;0;0;0;0;.00nan;0;0
36609;496;305;61;19;2;17;.895;3600000;0
36609;768;305;0;0;0;0;.00nan;0;0
36609;2251;283;24;12;4;8;.667;691000;0
36609;5071;283;47;25;4;21;.840;2909000;0
36611;1283;303;54;33;5;28;.848;3560000;0
36611;1813;303;0;0;0;0;.00nan;0;0
36611;2792;297;0;0;0;0;.00nan;0;0
36611;5352;297;57;31;4;27;.871;3600000;0
36613;496;305;0;0;0;0;.00nan;0;0
36613;768;305;45;22;4;18;.818;3900000;0
36613;1234;292;0;0;0;0;.00nan;0;0
36613;5460;292;68;33;4;29;.879;3900000;0
36615;271;289;0;0;0;0;.00nan;0;0
36615;463;291;76;46;4;42;.913;3600000;0
36615;2810;289;54;25;3;22;.880;3600000;0
36615;3182;291;0;0;0;0;.00nan;0;0
36617;100;288;65;23;2;21;.913;3600000;0
36617;1283;303;0;0;0;0;.00nan;0;0
36617;1813;303;48;32;5;27;.844;3600000;0
36617;1959;288;0;0;0;0;.00nan;0;0
36619;155;295;0;0;0;0;.00nan;0;0
36619;1093;286;19;18;6;12;.667;2192000;0
36619;2430;286;76;17;0;17;1.000;1408000;0
36619;2623;295;70;20;1;19;.950;3600000;0
36621;174;300;50;31;4;27;.871;3581000;0
36621;245;290;78;33;3;30;.909;3600000;0
36621;2347;290;0;0;0;0;.00nan;0;0
36621;2780;300;0;0;0;0;.00nan;0;0
36623;2251;283;47;29;5;24;.828;3600000;0
36623;2792;297;54;44;6;38;.864;3600000;0
36623;5071;283;0;0;0;0;.00nan;0;0
36623;5352;297;0;0;0;0;.00nan;0;0
36625;1088;287;75;26;2;24;.923;3600000;0
36625;1157;298;58;6;0;6;1.000;1617000;0
36625;2441;298;32;31;6;25;.806;1983000;0
36625;2516;287;0;0;0;0;.00nan;0;0
36627;575;304;56;16;2;14;.875;3600000;0
36627;1372;302;49;29;4;25;.862;3594000;0
36627;1582;304;0;0;0;0;.00nan;0;0
36627;2526;302;0;0;0;0;.00nan;0;0
36629;134;282;61;27;3;24;.889;3551000;0
36629;1819;285;0;0;0;0;.00nan;0;0
36629;2381;282;0;0;0;0;.00nan;0;0
36629;3293;285;85;33;2;31;.939;3600000;0
36631;594;294;0;0;0;0;.00nan;0;0
36631;687;299;0;0;0;0;.00nan;0;0
36631;1055;299;84;23;2;21;.913;3600000;0
36631;3398;294;66;43;5;38;.884;3600000;0
36633;159;284;52;39;6;33;.846;2809000;0
36633;472;301;0;0;0;0;.00nan;0;0
36633;2264;284;34;6;2;4;.667;791000;0
36633;2564;301;66;17;1;16;.941;3600000;0
36635;63;296;0;0;0;0;.00nan;0;0
36635;1222;296;60;35;5;30;.857;3600000;0
36635;2000;293;0;0;0;0;.00nan;0;0
36635;2679;293;60;23;2;21;.913;3600000;0
36637;1234;292;99;28;1;27;.964;3600000;0
36637;2792;297;0;0;0;0;.00nan;0;0
36637;5352;297;66;30;3;27;.900;3582000;0
36637;5460;292;0;0;0;0;.00nan;0;0
36639;1088;287;0;0;0;0;.00nan;0;0
36639;1093;286;0;0;0;0;.00nan;0;0
36639;2430;286;88;48;4;44;.917;3688000;0
36639;2516;287;57;30;5;25;.833;3688000;0
36641;463;291;0;0;0;0;.00nan;0;0
36641;1372;302;0;0;0;0;.00nan;0;0
36641;2526;302;38;15;3;12;.800;3549000;0
36641;3182;291;71;27;2;25;.926;3600000;0
36643;496;305;22;11;4;7;.636;929000;0
36643;768;305;59;15;1;14;.933;2671000;0
36643;1283;303;76;23;1;22;.957;3600000;0
36643;1813;303;0;0;0;0;.00nan;0;0
36645;100;288;75;24;1;23;.958;1744000;0
36645;687;299;57;31;4;27;.871;3758000;0
36645;1055;299;0;0;0;0;.00nan;0;0
36645;1959;288;35;22;4;18;.818;2014000;0
36647;134;282;0;0;0;0;.00nan;0;0
36647;245;290;0;0;0;0;.00nan;0;0
36647;2347;290;68;44;5;39;.886;3900000;0
36647;2381;282;31;25;5;20;.800;3900000;0
36649;271;289;27;29;6;23;.793;1939000;0
36649;594;294;57;32;4;28;.875;3600000;0
36649;2810;289;43;12;2;10;.833;1661000;0
36649;3398;294;0;0;0;0;.00nan;0;0
36651;472;301;41;19;4;15;.789;3600000;0
36651;2000;293;96;45;3;42;.933;3600000;0
36651;2564;301;0;0;0;0;.00nan;0;0
36651;2679;293;0;0;0;0;.00nan;0;0
36653;174;300;0;0;0;0;.00nan;0;0
36653;575;304;62;14;1;13;.929;1237000;0
36653;1582;304;38;22;4;18;.818;2313000;0
36653;2780;300;48;17;3;14;.824;3600000;0
36655;63;296;55;29;4;25;.862;3600000;0
36655;1157;298;66;18;1;17;.944;1552000;0
36655;1222;296;0;0;0;0;.00nan;0;0
36655;2441;298;23;21;6;15;.714;2048000;0
36657;155;295;87;33;1;32;.970;3600000;0
36657;2251;283;0;0;0;0;.00nan;0;0
36657;2623;295;0;0;0;0;.00nan;0;0
36657;5071;283;30;24;5;19;.792;3600000;0
36659;159;284;0;0;0;0;.00nan;0;0
36659;1819;285;70;25;2;23;.920;3600000;0
36659;2264;284;91;48;4;44;.917;3585000;0
36659;3293;285;0;0;0;0;.00nan;0;0
36661;245;290;64;24;2;22;.917;3600000;0
36661;594;294;43;24;4;20;.833;1661000;0
36661;2347;290;0;0;0;0;.00nan;0;0
36661;3398;294;31;30;6;24;.800;1939000;0
36663;496;305;71;30;4;26;.867;3600000;0
36663;768;305;0;0;0;0;.00nan;0;0
36663;1157;298;12;18;6;12;.667;3169000;0
36663;2441;298;51;2;0;2;1.000;429000;0
36665;63;296;0;0;0;0;.00nan;0;0
36665;1222;296;36;33;6;27;.818;3520000;0
36665;2792;297;56;33;4;29;.879;3600000;0
36665;5352;297;0;0;0;0;.00nan;0;0
36667;1234;292;0;0;0;0;.00nan;0;0
36667;1372;302;45;20;3;17;.850;3600000;0
36667;2526;302;0;0;0;0;.00nan;0;0
36667;5460;292;48;41;6;35;.854;3600000;0
36669;134;282;45;16;3;13;.813;3600000;0
36669;463;291;49;33;4;29;.879;3550000;0
36669;2381;282;0;0;0;0;.00nan;0;0
36669;3182;291;0;0;0;0;.00nan;0;0
36671;155;295;0;0;0;0;.00nan;0;0
36671;575;304;55;24;3;21;.875;3576000;0
36671;1582;304;0;0;0;0;.00nan;0;0
36671;2623;295;88;31;1;30;.968;3600000;0
36673;1093;286;43;24;5;19;.792;3560000;0
36673;1283;303;76;40;4;36;.900;3600000;0
36673;1813;303;0;0;0;0;.00nan;0;0
36673;2430;286;0;0;0;0;.00nan;0;0
36675;1088;287;56;30;4;26;.867;3600000;0
36675;2251;283;10;18;6;12;.667;3517000;0
36675;2516;287;0;0;0;0;.00nan;0;0
36675;5071;283;0;0;0;0;.00nan;0;0
36677;100;288;55;38;6;32;.842;3600000;0
36677;1959;288;0;0;0;0;.00nan;0;0
36677;2000;293;77;34;3;31;.912;3600000;0
36677;2679;293;0;0;0;0;.00nan;0;0
36679;271;289;0;0;0;0;.00nan;0;0
36679;472;301;0;0;0;0;.00nan;0;0
36679;2564;301;23;21;5;16;.762;3600000;0
36679;2810;289;100;31;0;31;1.000;3600000;0
36681;159;284;35;25;5;20;.800;2592000;0
36681;687;299;0;0;0;0;.00nan;0;0
36681;1055;299;61;28;3;25;.893;3600000;0
36681;2264;284;27;12;4;8;.667;1008000;0
36683;174;300;0;0;0;0;.00nan;0;0
36683;1819;285;0;0;0;0;.00nan;0;0
36683;2780;300;57;26;3;23;.885;3577000;0
36683;3293;285;94;32;2;30;.938;3600000;0
36685;174;300;35;24;5;19;.792;3600000;0
36685;463;291;0;0;0;0;.00nan;0;0
36685;2780;300;0;0;0;0;.00nan;0;0
36685;3182;291;95;35;1;34;.971;3600000;0
36687;496;305;0;0;0;0;.00nan;0;0
36687;768;305;72;26;2;24;.923;3600000;0
36687;1819;285;22;34;7;27;.794;3600000;0
36687;3293;285;0;0;0;0;.00nan;0;0
36689;1283;303;0;0;0;0;.00nan;0;0
36689;1813;303;88;42;3;39;.929;3561000;0
36689;2251;283;0;0;0;0;.00nan;0;0
36689;5071;283;46;14;2;12;.857;3600000;0
36691;271;289;0;0;0;0;.00nan;0;0
36691;575;304;0;0;0;0;.00nan;0;0
36691;1582;304;91;35;2;33;.943;3600000;0
36691;2810;289;33;37;7;30;.811;3600000;0
36693;245;290;0;0;0;0;.00nan;0;0
36693;2000;293;0;0;0;0;.00nan;0;0
36693;2347;290;41;30;6;24;.800;3600000;0
36693;2679;293;61;28;3;25;.893;3600000;0
36695;134;282;0;0;0;0;.00nan;0;0
36695;1234;292;53;28;4;24;.857;3587000;0
36695;2381;282;76;27;2;25;.926;3600000;0
36695;5460;292;0;0;0;0;.00nan;0;0
36697;159;284;0;0;0;0;.00nan;0;0
36697;472;301;75;20;1;19;.950;3600000;0
36697;2264;284;69;34;3;31;.912;3551000;0
36697;2564;301;0;0;0;0;.00nan;0;0
36699;63;296;95;43;3;40;.930;3542000;0
36699;1222;296;0;0;0;0;.00nan;0;0
36699;1372;302;0;0;0;0;.00nan;0;0
36699;2526;302;88;27;1;26;.963;3600000;0
36701;687;299;71;21;1;20;.952;3600000;0
36701;1055;299;0;0;0;0;.00nan;0;0
36701;1157;298;0;0;0;0;.00nan;0;0
36701;2441;298;65;27;3;24;.889;3538000;0
36703;594;294;0;0;0;0;.00nan;0;0
36703;2792;297;0;0;0;0;.00nan;0;0
36703;3398;294;63;32;3;29;.906;3600000;0
36703;5352;297;62;21;2;19;.905;3600000;0
36705;1088;287;0;0;0;0;.00nan;0;0
36705;1093;286;0;0;0;0;.00nan;0;0
36705;2430;286;72;31;2;29;.935;3549000;0
36705;2516;287;100;24;0;24;1.000;3600000;0
36707;100;288;0;0;0;0;.00nan;0;0
36707;155;295;64;25;3;22;.880;3600000;0
36707;1959;288;57;38;5;33;.868;3600000;0
36707;2623;295;0;0;0;0;.00nan;0;0
