DraftId;PlayerId
0;17390
0;17409
0;17342
0;17301
0;17325
0;17345
0;17335
0;17368
0;17437
0;17326
0;17374
0;17395
0;17318
0;17447
0;17468
0;17451
0;17445
0;17302
0;17321
0;17361
0;17491
0;17391
0;17474
0;17412
0;17383
0;17354
0;17370
0;17426
0;17332
0;17329
0;17443
0;17363
0;17487
0;17428
0;17311
0;17410
0;17433
0;17469
0;17392
0;17343
0;17401
0;17337
0;17404
0;17362
0;17452
0;17455
0;17429
0;17436
0;17372
0;17371
0;17448
0;17453
0;17463
0;17351
0;17340
0;17382
0;17416
0;17378
0;17490
0;17373
0;17338
0;17484
0;17397
0;17406
0;17415
0;17367
0;17398
0;17308
0;17333
0;17315
0;17387
0;17483
0;17385
0;17304
0;17386
0;17424
0;17360
0;17380
0;17472
0;17306
0;17366
0;17480
0;17461
0;17430
0;17482
0;17441
0;17466
0;17356
0;17357
0;17423
0;17320
0;17439
0;17365
0;17359
0;17449
0;17364
0;17435
0;17417
0;17394
0;17464
0;17481
0;17467
0;17407
0;17414
0;17375
0;17465
0;17438
0;17305
0;17396
0;17440
0;17446
0;17405
0;17334
0;17418
0;17477
0;17328
0;17402
0;17431
0;17317
0;17420
0;17389
0;17324
0;17471
0;17350
0;17369
0;17377
0;17470
0;17486
0;17434
0;17319
0;17339
0;17488
0;17411
0;17346
0;17425
0;17473
0;17353
0;17381
0;17403
0;17344
0;17393
0;17349
0;17460
0;17475
0;17323
0;17330
0;17376
0;17462
0;17358
0;17442
0;17408
0;17476
0;17388
0;17348
0;17322
0;17454
0;17459
0;17307
0;17314
0;17303
0;17450
0;17327
0;17309
0;17485
0;17352
0;17458
0;17478
0;17422
0;17379
0;17457
0;17313
0;17456
0;17432
0;17413
0;17419
0;17384
0;17355
0;17312
0;17400
0;17427
0;17479
0;17331
0;17341
0;17316
0;17336
0;17399
0;17492
0;17489
0;17347
0;17310
0;17444
0;17421
1;17507
1;17650
1;17676
1;17604
1;17555
1;17649
1;17669
1;17510
1;17586
1;17544
1;17631
1;17624
1;17531
1;17558
1;17627
1;17654
1;17569
1;17609
1;17622
1;17505
1;17511
1;17684
1;17661
1;17564
1;17521
1;17648
1;17525
1;17600
1;17523
1;17587
1;17522
1;17620
1;17573
1;17530
1;17535
1;17528
1;17526
1;17594
1;17626
1;17506
1;17512
1;17655
1;17641
1;17682
1;17574
1;17605
1;17504
1;17607
1;17656
1;17653
1;17585
1;17496
1;17638
1;17633
1;17513
1;17515
1;17545
1;17675
1;17645
1;17550
1;17552
1;17541
1;17551
1;17616
1;17502
1;17663
1;17517
1;17518
1;17658
1;17495
1;17559
1;17599
1;17580
1;17554
1;17630
1;17628
1;17678
1;17540
1;17596
1;17520
1;17524
1;17572
1;17671
1;17562
1;17647
1;17681
1;17538
1;17595
1;17516
1;17537
1;17542
1;17576
1;17651
1;17639
1;17561
1;17629
1;17632
1;17606
1;17611
1;17519
1;17592
1;17597
1;17603
1;17578
1;17644
1;17670
1;17557
1;17514
1;17664
1;17560
1;17637
1;17534
1;17546
1;17536
1;17583
1;17494
1;17568
1;17508
1;17652
1;17640
1;17588
1;17635
1;17570
1;17657
1;17593
1;17566
1;17493
1;17527
1;17634
1;17539
1;17584
1;17672
1;17617
1;17556
1;17642
1;17674
1;17591
1;17590
1;17577
1;17543
1;17565
1;17665
1;17659
1;17532
1;17598
1;17529
1;17601
1;17643
1;17612
1;17668
1;17662
1;17548
1;17613
1;17646
1;17571
1;17503
1;17666
1;17549
1;17683
1;17498
1;17581
1;17589
1;17582
1;17679
1;17553
1;17614
1;17667
1;17533
1;17509
1;17615
1;17501
1;17625
1;17602
1;17610
1;17673
1;17619
1;17499
1;17575
1;17660
1;17547
1;17677
1;17500
1;17636
1;17563
1;17567
1;17680
1;17579
1;17497
1;17618
1;17608
1;17621
1;17623
2;17755
2;17771
2;17834
2;17737
2;17842
2;17827
2;17805
2;17803
2;17841
2;17702
2;17833
2;17699
2;17871
2;17845
2;17854
2;17769
2;17730
2;17836
2;17752
2;17728
2;17875
2;17801
2;17740
2;17779
2;17742
2;17710
2;17858
2;17697
2;17796
2;17825
2;17687
2;17694
2;17768
2;17722
2;17725
2;17835
2;17856
2;17799
2;17743
2;17698
2;17846
2;17807
2;17851
2;17830
2;17876
2;17691
2;17706
2;17852
2;17729
2;17861
2;17713
2;17847
2;17794
2;17688
2;17726
2;17781
2;17720
2;17789
2;17766
2;17723
2;17819
2;17749
2;17788
2;17874
2;17696
2;17721
2;17787
2;17782
2;17864
2;17840
2;17693
2;17869
2;17838
2;17765
2;17791
2;17689
2;17800
2;17686
2;17701
2;17700
2;17860
2;17793
2;17820
2;17862
2;17778
2;17849
2;17832
2;17770
2;17811
2;17870
2;17760
2;17815
2;17758
2;17703
2;17748
2;17797
2;17764
2;17868
2;17783
2;17831
2;17828
2;17844
2;17705
2;17736
2;17822
2;17727
2;17776
2;17775
2;17873
2;17715
2;17790
2;17759
2;17866
2;17817
2;17690
2;17839
2;17777
2;17872
2;17763
2;17829
2;17774
2;17826
2;17741
2;17823
2;17757
2;17761
2;17816
2;17712
2;17717
2;17804
2;17739
2;17857
2;17738
2;17709
2;17824
2;17745
2;17808
2;17707
2;17695
2;17855
2;17735
2;17718
2;17859
2;17747
2;17762
2;17685
2;17850
2;17731
2;17772
2;17767
2;17780
2;17744
2;17733
2;17821
2;17773
2;17837
2;17704
2;17843
2;17795
2;17802
2;17785
2;17724
2;17734
2;17751
2;17818
2;17746
2;17810
2;17716
2;17792
2;17813
2;17754
2;17863
2;17853
2;17806
2;17812
2;17692
2;17756
2;17814
2;17750
2;17708
2;17867
2;17848
2;17753
2;17719
2;17786
2;17711
2;17784
2;17798
2;17714
2;17809
2;17732
2;17865
3;17934
3;17953
3;17973
3;17984
3;17911
3;17955
3;17888
3;17936
3;17939
3;17906
3;17913
3;17966
3;17908
3;17987
3;17886
3;17970
3;17889
3;17969
3;17894
3;17900
3;17880
3;17948
3;17975
3;17933
3;17895
3;17951
3;17983
3;17930
3;17920
3;17960
3;17978
3;17914
3;17916
3;17884
3;17985
3;17962
3;17945
3;17949
3;17941
3;17980
3;17946
3;17921
3;17902
3;17928
3;17899
3;17954
3;17974
3;17942
3;17981
3;17897
3;17967
3;17919
3;17892
3;17979
3;17904
3;17926
3;17891
3;17878
3;17887
3;17912
3;17929
3;17947
3;17986
3;17971
3;17915
3;17922
3;17956
3;17893
3;17932
3;17924
3;17896
3;17898
3;17963
3;17883
3;17938
3;17972
3;17910
3;17965
3;17961
3;17976
3;17881
3;17964
3;17952
3;17903
3;17982
3;17909
3;17907
3;17890
3;17901
3;17937
3;17917
3;17940
3;17905
3;17944
3;17958
3;17950
3;17927
3;17943
3;17988
3;17918
3;17959
3;17882
3;17877
3;17977
3;17885
3;17935
3;17957
3;17923
3;17931
3;17925
3;17968
3;17879
4;18099
4;18103
4;18031
4;17998
4;18127
4;18026
4;18130
4;18037
4;18040
4;18123
4;18105
4;18098
4;18145
4;18160
4;18129
4;18025
4;18084
4;18001
4;18155
4;18043
4;18013
4;18008
4;18014
4;18087
4;18146
4;18072
4;18078
4;18152
4;18052
4;18119
4;18053
4;18029
4;18017
4;18055
4;18057
4;18156
4;18004
4;18049
4;18150
4;18128
4;18073
4;18100
4;18015
4;18062
4;18116
4;18036
4;18126
4;18124
4;18086
4;18104
4;18106
4;18007
4;18044
4;18074
4;18041
4;18050
4;17995
4;18063
4;17992
4;18051
4;18005
4;18039
4;18069
4;18125
4;18010
4;18083
4;18065
4;18060
4;18143
4;18118
4;18081
4;18082
4;17997
4;18089
4;17996
4;18024
4;18112
4;18108
4;18003
4;18107
4;17991
4;17994
4;18034
4;18093
4;18064
4;18033
4;18164
4;18002
4;18035
4;18115
4;18102
4;18067
4;18141
4;18121
4;18079
4;18153
4;18077
4;18088
4;18134
4;18061
4;18048
4;18138
4;18135
4;18113
4;18148
4;18045
4;18000
4;18162
4;18059
4;18009
4;18006
4;18094
4;18114
4;18154
4;17989
4;18147
4;18136
4;18091
4;18159
4;18109
4;18022
4;18139
4;18142
4;18163
4;18012
4;18151
4;18032
4;18076
4;18120
4;18047
4;18068
4;17990
4;18056
4;18111
4;18133
4;18092
4;18066
4;18070
4;18021
4;18028
4;18042
4;18157
4;18016
4;18140
4;18101
4;18117
4;18090
4;18158
4;18038
4;18085
4;18058
4;18023
4;18019
4;18161
4;18110
4;17993
4;18075
4;18018
4;18096
4;18131
4;18080
4;18095
4;18144
4;18097
4;18027
4;18046
4;18122
4;18132
4;18054
4;18071
4;17999
4;18149
4;18011
4;18137
4;18030
4;18020
5;18167
5;18253
5;18212
5;18190
5;18184
5;18259
5;18178
5;18210
5;18244
5;18180
5;18255
5;18263
5;18196
5;18170
5;18189
5;18175
5;18223
5;18273
5;18247
5;18252
5;18199
5;18217
5;18235
5;18256
5;18254
5;18272
5;18275
5;18173
5;18183
5;18270
5;18166
5;18216
5;18271
5;18198
5;18169
5;18192
5;18185
5;18181
5;18231
5;18193
5;18225
5;18226
5;18260
5;18200
5;18221
5;18266
5;18191
5;18207
5;18165
5;18168
5;18262
5;18233
5;18246
5;18187
5;18240
5;18269
5;18249
5;18228
5;18209
5;18238
5;18245
5;18264
5;18219
5;18172
5;18250
5;18177
5;18234
5;18202
5;18188
5;18179
5;18251
5;18237
5;18274
5;18232
5;18194
5;18218
5;18206
5;18243
5;18213
5;18265
5;18242
5;18176
5;18236
5;18229
5;18220
5;18197
5;18201
5;18241
5;18267
5;18248
5;18239
5;18205
5;18268
5;18257
5;18211
5;18227
5;18215
5;18203
5;18224
5;18261
5;18174
5;18182
5;18222
5;18276
5;18258
5;18171
5;18186
5;18214
5;18230
5;18195
5;18204
5;18208
6;18328
6;18335
6;18314
6;18333
6;18383
6;18380
6;18387
6;18348
6;18399
6;18352
6;18313
6;18376
6;18300
6;18286
6;18326
6;18334
6;18347
6;18373
6;18278
6;18310
6;18295
6;18309
6;18323
6;18282
6;18307
6;18311
6;18336
6;18318
6;18341
6;18381
6;18308
6;18393
6;18397
6;18281
6;18388
6;18375
6;18389
6;18392
6;18338
6;18358
6;18384
6;18320
6;18364
6;18370
6;18287
6;18343
6;18360
6;18315
6;18285
6;18296
6;18379
6;18339
6;18351
6;18404
6;18304
6;18349
6;18292
6;18312
6;18289
6;18400
6;18382
6;18284
6;18378
6;18353
6;18362
6;18391
6;18327
6;18394
6;18329
6;18277
6;18346
6;18361
6;18395
6;18344
6;18340
6;18355
6;18303
6;18365
6;18283
6;18316
6;18372
6;18319
6;18331
6;18359
6;18396
6;18279
6;18306
6;18350
6;18325
6;18345
6;18402
6;18290
6;18403
6;18299
6;18332
6;18385
6;18356
6;18301
6;18367
6;18374
6;18357
6;18330
6;18390
6;18371
6;18401
6;18342
6;18386
6;18368
6;18288
6;18354
6;18305
6;18398
6;18280
6;18294
6;18297
6;18302
6;18321
6;18324
6;18298
6;18363
6;18293
6;18377
6;18366
6;18369
6;18317
6;18291
6;18322
6;18337
7;18484
7;18515
7;18420
7;18497
7;18495
7;18451
7;18408
7;18436
7;18427
7;18450
7;18463
7;18487
7;18481
7;18441
7;18449
7;18498
7;18470
7;18447
7;18413
7;18454
7;18492
7;18471
7;18457
7;18435
7;18431
7;18490
7;18460
7;18468
7;18488
7;18507
7;18438
7;18473
7;18452
7;18491
7;18462
7;18483
7;18419
7;18486
7;18512
7;18453
7;18432
7;18434
7;18409
7;18477
7;18475
7;18459
7;18504
7;18424
7;18489
7;18469
7;18501
7;18406
7;18442
7;18509
7;18516
7;18443
7;18511
7;18478
7;18506
7;18415
7;18439
7;18433
7;18426
7;18480
7;18467
7;18499
7;18455
7;18405
7;18508
7;18479
7;18510
7;18503
7;18502
7;18514
7;18445
7;18417
7;18414
7;18474
7;18458
7;18418
7;18425
7;18493
7;18461
7;18464
7;18494
7;18407
7;18423
7;18410
7;18437
7;18412
7;18505
7;18444
7;18456
7;18472
7;18476
7;18440
7;18429
7;18411
7;18416
7;18500
7;18513
7;18485
7;18428
7;18446
7;18496
7;18482
7;18422
7;18421
7;18430
7;18465
7;18448
7;18466
8;18557
8;18539
8;18622
8;18779
8;18736
8;18772
8;18951
8;18899
8;18620
8;18521
8;18713
8;18559
8;18792
8;18747
8;18824
8;18815
8;18910
8;18726
8;18746
8;18628
8;18823
8;18949
8;18749
8;18565
8;18847
8;18756
8;18935
8;18820
8;18973
8;18894
8;18906
8;18593
8;18676
8;18724
8;18853
8;18844
8;18613
8;18786
8;18972
8;18763
8;18905
8;18773
8;18881
8;18615
8;18777
8;18979
8;18692
8;18829
8;18770
8;18560
8;19011
8;18789
8;18520
8;19003
8;18812
8;18808
8;18799
8;18707
8;19007
8;18821
8;18699
8;18704
8;18576
8;18800
8;18674
8;18822
8;18587
8;18556
8;18980
8;18672
8;18794
8;18783
8;18873
8;18656
8;18675
8;18663
8;18759
8;18551
8;18751
8;18604
8;18586
8;18563
8;18971
8;18667
8;18666
8;18883
8;18728
8;18928
8;18953
8;18945
8;18552
8;18995
8;18591
8;18861
8;18793
8;18717
8;19001
8;18947
8;18623
8;18856
8;18767
8;18542
8;18619
8;18588
8;18654
8;18555
8;18603
8;18627
8;18577
8;19020
8;18797
8;18549
8;18696
8;18684
8;18629
8;18608
8;18919
8;19017
8;18733
8;19012
8;18569
8;18646
8;18636
8;18723
8;18665
8;18922
8;18582
8;18825
8;18988
8;18766
8;18631
8;18686
8;19014
8;18790
8;18758
8;18594
8;18827
8;18781
8;18926
8;18801
8;18868
8;18776
8;18524
8;18835
8;18795
8;18741
8;18780
8;18653
8;18761
8;18984
8;18938
8;18852
8;18892
8;18858
8;18575
8;19006
8;18814
8;18904
8;18838
8;19004
8;18803
8;18660
8;18680
8;18977
8;18985
8;18642
8;18981
8;18618
8;18678
8;18566
8;18896
8;18688
8;19005
8;18564
8;18869
8;18644
8;18592
8;18611
8;18519
8;18778
8;18610
8;18817
8;18849
8;18522
8;18526
8;18710
8;18525
8;18703
8;18884
8;18806
8;18933
8;18914
8;18602
8;18775
8;18722
8;18664
8;18640
8;18536
8;18561
8;18609
8;18601
8;19009
8;18788
8;18851
8;18528
8;18968
8;18567
8;18682
8;18898
8;18649
8;18877
8;18711
8;18658
8;18819
8;18871
8;18850
8;18987
8;18709
8;19008
8;18993
8;18691
8;18740
8;18936
8;18908
8;18573
8;18765
8;18943
8;18774
8;18996
8;18695
8;18854
8;18708
8;18956
8;18962
8;18768
8;18702
8;18572
8;18544
8;18605
8;18879
8;18846
8;18813
8;18655
8;18986
8;18705
8;19010
8;18831
8;18771
8;18645
8;18863
8;18662
8;18571
8;18843
8;18907
8;18798
8;18621
8;18842
8;18921
8;18762
8;18918
8;18625
8;18841
8;18738
8;18648
8;18739
8;18969
8;18737
8;18679
8;18517
8;18643
8;18810
8;18701
8;18912
8;18626
8;18546
8;18901
8;18729
8;18714
8;18731
8;18891
8;18915
8;18529
8;18715
8;18600
8;18826
8;18991
8;18698
8;18581
8;18579
8;18744
8;18596
8;18927
8;18966
8;18598
8;18876
8;18635
8;19013
8;18954
8;18862
8;18950
8;18992
8;18832
8;18540
8;18924
8;18683
8;18689
8;18585
8;18787
8;18580
8;18719
8;18932
8;18681
8;18913
8;18796
8;18562
8;18550
8;18855
8;18760
8;18911
8;18974
8;18836
8;18764
8;18994
8;18633
8;18804
8;18732
8;18720
8;18784
8;18639
8;18818
8;18606
8;18614
8;18989
8;18638
8;19000
8;18641
8;18523
8;18923
8;18865
8;18693
8;18805
8;18659
8;18531
8;18568
8;18860
8;18946
8;18545
8;18527
8;18807
8;18887
8;18553
8;18961
8;18730
8;18650
8;18888
8;18694
8;18673
8;18866
8;18845
8;18599
8;18607
8;18735
8;18745
8;19019
8;18534
8;18975
8;18721
8;18929
8;18685
8;19018
8;18661
8;18725
8;18872
8;18755
8;18584
8;18589
8;18554
8;18690
8;18955
8;18976
8;18637
8;18964
8;18541
8;18889
8;18937
8;18590
8;18802
8;18867
8;18617
8;18657
8;18743
8;18548
8;18558
8;18754
8;18624
8;18885
8;18880
8;18965
8;18934
8;18948
8;18782
8;18983
8;18750
8;18893
8;18727
8;18595
8;18967
8;19002
8;18864
8;18997
8;18952
8;18960
8;18870
8;18828
8;18895
8;18583
8;18830
8;18886
8;18538
8;18716
8;18734
8;19015
8;18785
8;18752
8;18890
8;18848
8;18874
8;18931
8;18840
8;18882
8;18712
8;18651
8;18957
8;18970
8;18963
8;18990
8;18925
8;18518
8;18941
8;18816
8;18944
8;18791
8;18959
8;18978
8;18903
8;18533
8;18616
8;18982
8;18839
8;18857
8;18999
8;18917
8;18920
8;18878
8;18574
8;18652
8;18833
8;18700
8;18837
8;18875
8;18530
8;18834
8;18532
8;18902
8;18687
8;18748
8;18916
8;18578
8;18809
8;18570
8;18942
8;18753
8;18677
8;18909
8;18742
8;18811
8;18939
8;18706
8;18634
8;18630
8;18535
8;18668
8;18900
8;18543
8;18859
8;18757
8;18647
8;18897
8;18632
8;18958
8;18537
8;18670
8;18930
8;18718
8;18671
8;18547
8;18769
8;19016
8;18940
8;18612
8;18669
8;18597
8;18998
8;18697
9;19116
9;19151
9;19052
9;19177
9;19106
9;19178
9;19050
9;19145
9;19093
9;19127
9;19143
9;19160
9;19137
9;19076
9;19108
9;19156
9;19153
9;19060
9;19034
9;19086
9;19067
9;19113
9;19049
9;19099
9;19128
9;19111
9;19112
9;19073
9;19023
9;19158
9;19088
9;19077
9;19105
9;19069
9;19047
9;19094
9;19136
9;19053
9;19125
9;19025
9;19089
9;19091
9;19056
9;19152
9;19149
9;19035
9;19166
9;19027
9;19071
9;19064
9;19066
9;19119
9;19117
9;19062
9;19048
9;19042
9;19058
9;19037
9;19097
9;19081
9;19038
9;19057
9;19133
9;19147
9;19121
9;19173
9;19065
9;19044
9;19031
9;19030
9;19134
9;19063
9;19180
9;19146
9;19161
9;19132
9;19024
9;19157
9;19080
9;19033
9;19172
9;19039
9;19061
9;19124
9;19165
9;19174
9;19032
9;19022
9;19095
9;19026
9;19085
9;19054
9;19100
9;19078
9;19154
9;19045
9;19130
9;19092
9;19110
9;19084
9;19139
9;19144
9;19179
9;19029
9;19176
9;19168
9;19140
9;19109
9;19115
9;19083
9;19068
9;19074
9;19079
9;19122
9;19123
9;19046
9;19055
9;19072
9;19163
9;19096
9;19141
9;19104
9;19098
9;19090
9;19041
9;19150
9;19101
9;19036
9;19059
9;19102
9;19118
9;19167
9;19075
9;19129
9;19126
9;19162
9;19070
9;19175
9;19103
9;19120
9;19028
9;19138
9;19135
9;19021
9;19051
9;19082
9;19087
9;19155
9;19142
9;19159
9;19043
9;19170
9;19114
9;19131
9;19164
9;19171
9;19148
9;19107
9;19169
9;19040
10;19273
10;19235
10;19228
10;19272
10;19277
10;19349
10;19307
10;19252
10;19211
10;19249
10;19215
10;19329
10;19256
10;19339
10;19184
10;19194
10;19274
10;19290
10;19196
10;19352
10;19220
10;19360
10;19216
10;19323
10;19330
10;19281
10;19312
10;19227
10;19232
10;19251
10;19189
10;19264
10;19187
10;19231
10;19337
10;19325
10;19186
10;19255
10;19230
10;19233
10;19292
10;19347
10;19209
10;19362
10;19200
10;19310
10;19287
10;19238
10;19246
10;19335
10;19250
10;19313
10;19356
10;19314
10;19203
10;19285
10;19226
10;19284
10;19301
10;19354
10;19262
10;19275
10;19299
10;19199
10;19296
10;19346
10;19193
10;19342
10;19283
10;19267
10;19294
10;19295
10;19300
10;19309
10;19259
10;19260
10;19359
10;19363
10;19302
10;19322
10;19351
10;19303
10;19206
10;19223
10;19183
10;19247
10;19195
10;19202
10;19241
10;19324
10;19350
10;19278
10;19234
10;19317
10;19190
10;19244
10;19212
10;19208
10;19185
10;19248
10;19341
10;19263
10;19191
10;19355
10;19305
10;19344
10;19316
10;19353
10;19253
10;19326
10;19261
10;19221
10;19188
10;19224
10;19217
10;19288
10;19343
10;19205
10;19280
10;19279
10;19315
10;19201
10;19182
10;19318
10;19225
10;19204
10;19266
10;19236
10;19291
10;19222
10;19358
10;19254
10;19289
10;19334
10;19282
10;19321
10;19320
10;19332
10;19345
10;19340
10;19348
10;19239
10;19327
10;19357
10;19311
10;19298
10;19333
10;19293
10;19297
10;19219
10;19270
10;19197
10;19338
10;19229
10;19308
10;19276
10;19271
10;19213
10;19319
10;19242
10;19304
10;19243
10;19198
10;19237
10;19258
10;19181
10;19245
10;19257
10;19268
10;19336
10;19192
10;19361
10;19331
10;19286
10;19306
10;19207
10;19364
10;19328
10;19269
10;19210
10;19218
10;19214
10;19240
10;19265
11;19475
11;19432
11;19369
11;19379
11;19458
11;19445
11;19447
11;19420
11;19374
11;19426
11;19472
11;19494
11;19393
11;19431
11;19425
11;19376
11;19397
11;19497
11;19457
11;19373
11;19486
11;19400
11;19468
11;19408
11;19496
11;19478
11;19481
11;19454
11;19508
11;19505
11;19389
11;19413
11;19483
11;19430
11;19442
11;19384
11;19453
11;19452
11;19412
11;19434
11;19424
11;19428
11;19439
11;19406
11;19448
11;19415
11;19383
11;19367
11;19477
11;19441
11;19500
11;19463
11;19435
11;19429
11;19403
11;19438
11;19388
11;19471
11;19495
11;19503
11;19391
11;19371
11;19506
11;19375
11;19459
11;19456
11;19467
11;19493
11;19473
11;19378
11;19460
11;19380
11;19462
11;19409
11;19469
11;19401
11;19382
11;19385
11;19440
11;19414
11;19464
11;19381
11;19399
11;19450
11;19507
11;19423
11;19394
11;19491
11;19419
11;19484
11;19387
11;19466
11;19479
11;19372
11;19398
11;19498
11;19405
11;19390
11;19427
11;19407
11;19368
11;19402
11;19470
11;19461
11;19449
11;19392
11;19395
11;19416
11;19410
11;19502
11;19377
11;19417
11;19476
11;19474
11;19437
11;19421
11;19411
11;19455
11;19433
11;19444
11;19365
11;19366
11;19501
11;19480
11;19499
11;19504
11;19446
11;19482
11;19465
11;19492
11;19396
11;19485
11;19488
11;19490
11;19418
11;19386
11;19487
11;19489
11;19370
11;19436
11;19422
11;19451
11;19443
11;19404
12;19617
12;19715
12;19567
12;19692
12;19591
12;19602
12;19738
12;19630
12;19675
12;19522
12;19640
12;19655
12;19546
12;19627
12;19699
12;19720
12;19518
12;19729
12;19734
12;19582
12;19661
12;19726
12;19594
12;19663
12;19635
12;19514
12;19725
12;19695
12;19646
12;19510
12;19723
12;19674
12;19569
12;19632
12;19530
12;19686
12;19736
12;19620
12;19562
12;19660
12;19682
12;19668
12;19639
12;19642
12;19685
12;19544
12;19712
12;19628
12;19638
12;19747
12;19540
12;19601
12;19574
12;19742
12;19537
12;19571
12;19610
12;19659
12;19702
12;19717
12;19543
12;19705
12;19739
12;19599
12;19645
12;19722
12;19681
12;19581
12;19746
12;19605
12;19538
12;19740
12;19509
12;19631
12;19563
12;19618
12;19634
12;19629
12;19714
12;19515
12;19711
12;19583
12;19701
12;19732
12;19662
12;19666
12;19626
12;19552
12;19557
12;19623
12;19597
12;19558
12;19611
12;19587
12;19578
12;19556
12;19737
12;19575
12;19744
12;19528
12;19622
12;19593
12;19560
12;19710
12;19693
12;19704
12;19733
12;19658
12;19612
12;19696
12;19604
12;19564
12;19584
12;19664
12;19613
12;19532
12;19513
12;19651
12;19614
12;19590
12;19516
12;19517
12;19657
12;19719
12;19676
12;19688
12;19523
12;19690
12;19524
12;19539
12;19548
12;19683
12;19568
12;19525
12;19547
12;19748
12;19549
12;19621
12;19566
12;19600
12;19529
12;19535
12;19619
12;19727
12;19588
12;19650
12;19598
12;19615
12;19677
12;19616
12;19512
12;19648
12;19579
12;19665
12;19728
12;19531
12;19541
12;19573
12;19694
12;19709
12;19652
12;19716
12;19589
12;19689
12;19691
12;19724
12;19731
12;19555
12;19735
12;19654
12;19672
12;19534
12;19653
12;19718
12;19670
12;19678
12;19542
12;19706
12;19644
12;19565
12;19684
12;19545
12;19521
12;19673
12;19703
12;19708
12;19553
12;19511
12;19741
12;19687
12;19637
12;19700
12;19577
12;19520
12;19647
12;19633
12;19707
12;19643
12;19596
12;19636
12;19572
12;19586
12;19519
12;19561
12;19527
12;19641
12;19585
12;19526
12;19533
12;19595
12;19656
12;19570
12;19559
12;19669
12;19592
12;19679
12;19576
12;19730
12;19649
12;19624
12;19680
12;19606
12;19698
12;19667
12;19609
12;19580
12;19713
12;19608
12;19603
12;19743
12;19625
12;19697
12;19550
12;19607
12;19721
12;19671
12;19551
12;19745
12;19554
12;19536
13;19753
13;19774
13;19778
13;19751
13;19869
13;19811
13;19846
13;19858
13;19805
13;19865
13;19782
13;19758
13;19827
13;19777
13;19862
13;19771
13;19767
13;19786
13;19860
13;19825
13;19837
13;19799
13;19794
13;19850
13;19759
13;19854
13;19853
13;19856
13;19874
13;19847
13;19797
13;19848
13;19789
13;19876
13;19831
13;19852
13;19841
13;19863
13;19832
13;19775
13;19760
13;19798
13;19820
13;19809
13;19873
13;19792
13;19851
13;19788
13;19819
13;19755
13;19766
13;19787
13;19849
13;19823
13;19826
13;19821
13;19861
13;19803
13;19844
13;19845
13;19814
13;19769
13;19839
13;19834
13;19806
13;19836
13;19829
13;19793
13;19824
13;19801
13;19866
13;19840
13;19818
13;19833
13;19807
13;19855
13;19838
13;19868
13;19870
13;19773
13;19828
13;19842
13;19761
13;19817
13;19796
13;19791
13;19822
13;19871
13;19757
13;19790
13;19780
13;19752
13;19835
13;19763
13;19857
13;19812
13;19815
13;19816
13;19779
13;19864
13;19867
13;19770
13;19785
13;19795
13;19800
13;19808
13;19859
13;19768
13;19843
13;19783
13;19810
13;19764
13;19756
13;19765
13;19872
13;19802
13;19762
13;19784
13;19830
13;19749
13;19754
13;19804
13;19813
13;19781
13;19750
13;19776
13;19772
13;19875
14;19877
14;19890
14;19975
14;19919
14;19899
14;19934
14;19957
14;19878
14;19923
14;19887
14;19966
14;19937
14;19918
14;19943
14;19944
14;19933
14;19913
14;19987
14;19950
14;19886
14;19932
14;19963
14;19926
14;19964
14;19980
14;19936
14;19988
14;19907
14;19954
14;19942
14;19885
14;19986
14;19924
14;19940
14;19921
14;19909
14;19902
14;19974
14;19880
14;19901
14;19947
14;19969
14;19916
14;19977
14;19925
14;19939
14;19931
14;19879
14;19946
14;19903
14;19883
14;19894
14;19928
14;19945
14;19973
14;19929
14;19914
14;19893
14;19962
14;19972
14;19898
14;19982
14;19968
14;19971
14;19983
14;19906
14;19922
14;19935
14;19970
14;19884
14;19915
14;19904
14;19888
14;19959
14;19889
14;19976
14;19956
14;19917
14;19981
14;19927
14;19910
14;19895
14;19955
14;19930
14;19882
14;19953
14;19905
14;19911
14;19941
14;19881
14;19900
14;19920
14;19897
14;19892
14;19949
14;19979
14;19961
14;19984
14;19938
14;19912
14;19951
14;19978
14;19948
14;19896
14;19967
14;19965
14;19908
14;19985
14;19960
14;19952
14;19891
14;19958
15;20235
15;20179
15;20017
15;20233
15;20218
15;20052
15;20140
15;20089
15;20159
15;20197
15;20166
15;20092
15;20020
15;20124
15;20169
15;20054
15;20012
15;20022
15;20205
15;20053
15;20015
15;20260
15;20098
15;20141
15;20119
15;20255
15;20094
15;20061
15;20152
15;20108
15;20065
15;20073
15;20154
15;20088
15;20063
15;20139
15;20034
15;20168
15;20026
15;20069
15;20217
15;20116
15;20223
15;20033
15;19996
15;20042
15;20208
15;20070
15;20211
15;20182
15;20008
15;19990
15;20230
15;20066
15;20187
15;20068
15;20151
15;20125
15;20006
15;20046
15;20111
15;20021
15;20144
15;20048
15;20103
15;20254
15;20099
15;20018
15;20170
15;19997
15;20105
15;20041
15;20201
15;20107
15;20165
15;20178
15;19994
15;20035
15;20117
15;20156
15;20224
15;20082
15;20212
15;20150
15;19993
15;20246
15;20056
15;20110
15;20245
15;20251
15;20256
15;20191
15;20183
15;20153
15;20032
15;20128
15;20237
15;20268
15;20027
15;20146
15;20232
15;20134
15;20043
15;20112
15;20058
15;20265
15;20096
15;20005
15;20210
15;20253
15;20145
15;20131
15;20001
15;20250
15;20004
15;20219
15;20101
15;20200
15;20040
15;20192
15;20120
15;20087
15;20267
15;20199
15;20147
15;20198
15;20080
15;20093
15;20259
15;20118
15;20181
15;20172
15;20010
15;20121
15;20176
15;20249
15;20039
15;20155
15;20239
15;20081
15;20162
15;20028
15;20248
15;19999
15;20025
15;20085
15;20177
15;20100
15;20161
15;20222
15;20016
15;20029
15;20196
15;20060
15;20157
15;20175
15;20059
15;20014
15;20180
15;20126
15;20091
15;20264
15;20173
15;20227
15;20083
15;20044
15;20037
15;19992
15;20031
15;20164
15;20138
15;20188
15;20216
15;20019
15;20057
15;20194
15;20184
15;20242
15;20225
15;20149
15;20055
15;20013
15;20202
15;20213
15;20064
15;20189
15;20075
15;20104
15;20067
15;20135
15;20113
15;20244
15;20123
15;20261
15;20258
15;20214
15;20086
15;20190
15;20076
15;20122
15;20136
15;20007
15;20030
15;20038
15;20133
15;20049
15;20115
15;20148
15;20127
15;20011
15;20207
15;20204
15;20036
15;20158
15;20003
15;20000
15;20163
15;20240
15;19995
15;20193
15;20186
15;20266
15;19998
15;20132
15;20084
15;20236
15;20257
15;20262
15;20203
15;20002
15;20102
15;19989
15;20009
15;20195
15;20238
15;20023
15;20247
15;19991
15;20109
15;20097
15;20209
15;20047
15;20143
15;20171
15;20167
15;20231
15;20234
15;20174
15;20137
15;20079
15;20215
15;20062
15;20071
15;20024
15;20114
15;20206
15;20090
15;20241
15;20252
15;20130
15;20142
15;20160
15;20077
15;20263
15;20078
15;20221
15;20051
15;20226
15;20095
15;20129
15;20106
15;20243
15;20072
15;20050
15;20229
15;20074
15;20228
15;20220
15;20185
15;20045
16;10387
16;10391
16;10393
16;10407
16;10409
16;10414
16;10416
16;10425
16;10428
16;10429
16;10430
16;10435
16;10436
16;10437
16;10438
16;10440
16;10441
16;10443
16;10453
16;10455
16;10461
16;10463
16;10464
16;10468
16;10473
16;10476
16;10479
16;10481
16;10482
16;10503
16;10511
16;10512
16;10513
16;10515
16;10523
16;10567
16;10569
16;10570
16;10578
16;10584
16;10622
16;10623
16;10624
16;10625
16;10626
16;10627
16;10628
16;10633
16;10634
16;10635
16;10638
16;10639
16;10640
16;10641
16;10649
16;10650
16;10651
16;10655
16;10663
16;10664
16;10666
16;10668
16;10669
16;10670
16;10671
16;10672
16;10673
16;10674
16;10676
16;10677
16;10680
16;10683
16;10684
16;10685
16;10687
16;10688
16;10695
16;10699
16;10718
16;10721
16;10727
16;10730
16;10733
16;10740
16;10748
16;10754
16;10755
16;10756
16;10759
16;10763
16;10765
16;10768
16;10769
16;10771
16;10772
16;10773
16;10774
16;10775
16;10776
16;10777
16;10781
16;10783
16;10784
16;10785
16;10786
16;10791
16;10792
16;10796
16;10797
16;10798
16;10799
16;10800
16;10801
16;10803
16;10805
16;10809
16;10811
16;10815
16;10816
16;10818
16;10819
16;10820
16;10821
16;10822
16;10825
16;10829
16;10831
16;10832
16;10833
16;10837
16;10838
16;10841
16;10842
16;10844
16;10845
16;10846
16;10847
16;10848
16;10849
16;10850
16;10854
16;10855
16;10856
16;10857
16;10858
16;10859
16;10860
16;10861
16;10862
16;10863
16;10864
16;10865
16;10866
16;10868
16;10869
16;10871
16;10875
16;10878
16;10881
16;10882
16;10883
16;10884
16;10885
16;10886
16;10887
16;10888
16;10889
16;10890
16;10891
16;10892
16;10893
16;10894
16;10895
16;10896
16;10897
16;10898
16;10908
16;10909
16;10914
16;10915
16;10916
16;10917
16;10918
16;10920
16;10923
16;10924
16;10927
16;10929
16;10931
16;10933
16;10934
16;10935
16;10936
16;10937
16;10938
16;10939
16;10940
16;10941
16;10942
16;10943
16;10944
16;10948
16;10949
16;10950
16;10951
16;10952
16;10953
16;10954
16;10955
16;10956
16;10957
16;10958
16;10959
16;10960
16;10961
16;10962
16;10963
16;10964
16;10965
16;10966
16;10967
16;10968
16;10969
16;10970
16;10982
16;10983
16;10995
16;10996
16;11001
16;11002
16;11022
16;11026
16;11040
16;11138
16;11183
16;11229
16;11231
16;11271
16;11272
16;11306
16;11308
16;11309
16;11310
16;11311
16;11314
16;11316
16;11326
16;11327
16;11328
16;11329
16;11330
16;11331
16;11338
16;11339
16;11341
16;11348
16;11356
16;11361
16;11365
16;11366
16;11367
16;11370
16;11371
16;11374
16;11377
16;11378
16;11379
16;11380
16;11381
16;11382
16;11383
16;11384
16;11385
16;11386
16;11387
16;11388
16;11389
16;11390
16;11391
16;11392
16;11393
16;11394
16;11395
16;11396
16;11397
16;11398
16;11399
16;11404
16;11406
16;11408
16;11409
16;11410
16;11411
16;11412
16;11413
16;11414
16;11415
16;11416
16;11417
16;11418
16;11419
16;11420
16;11421
16;11422
16;11423
16;11424
16;11425
16;11426
16;11427
16;11428
16;11429
16;11430
16;11431
16;11432
16;11433
16;11434
16;11435
16;11436
16;11437
16;11438
16;11440
16;11441
16;11442
16;11443
16;11444
16;11445
16;11446
16;11447
16;11448
16;11449
16;11450
16;11451
16;11452
16;11453
16;11454
16;11455
16;11456
16;11457
16;11458
16;11459
16;11462
16;11463
16;11464
16;11465
16;11466
16;11467
16;11468
16;11469
16;11470
16;11471
16;11472
16;11473
16;11474
16;11475
16;11476
16;11477
16;11478
16;11479
16;11480
16;11481
16;11482
16;11483
16;11484
16;11485
16;11486
16;11487
16;11488
16;11489
16;11490
16;11491
16;11492
16;11493
16;11494
16;11495
16;11496
16;11497
16;11498
16;11499
16;11500
16;11501
16;11502
16;11503
16;11504
16;11505
16;11506
16;11507
16;11508
16;11509
16;11510
16;11511
16;11512
16;11513
16;11514
16;11515
16;11516
16;11517
16;11518
16;11519
16;11520
16;11521
16;11522
16;11523
16;11524
16;11525
16;11526
16;11527
16;11528
16;11529
16;11530
16;11531
16;11532
16;11533
16;11534
16;11535
16;11536
16;11537
16;11538
16;11552
16;11553
16;11554
16;11555
16;11556
16;11557
16;11560
16;11562
16;11568
16;11569
16;11570
16;11571
16;11572
16;11573
16;11574
16;11581
16;11582
16;11583
16;11584
16;11585
16;11586
16;11587
16;11588
16;11589
16;11590
16;11591
16;11592
16;11593
16;11594
16;11595
16;11596
16;11597
16;11598
16;11599
16;11600
16;11601
16;11602
16;11603
16;11604
16;11605
16;11606
16;11607
16;11608
16;11609
16;11610
16;11611
16;11612
16;11613
16;11614
16;11615
16;11616
16;11617
16;11618
16;11619
16;11620
16;11621
16;11622
16;11623
16;11624
16;11625
16;11626
16;11627
16;11628
16;11629
16;11630
16;11631
16;11632
16;11633
16;11634
16;11635
16;11636
16;11637
16;11638
16;11639
16;11640
16;11641
16;11642
16;11643
16;11644
16;11645
16;11646
16;11647
16;11648
16;11649
16;11650
16;11651
16;11652
16;11653
16;11654
16;11656
16;11657
16;11658
16;11659
16;11660
16;11661
16;11662
16;11663
16;11664
16;11665
16;11666
16;11667
16;11668
16;11669
16;11670
16;11671
16;11672
16;11673
16;11674
16;11675
16;11676
16;11677
16;11678
16;11679
16;11680
16;11681
16;11682
16;11684
16;11685
16;11686
16;11687
16;11688
16;11689
16;11690
16;11691
16;11692
16;11693
16;11694
16;11695
16;11696
16;11697
16;11698
16;11699
16;11700
16;11701
16;11702
16;11703
16;11704
16;11705
16;11706
16;11707
16;11708
16;11709
16;11710
16;11711
16;11712
16;11713
16;11714
16;11715
16;11716
16;11717
16;11718
16;11719
16;11720
16;11721
16;11722
16;11723
16;11724
16;11725
16;11726
16;11727
16;11728
16;11729
16;11730
16;11731
16;11732
16;11733
16;11734
16;11735
16;11736
16;11737
16;11738
16;11739
16;11740
16;11741
16;11742
16;11743
16;11744
16;11745
16;11746
16;11747
16;11748
16;11749
16;11750
16;11751
16;11752
16;11753
16;11754
16;11755
16;11756
16;11757
16;11758
16;11759
16;11760
16;11761
16;11762
16;11763
16;11764
16;11765
16;11766
16;11767
16;11768
16;11769
16;11770
16;11771
16;11772
16;11773
16;11774
16;11775
16;11776
16;11777
16;11778
16;11779
16;11780
16;11781
16;11782
16;11783
16;11784
16;11785
16;11786
16;11787
16;11788
16;11789
16;11790
16;11791
16;11792
16;11793
16;11794
16;11795
16;11796
16;11797
16;11798
16;11799
16;11800
16;11801
16;11802
16;11803
16;11804
16;11805
16;11806
16;11807
16;11808
16;11809
16;11810
16;11811
16;11812
16;11813
16;11814
16;11815
16;11816
16;11817
16;11818
16;11819
16;11820
16;11821
16;11822
16;11823
16;11824
16;11825
16;11826
16;11827
16;11828
16;11829
16;11830
16;11831
16;11832
16;11833
16;11834
16;11835
16;11836
16;11837
16;11838
16;11839
16;11840
16;11841
16;11842
16;11843
16;11844
16;11845
16;11846
16;11847
16;11848
16;11849
16;11850
16;11851
16;11852
16;11853
16;11854
16;11855
16;11856
16;11857
16;11858
16;11859
16;11860
16;11861
16;11862
16;11863
16;11864
16;11865
16;11866
16;11867
16;11868
16;11869
16;11870
16;11871
16;11872
16;11873
16;11874
16;11875
16;11876
16;11877
16;11878
16;11879
16;11880
16;11881
16;11882
16;11883
16;11884
16;11885
16;11886
16;11887
16;11888
16;11889
16;11890
16;11891
16;11892
16;11893
16;11894
16;11895
16;11896
16;11897
16;11898
16;11899
16;11900
16;11901
16;11902
16;11903
16;11904
16;11905
16;11906
16;11907
16;11908
16;11909
16;11911
16;11912
16;11913
16;11914
16;7436
16;7646
16;7893
16;7922
16;7952
16;8166
16;8186
16;9167
16;9182
16;9265
16;9319
16;9513
16;9831
16;9877
16;10058
16;10121
16;10132
16;10174
16;10229
16;10279
16;10385
16;10386
16;10388
16;10389
16;10390
16;10392
16;10394
16;10395
16;10396
16;10397
16;10398
16;10399
16;10400
16;10401
16;10402
16;10403
16;10404
16;10405
16;10406
16;10408
16;10410
16;10411
16;10412
16;10413
16;10415
16;10417
16;10418
16;10419
16;10420
16;10421
16;10422
16;10423
16;10424
16;10426
16;10427
16;10431
16;10432
16;10433
16;10434
16;10439
16;10442
16;10444
16;10445
16;10446
16;10447
16;10448
16;10449
16;10450
16;10451
16;10452
16;10454
16;10456
16;10457
16;10458
16;10459
16;10460
16;10462
16;10465
16;10466
16;10467
16;10469
16;10470
16;10471
16;10472
16;10474
16;10475
16;10477
16;10478
16;10480
16;10483
16;10484
16;10485
16;10486
16;10487
16;10488
16;10489
16;10490
16;10491
16;10492
16;10493
16;10494
16;10495
16;10496
16;10497
16;10498
16;10499
16;10500
16;10501
16;10502
16;10504
16;10505
16;10506
16;10507
16;10508
16;10509
16;10510
16;10514
16;10516
16;10517
16;10518
16;10519
16;10520
16;10521
16;10522
16;10524
16;10525
16;10526
16;10527
16;10528
16;10529
16;10530
16;10531
16;10532
16;10533
16;10534
16;10535
16;10536
16;10537
16;10538
16;10539
16;10540
16;10541
16;10542
16;10543
16;10544
16;10545
16;10546
16;10547
16;10548
16;10549
16;10550
16;10551
16;10552
16;10553
16;10554
16;10555
16;10556
16;10557
16;10558
16;10559
16;10560
16;10561
16;10562
16;10563
16;10564
16;10565
16;10566
16;10568
16;10571
16;10572
16;10573
16;10574
16;10575
16;10576
16;10577
16;10579
16;10580
16;10581
16;10582
16;10583
16;10585
16;10586
16;10587
16;10588
16;10589
16;10590
16;10591
16;10592
16;10593
16;10594
16;10595
16;10596
16;10597
16;10598
16;10599
16;10600
16;10601
16;10602
16;10603
16;10604
16;10605
16;10606
16;10607
16;10608
16;10609
16;10610
16;10611
16;10612
16;10613
16;10614
16;10615
16;10616
16;10617
16;10618
16;10619
16;10620
16;10621
16;10629
16;10630
16;10631
16;10632
16;10636
16;10637
16;10642
16;10643
16;10644
16;10645
16;10646
16;10647
16;10648
16;10652
16;10653
16;10654
16;10656
16;10657
16;10658
16;10659
16;10660
16;10661
16;10662
16;10665
16;10667
16;10675
16;10678
16;10679
16;10681
16;10682
16;10686
16;10689
16;10690
16;10691
16;10692
16;10693
16;10694
16;10696
16;10697
16;10698
16;10700
16;10701
16;10702
16;10703
16;10704
16;10705
16;10706
16;10707
16;10708
16;10709
16;10710
16;10711
16;10712
16;10713
16;10714
16;10715
16;10716
16;10717
16;10719
16;10720
16;10722
16;10723
16;10724
16;10725
16;10726
16;10728
16;10729
16;10731
16;10732
16;10734
16;10735
16;10736
16;10737
16;10738
16;10739
16;10741
16;10742
16;10743
16;10744
16;10745
16;10746
16;10747
16;10749
16;10750
16;10751
16;10752
16;10753
16;10757
16;10758
16;10760
16;10761
16;10762
16;10764
16;10766
16;10767
16;10770
16;10778
16;10779
16;10780
16;10782
16;10787
16;10788
16;10789
16;10790
16;10793
16;10794
16;10795
16;10802
16;10804
16;10806
16;10807
16;10808
16;10810
16;10812
16;10813
16;10814
16;10817
16;10823
16;10824
16;10826
16;10827
16;10828
16;10830
16;10834
16;10835
16;10836
16;10839
16;10840
16;10843
16;10851
16;10852
16;10853
16;10867
16;10870
16;10872
16;10873
16;10874
16;10876
16;10877
16;10879
16;10880
16;10899
16;10900
16;10901
16;10902
16;10903
16;10904
16;10905
16;10906
16;10907
16;10910
16;10911
16;10912
16;10913
16;10919
16;10921
16;10922
16;10925
16;10926
16;10928
16;10930
16;10932
16;10945
16;10946
16;10947
16;10971
16;10972
16;10973
16;10974
16;10975
16;10976
16;10977
16;10978
16;10979
16;10980
16;10981
16;10984
16;10985
16;10986
16;10987
16;10988
16;10989
16;10990
16;10991
16;10992
16;10993
16;10994
16;10997
16;10998
16;10999
16;11000
16;11003
16;11004
16;11005
16;11006
16;11007
16;11008
16;11009
16;11010
16;11011
16;11012
16;11013
16;11014
16;11015
16;11016
16;11017
16;11018
16;11019
16;11020
16;11021
16;11023
16;11024
16;11025
16;11027
16;11028
16;11029
16;11030
16;11031
16;11032
16;11033
16;11034
16;11035
16;11036
16;11037
16;11038
16;11039
16;11041
16;11042
16;11043
16;11044
16;11045
16;11046
16;11047
16;11048
16;11049
16;11050
16;11051
16;11052
16;11053
16;11054
16;11055
16;11056
16;11057
16;11058
16;11059
16;11060
16;11061
16;11062
16;11063
16;11064
16;11065
16;11066
16;11067
16;11068
16;11069
16;11070
16;11071
16;11072
16;11073
16;11074
16;11075
16;11076
16;11077
16;11078
16;11079
16;11080
16;11081
16;11082
16;11083
16;11084
16;11085
16;11086
16;11087
16;11088
16;11089
16;11090
16;11091
16;11092
16;11093
16;11094
16;11095
16;11096
16;11097
16;11098
16;11099
16;11100
16;11101
16;11102
16;11103
16;11104
16;11105
16;11106
16;11107
16;11108
16;11109
16;11110
16;11111
16;11112
16;11113
16;11114
16;11115
16;11116
16;11117
16;11118
16;11119
16;11120
16;11121
16;11122
16;11123
16;11124
16;11125
16;11126
16;11127
16;11128
16;11129
16;11130
16;11131
16;11132
16;11133
16;11134
16;11135
16;11136
16;11137
16;11139
16;11140
16;11141
16;11142
16;11143
16;11144
16;11145
16;11146
16;11147
16;11148
16;11149
16;11150
16;11151
16;11152
16;11153
16;11154
16;11155
16;11156
16;11157
16;11158
16;11159
16;11160
16;11161
16;11162
16;11163
16;11164
16;11165
16;11166
16;11167
16;11168
16;11169
16;11170
16;11171
16;11172
16;11173
16;11174
16;11175
16;11176
16;11177
16;11178
16;11179
16;11180
16;11181
16;11182
16;11184
16;11185
16;11186
16;11187
16;11188
16;11189
16;11190
16;11191
16;11192
16;11193
16;11194
16;11195
16;11196
16;11197
16;11198
16;11199
16;11200
16;11201
16;11202
16;11203
16;11204
16;11205
16;11206
16;11207
16;11208
16;11209
16;11210
16;11211
16;11212
16;11213
16;11214
16;11215
16;11216
16;11217
16;11218
16;11219
16;11220
16;11221
16;11222
16;11223
16;11224
16;11225
16;11226
16;11227
16;11228
16;11230
16;11232
16;11233
16;11234
16;11235
16;11236
16;11237
16;11238
16;11239
16;11240
16;11241
16;11242
16;11243
16;11244
16;11245
16;11246
16;11247
16;11248
16;11249
16;11250
16;11251
16;11252
16;11253
16;11254
16;11255
16;11256
16;11257
16;11258
16;11259
16;11260
16;11261
16;11262
16;11263
16;11264
16;11265
16;11266
16;11267
16;11268
16;11269
16;11270
16;11273
16;11274
16;11275
16;11276
16;11277
16;11278
16;11279
16;11280
16;11281
16;11282
16;11283
16;11284
16;11285
16;11286
16;11287
16;11288
16;11289
16;11290
16;11291
16;11292
16;11293
16;11294
16;11295
16;11296
16;11297
16;11298
16;11299
16;11300
16;11301
16;11302
16;11303
16;11304
16;11305
16;11307
16;11312
16;11313
16;11315
16;11317
16;11318
16;11319
16;11320
16;11321
16;11322
16;11323
16;11324
16;11325
16;11332
16;11333
16;11334
16;11335
16;11336
16;11337
16;11340
16;11342
16;11343
16;11344
16;11345
16;11346
16;11347
16;11349
16;11350
16;11351
16;11352
16;11353
16;11354
16;11355
16;11357
16;11358
16;11359
16;11360
16;11362
16;11363
16;11364
16;11368
16;11369
16;11372
16;11373
16;11375
16;11376
16;11400
16;11401
16;11402
16;11403
16;11405
16;11407
16;11439
16;11460
16;11461
16;11539
16;11540
16;11541
16;11542
16;11543
16;11544
16;11545
16;11546
16;11547
16;11548
16;11549
16;11550
16;11551
16;11558
16;11559
16;11561
16;11563
16;11564
16;11565
16;11566
16;11567
16;11575
16;11576
16;11577
16;11578
16;11579
16;11580
16;11655
16;11683
16;11910
16;11915
16;11916
16;11917
16;11918
16;11919
16;11920
16;11921
16;11922
16;11923
16;11924
16;11925
16;11926
16;11927
16;11928
16;11929
16;11930
16;11931
16;11932
16;11933
16;11934
16;11935
16;11936
16;11937
16;11938
16;11939
16;11940
16;11941
16;11942
16;11943
16;11944
16;11945
16;11946
16;11947
16;11948
16;11949
16;11950
16;11951
16;11952
16;11953
16;11954
16;11955
16;11956
16;11957
16;11958
16;11959
16;11960
16;11961
16;11962
16;11963
16;11964
16;11965
16;11966
16;11967
16;11968
16;11969
16;11970
16;11971
16;11972
16;11973
16;11974
16;11975
16;11976
16;11977
16;11978
16;11979
16;11980
16;11981
16;11982
16;11983
16;11984
16;11985
16;11986
16;11987
16;11988
16;11989
16;11990
16;11991
16;11992
16;11993
16;11994
16;11995
16;11996
16;11997
16;11998
16;11999
16;12000
16;12001
16;12002
16;12003
16;12004
16;12005
16;12006
16;12007
16;12008
16;12009
16;12010
16;12011
16;12012
16;12013
16;12014
16;12015
16;12016
16;12017
16;12018
16;12019
16;12020
16;12021
16;12022
16;12023
16;12024
16;12025
16;12026
16;12027
16;12028
16;12029
16;12030
16;12031
16;12032
16;12033
16;12034
16;12035
16;12036
16;12037
16;12038
16;12039
16;12040
16;12041
16;12042
16;12043
16;12044
16;12045
16;12046
16;12047
16;12048
16;12049
16;12050
16;12051
16;12052
16;12053
16;12054
16;12055
16;12056
16;12057
16;12058
16;12059
16;12060
16;12061
16;12062
16;12063
16;12064
16;12065
16;12066
16;12067
16;12068
16;12069
16;12070
16;12071
16;12072
16;12073
16;12074
16;12075
16;12076
16;12077
16;12078
16;12079
16;12080
16;12081
16;12082
16;12083
16;12084
16;12085
16;12086
16;12087
16;12088
16;12089
16;12090
16;12091
16;12092
16;12093
16;12094
16;12095
16;12096
16;12097
16;12098
16;12099
16;12100
16;13541
16;13542
16;13543
16;13544
16;13545
16;13546
16;13547
16;13548
16;13549
16;13550
16;13551
16;13552
16;13553
16;13554
16;13555
16;13556
16;13557
16;13558
16;13559
16;13560
16;13561
16;13562
16;13563
16;13564
16;13565
16;13566
16;13567
16;13568
16;13569
16;13570
16;13571
16;13572
16;13573
16;13574
16;13575
16;13576
16;13577
16;13578
16;13579
16;13580
16;13581
16;13582
16;13583
16;13584
16;13585
16;13586
16;13587
16;13588
16;13589
16;13590
16;13591
16;13592
16;13593
16;13594
16;13595
16;13596
16;13597
16;13598
16;13599
16;13600
16;13601
16;13602
16;13603
16;13604
16;13605
16;13606
16;13607
16;13608
16;13609
16;13610
16;13611
16;13612
16;13613
16;13614
16;13615
16;13616
16;13617
16;13618
16;13619
16;13620
16;13621
16;13622
16;13623
16;13624
16;13625
16;13626
16;13627
16;13628
16;13629
16;13630
16;13631
16;13632
16;13633
16;13634
16;13635
16;13636
16;13637
16;13638
16;13639
16;13640
16;13641
16;13642
16;13643
16;13644
16;13645
16;13646
16;13647
16;13648
16;13649
16;13650
16;13651
16;13652
16;13653
16;13654
16;13655
16;13656
16;13657
16;13658
16;13659
16;13660
16;13661
16;13662
16;13663
16;13664
16;13665
16;13666
16;13667
16;13668
16;13669
16;13670
16;13671
16;13672
16;13673
16;13674
16;13675
16;13676
16;13677
16;13678
16;13679
16;13680
16;13681
16;13682
16;13683
16;13684
16;13685
16;13686
16;13687
16;13688
16;13689
16;13690
16;13691
16;13692
16;13693
16;13694
16;13695
16;13696
16;13697
16;13698
16;13699
16;13700
16;13701
16;13702
16;13703
16;13704
16;13705
16;13706
16;13707
16;13708
16;13709
16;13710
16;13711
16;13712
16;13713
16;13714
16;13715
16;13716
16;13717
16;13718
16;13719
16;13720
16;13721
16;13722
16;13723
16;13724
16;13725
16;13726
16;13727
16;13728
16;13729
16;13730
16;13731
16;13732
16;13733
16;13734
16;13735
16;13736
16;13737
16;13738
16;13739
16;13740
16;13741
16;13742
16;13743
16;13744
16;13745
16;13746
16;13747
16;13748
16;13749
16;13750
16;13751
16;13752
16;13753
16;13754
16;13755
16;13756
16;13757
16;13758
16;13759
16;13760
16;13761
16;13762
16;13763
16;13764
16;13765
16;13766
16;13767
16;13768
16;13769
16;13770
16;13771
16;13772
16;13773
16;13774
16;13775
16;13776
16;13777
16;13778
16;13779
16;13780
16;13781
16;13782
16;13783
16;13784
16;13785
16;13786
16;13787
16;13788
16;13789
16;13790
16;13791
16;13792
16;13793
16;13794
16;13795
16;13796
16;13797
16;13798
16;13799
16;13800
16;13801
16;13802
16;13803
16;13804
16;13805
16;13806
16;13807
16;13808
16;13809
16;13810
16;13811
16;13812
16;13813
16;13814
16;13815
16;13816
16;13817
16;13818
16;13819
16;13820
16;13821
16;13822
16;13823
16;13824
16;13825
16;13826
16;13827
16;13828
16;13829
16;13830
16;13831
16;13832
16;13833
16;13834
16;13835
16;13836
16;13837
16;13838
16;13839
16;13840
16;13841
16;13842
16;13843
16;13844
16;13845
16;13846
16;13847
16;13848
16;13849
16;13850
16;13851
16;13852
16;13853
16;13854
16;13855
16;13856
16;13857
16;13858
16;13859
16;13860
16;13861
16;13862
16;13863
16;13864
16;13865
16;13866
16;13867
16;13868
16;13869
16;13870
16;13871
16;13872
16;13873
16;13874
16;13875
16;13876
16;13877
16;13878
16;13879
16;13880
16;13881
16;13882
16;13883
16;13884
16;13885
16;13886
16;13887
16;13888
16;13889
16;13890
16;13891
16;13892
16;13893
16;13894
16;13895
16;13896
16;13897
16;13898
16;13899
16;13900
16;13901
16;13902
16;13903
16;13904
16;13905
16;13906
16;13907
16;13908
16;13909
16;13910
16;13911
16;13912
16;13913
16;13914
16;13915
16;13916
16;13917
16;13918
16;13919
16;13920
16;13921
16;13922
16;13923
16;13924
16;13925
16;13926
16;13927
16;13928
16;13929
16;13930
16;13931
16;13932
16;13933
16;13934
16;13935
16;13936
16;13937
16;13938
16;13939
16;13940
16;13941
16;13942
16;13943
16;13944
16;13945
16;13946
16;13947
16;13948
16;13949
16;13950
16;13951
16;13952
16;13953
16;13954
16;13955
16;13956
16;13957
16;13958
16;13959
16;13960
16;13961
16;13962
16;13963
16;13964
16;13965
16;13966
16;13967
16;13968
16;13969
16;13970
16;13971
16;13972
16;13973
16;13974
16;13975
16;13976
16;13977
16;13978
16;13979
16;13980
16;13981
16;13982
16;13983
16;13984
16;13985
16;13986
16;13987
16;13988
16;13989
16;13990
16;13991
16;13992
16;13993
16;13994
16;13995
16;13996
16;13997
16;13998
16;13999
16;14000
16;14001
16;14002
16;14003
16;14004
16;14005
16;14006
16;14007
16;14008
16;14009
16;14010
16;14011
16;14012
16;14013
16;14014
16;14015
16;14016
16;14017
16;14018
16;14019
16;14020
16;14021
16;14022
16;14023
16;14024
16;14025
16;14026
16;14027
16;14028
16;14029
16;14030
16;14031
16;14032
16;14033
16;14034
16;14035
16;14036
16;14037
16;14038
16;14039
16;14040
16;14041
16;14042
16;14043
16;14044
16;14045
16;14046
16;14047
16;14048
16;14049
16;14050
16;14051
16;14052
16;14053
16;14054
16;14055
16;14056
16;14057
16;14058
16;14059
16;14060
16;14061
16;14062
16;14063
16;14064
16;14065
16;14066
16;14067
16;14068
16;14069
16;14070
16;14071
16;14072
16;14073
16;14074
16;14075
16;14076
16;14077
16;14078
16;14079
16;14080
16;14081
16;14082
16;14083
16;14084
16;14085
16;14086
16;14087
16;14088
16;14089
16;14090
16;14091
16;14092
16;14093
16;14094
16;14095
16;14096
16;14097
16;14098
16;14099
16;14100
16;14101
16;14102
16;14103
16;14104
16;14105
16;14106
16;14107
16;14108
16;14109
16;14110
16;14111
16;14112
16;14113
16;14114
16;14115
16;14116
16;14117
16;14118
16;14119
16;14120
16;14121
16;14122
16;14123
16;14124
16;14125
16;14126
16;14127
16;14128
16;14129
16;14130
16;14131
16;14132
16;14133
16;14134
16;14135
16;14136
16;14137
16;14138
16;14139
16;14140
16;14141
16;14142
16;14143
16;14144
16;14145
16;14146
16;14147
16;14148
16;14149
16;14150
16;14151
16;14152
16;14153
16;14154
16;14155
16;14156
16;14157
16;14158
16;14159
16;14160
16;14161
16;14162
16;14163
16;14164
16;14165
16;14166
16;14167
16;14168
16;14169
16;14170
16;14171
16;14172
16;14173
16;14174
16;14175
16;14176
16;14177
16;14178
16;14179
16;14180
16;14181
16;14182
16;14183
16;14184
16;14185
16;14186
16;14187
16;14188
16;14189
16;14190
16;14191
16;14192
16;14193
16;14194
16;14195
16;14196
16;14197
16;14198
16;14199
16;14200
16;14201
16;14202
16;14203
16;14204
16;14205
16;14206
16;14207
16;14208
16;14209
16;14210
16;14211
16;14212
16;14213
16;14214
16;14215
16;14216
16;14217
16;14218
16;14219
16;14220
16;14221
16;14222
16;14223
16;14224
16;14225
16;14226
16;14227
16;14228
16;14229
16;14230
16;14231
16;14232
16;14233
16;14234
16;14235
16;14236
16;14237
16;14238
16;14239
16;14240
16;14241
16;14242
16;14243
16;14244
16;14245
16;14246
16;14247
16;14248
16;14249
16;14250
16;14251
16;14252
16;14253
16;14254
16;14255
16;14256
16;14257
16;14258
16;14259
16;14260
16;14261
16;14262
16;14263
16;14264
16;14265
16;14266
16;14267
16;14268
16;14269
16;14270
16;14271
16;14272
16;14273
16;14274
16;14275
16;14276
16;14277
16;14278
16;14279
16;14280
16;14281
16;14282
16;14283
16;14284
16;14285
16;14286
16;14287
16;14288
16;14289
16;14290
16;14291
16;14292
16;14293
16;14294
16;14295
16;14296
16;14297
16;14298
16;14299
16;14300
16;14301
16;14302
16;14303
16;14304
16;14305
16;14306
16;14307
16;14308
16;14309
16;14310
16;14311
16;14312
16;14313
16;14314
16;14315
16;14316
16;14317
16;14318
16;14319
16;14320
16;14321
16;14322
16;14323
16;14324
16;14325
16;14326
16;14327
16;14328
16;14329
16;14330
16;14331
16;14332
16;14333
16;14334
16;14335
16;14336
16;14337
16;14338
16;14339
16;14340
16;14341
16;14342
16;14343
16;14344
16;14345
16;14346
16;14347
16;14348
16;14349
16;14350
16;14351
16;14352
16;14353
16;14354
16;14355
16;14356
16;14357
16;14358
16;14359
16;14360
16;14361
16;14362
16;14363
16;14364
16;14365
16;14366
16;14367
16;14368
16;14369
16;14370
16;14371
16;14372
16;14373
16;14374
16;14375
16;14376
16;14377
16;14378
16;14379
16;14380
16;14381
16;14382
16;14383
16;14384
16;14385
16;14386
16;14387
16;14388
16;14389
16;14390
16;14391
16;14392
16;14393
16;14394
16;14395
16;14396
16;14397
16;14398
16;14399
16;14400
16;14401
16;14402
16;14403
16;14404
16;14405
16;14406
16;14407
16;14408
16;14409
16;14410
16;14411
16;14412
16;14413
16;14414
16;14415
16;14416
16;14417
16;14418
16;14419
16;14420
16;14421
16;14422
16;14423
16;14424
16;14425
16;14426
16;14427
16;14428
16;14429
16;14430
16;14431
16;14432
16;14433
16;14434
16;14435
16;14436
16;14437
16;14438
16;14439
16;14440
16;14441
16;14442
16;14443
16;14444
16;14445
16;14446
16;14447
16;14448
16;14449
16;14450
16;14451
16;14452
16;14453
16;14454
16;14455
16;14456
16;14457
16;14458
16;14459
16;14460
16;14461
16;14462
16;14463
16;14464
16;14465
16;14466
16;14467
16;14468
16;14469
16;14470
16;14471
16;14472
16;14473
16;14474
16;14475
16;14476
16;14477
16;14478
16;14479
16;14480
16;14481
16;14482
16;14483
16;14484
16;14485
16;14486
16;14487
16;14488
16;14489
16;14490
16;14491
16;14492
16;14493
16;14494
16;14495
16;14496
16;14497
16;14498
16;14499
16;14500
16;14501
16;14502
16;14503
16;14504
16;14505
16;14506
16;14507
16;14508
16;14509
16;14510
16;14511
16;14512
16;14513
16;14514
16;14515
16;14516
16;14517
16;14518
16;14519
16;14520
16;14521
16;14522
16;14523
16;14524
16;14525
16;14526
16;14527
16;14528
16;14529
16;14530
16;14531
16;14532
16;14533
16;14534
16;14535
16;14536
16;14537
16;14538
16;14539
16;14540
16;14541
16;14542
16;14543
16;14544
16;14545
16;14546
16;14547
16;14548
16;14549
16;14550
16;14551
16;14552
16;14553
16;14554
16;14555
16;14556
16;14557
16;14558
16;14559
16;14560
16;14561
16;14562
16;14563
16;14564
16;14565
16;14566
16;14567
16;14568
16;14569
16;14570
16;14571
16;14572
16;14573
16;14574
16;14575
16;14576
16;14577
16;14578
16;14579
16;14580
16;14581
16;14582
16;14583
16;14584
16;14585
16;14586
16;14587
16;14588
16;14589
16;14590
16;14591
16;14592
16;14593
16;14594
16;14595
16;14596
16;14597
16;14598
16;14599
16;14600
16;14601
16;14602
16;14603
16;14604
16;14605
16;14606
16;14607
16;14608
16;14609
16;14610
16;14611
16;14612
16;14613
16;14614
16;14615
16;14616
16;14617
16;14618
16;14619
16;14620
16;14621
16;14622
16;14623
16;14624
16;14625
16;14626
16;14627
16;14628
16;14629
16;14630
16;14631
16;14632
16;14633
16;14634
16;14635
16;14636
16;14637
16;14638
16;14639
16;14640
16;14641
16;14642
16;14643
16;14644
16;14645
16;14646
16;14647
16;14648
16;14649
16;14650
16;14651
16;14652
16;14653
16;14654
16;14655
16;14656
16;14657
16;14658
16;14659
16;14660
16;14661
16;14662
16;14663
16;14664
16;14665
16;14666
16;14667
16;14668
16;14669
16;14670
16;14671
16;14672
16;14673
16;14674
16;14675
16;14676
16;14677
16;14678
16;14679
16;14680
16;14681
16;14682
16;14683
16;14684
16;14685
16;14686
16;14687
16;14688
16;14689
16;14690
16;14691
16;14692
16;14693
16;14694
16;14695
16;14696
16;14697
16;14698
16;14699
16;14700
16;14701
16;14702
16;14703
16;14704
16;14705
16;14706
16;14707
16;14708
16;14709
16;14710
16;14711
16;14712
16;14713
16;14714
16;14715
16;14716
16;14717
16;14718
16;14719
16;14720
16;14721
16;14722
16;14723
16;14724
16;14725
16;14726
16;14727
16;14728
16;14729
16;14730
16;14731
16;14732
16;14733
16;14734
16;14735
16;14736
16;14737
16;14738
16;14739
16;14740
16;14741
16;14742
16;14743
16;14744
16;14745
16;14746
16;14747
16;14748
16;14749
16;14750
16;14751
16;14752
16;14753
16;14754
16;14755
16;14756
16;14757
16;14758
16;14759
16;14760
16;14761
16;14762
16;14763
16;14764
16;14765
16;14766
16;14767
16;14768
16;14769
16;14770
16;14771
16;14772
16;14773
16;14774
16;14775
16;14776
16;14777
16;14778
16;14779
16;14780
16;14781
16;14782
16;14783
16;14784
16;14785
16;14786
16;14787
16;14788
16;14789
16;14790
16;14791
16;14792
16;14793
16;14794
16;14795
16;14796
16;14797
16;14798
16;14799
16;14800
16;14801
16;14802
16;14803
16;14804
16;14805
16;14806
16;14807
16;14808
16;14809
16;14810
16;14811
16;14812
16;14813
16;14814
16;14815
16;14816
16;14817
16;14818
16;14819
16;14820
16;14821
16;14822
16;14823
16;14824
16;14825
16;14826
16;14827
16;14828
16;14829
16;14830
16;14831
16;14832
16;14833
16;14834
16;14835
16;14836
16;14837
16;14838
16;14839
16;14840
16;14841
16;14842
16;14843
16;14844
16;14845
16;14846
16;14847
16;14848
16;14849
16;14850
16;14851
16;14852
16;14853
16;14854
16;14855
16;14856
16;14857
16;14858
16;14859
16;14860
16;14861
16;14862
16;14863
16;14864
16;14865
16;14866
16;14867
16;14868
16;14869
16;14870
16;14871
16;14872
16;14873
16;14874
16;14875
16;14876
16;14877
16;14878
16;14879
16;14880
16;14881
16;14882
16;14883
16;14884
16;14885
16;14886
16;14887
16;14888
16;14889
16;14890
16;14891
16;14892
16;14893
16;14894
16;14895
16;14896
16;14897
16;14898
16;14899
16;14900
16;14901
16;14902
16;14903
16;14904
16;14905
16;14906
16;14907
16;14908
16;14909
16;14910
16;14911
16;14912
16;14913
16;14914
16;14915
16;14916
16;14917
16;14918
16;14919
16;14920
16;14921
16;14922
16;14923
16;14924
16;14925
16;14926
16;14927
16;14928
16;14929
16;14930
16;14931
16;14932
16;14933
16;14934
16;14935
16;14936
16;14937
16;14938
16;14939
16;14940
16;14941
16;14942
16;14943
16;14944
16;14945
16;14946
16;14947
16;14948
16;14949
16;14950
16;14951
16;14952
16;14953
16;14954
16;14955
16;14956
16;14957
16;14958
16;14959
16;14960
16;14961
16;14962
16;14963
16;14964
16;14965
16;14966
16;14967
16;14968
16;14969
16;14970
16;14971
16;14972
16;14973
16;14974
16;14975
16;14976
16;14977
16;14978
16;14979
16;14980
16;14981
16;14982
16;14983
16;14984
16;14985
16;14986
16;14987
16;14988
16;14989
16;14990
16;14991
16;14992
16;14993
16;14994
16;14995
16;14996
16;14997
16;14998
16;14999
16;15000
16;15001
16;15002
16;15003
16;15004
16;15005
16;15006
16;15007
16;15008
16;15009
16;15010
16;15011
16;15012
16;15013
16;15014
16;15015
16;15016
16;15017
16;15018
16;15019
16;15020
16;15021
16;15022
16;15023
16;15024
16;15025
16;15026
16;15027
16;15028
16;15029
16;15030
16;15031
16;15032
16;15033
16;15034
16;15035
16;15036
16;15037
16;15038
16;15039
16;15040
16;15041
16;15042
16;15043
16;15044
16;15045
16;15046
16;15047
16;15048
16;15049
16;15050
16;15051
16;15052
16;15053
16;15054
16;15055
16;15056
16;15057
16;15058
16;15059
16;15060
16;15061
16;15062
16;15063
16;15064
16;15065
16;15066
16;15067
16;15068
16;15069
16;15070
16;15071
16;15072
16;15073
16;15074
16;15075
16;15076
16;15077
16;15078
16;15079
16;15080
16;15081
16;15082
16;15083
16;15084
16;15085
16;15086
16;15087
16;15088
16;15089
16;15090
16;15091
16;15092
16;15093
16;15094
16;15095
16;15096
16;15097
16;15098
16;15099
16;15100
16;15101
16;15102
16;15103
16;15104
16;15105
16;15106
16;15107
16;15108
16;15109
16;15110
16;15111
16;15112
16;15113
16;15114
16;15115
16;15116
16;15117
16;15118
16;15119
16;15120
16;15121
16;15122
16;15123
16;15124
16;15125
16;15126
16;15127
16;15128
16;15129
16;15130
16;15131
16;15132
16;15133
16;15134
16;15135
16;15136
16;15137
16;15138
16;15139
16;15140
16;15141
16;15142
16;15143
16;15144
16;15145
16;15146
16;15147
16;15148
16;15149
16;15150
16;15151
16;15152
16;15153
16;15154
16;15155
16;15156
16;15157
16;15158
16;15159
16;15160
16;15161
16;15162
16;15163
16;15164
16;15165
16;15166
16;15167
16;15168
16;15169
16;15170
16;15171
16;15172
16;15173
16;15174
16;15175
16;15176
16;15177
16;15178
16;15179
16;15180
16;15181
16;15182
16;15183
16;15184
16;15185
16;15186
16;15187
16;15188
16;15189
16;15190
16;15191
16;15192
16;15193
16;15194
16;15195
16;15196
16;15197
16;15198
16;15199
16;15200
16;15201
16;15202
16;15203
16;15204
16;15205
16;15206
16;15207
16;15208
16;15209
16;15210
16;15211
16;15212
16;15213
16;15214
16;15215
16;15216
16;15217
16;15218
16;15219
16;15220
16;15221
16;15222
16;15223
16;15224
16;15225
16;15226
16;15227
16;15228
16;15229
16;15230
16;15231
16;15232
16;15233
16;15234
16;15235
16;15236
16;15237
16;15238
16;15239
16;15240
16;15241
16;15242
16;15243
16;15244
16;15245
16;15246
16;15247
16;15248
16;15249
16;15250
16;15251
16;15252
16;15253
16;15254
16;15255
16;15256
16;15257
16;15258
16;15259
16;15260
16;15261
16;15262
16;15263
16;15264
16;15265
16;15266
16;15267
16;15268
16;15269
16;15270
16;15271
16;15272
16;15273
16;15274
16;15275
16;15276
16;15277
16;15278
16;15279
16;15280
16;15281
16;15282
16;15283
16;15284
16;15285
16;15286
16;15287
16;15288
16;15289
16;15290
16;15291
16;15292
16;15293
16;15294
16;15295
16;15296
16;15297
16;15298
16;15299
16;15300
16;15301
16;15302
16;15303
16;15304
16;15305
16;15306
16;15307
16;15308
16;15309
16;15310
16;15311
16;15312
16;15313
16;15314
16;15315
16;15316
16;15317
16;15318
16;15319
16;15320
16;15321
16;15322
16;15323
16;15324
16;15325
16;15326
16;15327
16;15328
16;15329
16;15330
16;15331
16;15332
16;15333
16;15334
16;15335
16;15336
16;15337
16;15338
16;15339
16;15340
16;15341
16;15342
16;15343
16;15344
16;15345
16;15346
16;15347
16;15348
16;15349
16;15350
16;15351
16;15352
16;15353
16;15354
16;15355
16;15356
16;15357
16;15358
16;15359
16;15360
16;15361
16;15362
16;15363
16;15364
16;15365
16;15366
16;15367
16;15368
16;15369
16;15370
16;15371
16;15372
16;15373
16;15374
16;15375
16;15376
16;15377
16;15378
16;15379
16;15380
16;15381
16;15382
16;15383
16;15384
16;15385
16;15386
16;15387
16;15388
16;15389
16;15390
16;15391
16;15392
16;15393
16;15394
16;15395
16;15396
16;15397
16;15398
16;15399
16;15400
16;15401
16;15402
16;15403
16;15404
16;15405
16;15406
16;15407
16;15408
16;15409
16;15410
16;15411
16;15412
16;15413
16;15414
16;15415
16;15416
16;15417
16;15418
16;15419
16;15420
16;15421
16;15422
16;15423
16;15424
16;15425
16;15426
16;15427
16;15428
16;15429
16;15430
16;15431
16;15432
16;15433
16;15434
16;15435
16;15436
16;15437
16;15438
16;15439
16;15440
16;15441
16;15442
16;15443
16;15444
16;15445
16;15446
16;15447
16;15448
16;15449
16;15450
16;15451
16;15452
16;15453
16;15454
16;15455
16;15456
16;15457
16;15458
16;15459
16;15460
16;15461
16;15462
16;15463
16;15464
16;15465
16;15466
16;15467
16;15468
16;15469
16;15470
16;15471
16;15472
16;15473
16;15474
16;15475
16;15476
16;15477
16;15478
16;15479
16;15480
16;15481
16;15482
16;15483
16;15484
16;15485
16;15486
16;15487
16;15488
16;15489
16;15490
16;15491
16;15492
16;15493
16;15494
16;15495
16;15496
16;15497
16;15498
16;15499
16;15500
16;15501
16;15502
16;15503
16;15504
16;15505
16;15506
16;15507
16;15508
16;15509
16;15510
16;15511
16;15512
16;15513
16;15514
16;15515
16;15516
16;15517
16;15518
16;15519
16;15520
16;15521
16;15522
16;15523
16;15524
16;15525
16;15526
16;15527
16;15528
16;15529
16;15530
16;15531
16;15532
16;15533
16;15534
16;15535
16;15536
16;15537
16;15538
16;15539
16;15540
16;15541
16;15542
16;15543
16;15544
16;15545
16;15546
16;15547
16;15548
16;15549
16;15550
16;15551
16;15552
16;15553
16;15554
16;15555
16;15556
16;15557
16;15558
16;15559
16;15560
16;15561
16;15562
16;15563
16;15564
16;15565
16;15566
16;15567
16;15568
16;15569
16;15570
16;15571
16;15572
16;15573
16;15574
16;15575
16;15576
16;15577
16;15578
16;15579
16;15580
16;15581
16;15582
16;15583
16;15584
16;15585
16;15586
16;15587
16;15588
16;15589
16;15590
16;15591
16;15592
16;15593
16;15594
16;15595
16;15596
16;15597
16;15598
16;15599
16;15600
16;15601
16;15602
16;15603
16;15604
16;15605
16;15606
16;15607
16;15608
16;15609
16;15610
16;15611
16;15612
16;15613
16;15614
16;15615
16;15616
16;15617
16;15618
16;15619
16;15620
16;15621
16;15622
16;15623
16;15624
16;15625
16;15626
16;15627
16;15628
16;15629
16;15630
16;15631
16;15632
16;15633
16;15634
16;15635
16;15636
16;15637
16;15638
16;15639
16;15640
16;15641
16;15642
16;15643
16;15644
16;15645
16;15646
16;15647
16;15648
16;15649
16;15650
16;15651
16;15652
16;15653
16;15654
16;15655
16;15656
16;15657
16;15658
16;15659
16;15660
16;15661
16;15662
16;15663
16;15664
16;15665
16;15666
16;15667
16;15668
16;15669
16;15670
16;15671
16;15672
16;15673
16;15674
16;15675
16;15676
16;15677
16;15678
16;15679
16;15680
16;15681
16;15682
16;15683
16;15684
16;15685
16;15686
16;15687
16;15688
16;15689
16;15690
16;15691
16;15692
16;15693
16;15694
16;15695
16;15696
16;15697
16;15698
16;15699
16;15700
16;15701
16;15702
16;15703
16;15704
16;15705
16;15706
16;15707
16;15708
16;15709
16;15710
16;15711
16;15712
16;15713
16;15714
16;15715
16;15716
16;15717
16;15718
16;15719
16;15720
16;15721
16;15722
16;15723
16;15724
16;15725
16;15726
16;15727
16;15728
16;15729
16;15730
16;15731
16;15732
16;15733
16;15734
16;15735
16;15736
16;15737
16;15738
16;15739
16;15740
16;15741
16;15742
16;15743
16;15744
16;15745
16;15746
16;15747
16;15748
16;15749
16;15750
16;15751
16;15752
16;15753
16;15754
16;15755
16;15756
16;15757
16;15758
16;15759
16;15760
16;15761
16;15762
16;15763
16;15764
16;15765
16;15766
16;15767
16;15768
16;15769
16;15770
16;15771
16;15772
16;15773
16;15774
16;15775
16;15776
16;15777
16;15778
16;15779
16;15780
16;15781
16;15782
16;15783
16;15784
16;15785
16;15786
16;15787
16;15788
16;15789
16;15790
16;15791
16;15792
16;15793
16;15794
16;15795
16;15796
16;15797
16;15798
16;15799
16;15800
16;15801
16;15802
16;15803
16;15804
16;15805
16;15806
16;15807
16;15808
16;15809
16;15810
16;15811
16;15812
16;15813
16;15814
16;15815
16;15816
16;15817
16;15818
16;15819
16;15820
16;15821
16;15822
16;15823
16;15824
16;15825
16;15826
16;15827
16;15828
16;15829
16;15830
16;15831
16;15832
16;15833
16;15834
16;15835
16;15836
16;15837
16;15838
16;15839
16;15840
16;15841
16;15842
16;15843
16;15844
16;15845
16;15846
16;15847
16;15848
16;15849
16;15850
16;15851
16;15852
16;15853
16;15854
16;15855
16;15856
16;15857
16;15858
16;15859
16;15860
16;15861
16;15862
16;15863
16;15864
16;15865
16;15866
16;15867
16;15868
16;15869
16;15870
16;15871
16;15872
16;15873
16;15874
16;15875
16;15876
16;15877
16;15878
16;15879
16;15880
16;15881
16;15882
16;15883
16;15884
16;15885
16;15886
16;15887
16;15888
16;15889
16;15890
16;15891
16;15892
16;15893
16;15894
16;15895
16;15896
16;15897
16;15898
16;15899
16;15900
16;15901
16;15902
16;15903
16;15904
16;15905
16;15906
16;15907
16;15908
16;15909
16;15910
16;15911
16;15912
16;15913
16;15914
16;15915
16;15916
16;15917
16;15918
16;15919
16;15920
16;15921
16;15922
16;15923
16;15924
16;15925
16;15926
16;15927
16;15928
16;15929
16;15930
16;15931
16;15932
16;15933
16;15934
16;15935
16;15936
16;15937
16;15938
16;15939
16;15940
16;15941
16;15942
16;15943
16;15944
16;15945
16;15946
16;15947
16;15948
16;15949
16;15950
16;15951
16;15952
16;15953
16;15954
16;15955
16;15956
16;15957
16;15958
16;15959
16;15960
16;15961
16;15962
16;15963
16;15964
16;15965
16;15966
16;15967
16;15968
16;15969
16;15970
16;15971
16;15972
16;15973
16;15974
16;15975
16;15976
16;15977
16;15978
16;15979
16;15980
16;15981
16;15982
16;15983
16;15984
16;15985
16;15986
16;15987
16;15988
16;15989
16;15990
16;15991
16;15992
16;15993
16;15994
16;15995
16;15996
16;15997
16;15998
16;15999
16;16000
16;16001
16;16002
16;16003
16;16004
16;16005
16;16006
16;16007
16;16008
16;16009
16;16010
16;16011
16;16012
16;16013
16;16014
16;16015
16;16016
16;16017
16;16018
16;16019
16;16020
16;16021
16;16022
16;16023
16;16024
16;16025
16;16026
16;16027
16;16028
16;16029
16;16030
16;16031
16;16032
16;16033
16;16034
16;16035
16;16036
16;16037
16;16038
16;16039
16;16040
16;16041
16;16042
16;16043
16;16044
16;16045
16;16046
16;16047
16;16048
16;16049
16;16050
16;16051
16;16052
16;16053
16;16054
16;16055
16;16056
16;16057
16;16058
16;16059
16;16060
16;16061
16;16062
16;16063
16;16064
16;16065
16;16066
16;16067
16;16068
16;16069
16;16070
16;16071
16;16072
16;16073
16;16074
16;16075
16;16076
16;16077
16;16078
16;16079
16;16080
16;16081
16;16082
16;16083
16;16084
16;16085
16;16086
16;16087
16;16088
16;16089
16;16090
16;16091
16;16092
16;16093
16;16094
16;16095
16;16096
16;16097
16;16098
16;16099
16;16100
16;16101
16;16102
16;16103
16;16104
16;16105
16;16106
16;16107
16;16108
16;16109
16;16110
16;16111
16;16112
16;16113
16;16114
16;16115
16;16116
16;16117
16;16118
16;16119
16;16120
16;16121
16;16122
16;16123
16;16124
16;16125
16;16126
16;16127
16;16128
16;16129
16;16130
16;16131
16;16132
16;16133
16;16134
16;16135
16;16136
16;16137
16;16138
16;16139
16;16140
16;16141
16;16142
16;16143
16;16144
16;16145
16;16146
16;16147
16;16148
16;16149
16;16150
16;16151
16;16152
16;16153
16;16154
16;16155
16;16156
16;16157
16;16158
16;16159
16;16160
16;16161
16;16162
16;16163
16;16164
16;16165
16;16166
16;16167
16;16168
16;16169
16;16170
16;16171
16;16172
16;16173
16;16174
16;16175
16;16176
16;16177
16;16178
16;16179
16;16180
16;16181
16;16182
16;16183
16;16184
16;16185
16;16186
16;16187
16;16188
16;16189
16;16190
16;16191
16;16192
16;16193
16;16194
16;16195
16;16196
16;16197
16;16198
16;16199
16;16200
16;16201
16;16202
16;16203
16;16204
16;16205
16;16206
16;16207
16;16208
16;16209
16;16210
16;16211
16;16212
16;16213
16;16214
16;16215
16;16216
16;16217
16;16218
16;16219
16;16220
16;16221
16;16222
16;16223
16;16224
16;16225
16;16226
16;16227
16;16228
16;16229
16;16230
16;16231
16;16232
16;16233
16;16234
16;16235
16;16236
16;16237
16;16238
16;16239
16;16240
16;16241
16;16242
16;16243
16;16244
16;16245
16;16246
16;16247
16;16248
16;16249
16;16250
16;16251
16;16252
16;16253
16;16254
16;16255
16;16256
16;16257
16;16258
16;16259
16;16260
16;16261
16;16262
16;16263
16;16264
16;16265
16;16266
16;16267
16;16268
16;16269
16;16270
16;16271
16;16272
16;16273
16;16274
16;16275
16;16276
16;16277
16;16278
16;16279
16;16280
16;16281
16;16282
16;16283
16;16284
16;16285
16;16286
16;16287
16;16288
16;16289
16;16290
16;16291
16;16292
16;16293
16;16294
16;16295
16;16296
16;16297
16;16298
16;16299
16;16300
16;16301
16;16302
16;16303
16;16304
16;16305
16;16306
16;16307
16;16308
16;16309
16;16310
16;16311
16;16312
16;16313
16;16314
16;16315
16;16316
16;16317
16;16318
16;16319
16;16320
16;16321
16;16322
16;16323
16;16324
16;16325
16;16326
16;16327
16;16328
16;16329
16;16330
16;16331
16;16332
16;16333
16;16334
16;16335
16;16336
16;16337
16;16338
16;16339
16;16340
16;16341
16;16342
16;16343
16;16344
16;16345
16;16346
16;16347
16;16348
16;16349
16;16350
16;16351
16;16352
16;16353
16;16354
16;16355
16;16356
16;16357
16;16358
16;16359
16;16360
16;16361
16;16362
16;16363
16;16364
16;16365
16;16366
16;16367
16;16368
16;16369
16;16370
16;16371
16;16372
16;16373
16;16374
16;16375
16;16376
16;16377
16;16378
16;16379
16;16380
16;16381
16;16382
16;16383
16;16384
16;16385
16;16386
16;16387
16;16388
16;16389
16;16390
16;16391
16;16392
16;16393
16;16394
16;16395
16;16396
16;16397
16;16398
16;16399
16;16400
16;16401
16;16402
16;16403
16;16404
16;16405
16;16406
16;16407
16;16408
16;16409
16;16410
16;16411
16;16412
16;16413
16;16414
16;16415
16;16416
16;16417
16;16418
16;16419
16;16420
16;16421
16;16422
16;16423
16;16424
16;16425
16;16426
16;16427
16;16428
16;16429
16;16430
16;16431
16;16432
16;16433
16;16434
16;16435
16;16436
16;16437
16;16438
16;16439
16;16440
16;16441
16;16442
16;16443
16;16444
16;16445
16;16446
16;16447
16;16448
16;16449
16;16450
16;16451
16;16452
16;16453
16;16454
16;16455
16;16456
16;16457
16;16458
16;16459
16;16460
16;16461
16;16462
16;16463
16;16464
16;16465
16;16466
16;16467
16;16468
16;16469
16;16470
16;16471
16;16472
16;16473
16;16474
16;16475
16;16476
16;16477
16;16478
16;16479
16;16480
16;16481
16;16482
16;16483
16;16484
16;16485
16;16486
16;16487
16;16488
16;16489
16;16490
16;16491
16;16492
16;16493
16;16494
16;16495
16;16496
16;16497
16;16498
16;16499
16;16500
16;16501
16;16502
16;16503
16;16504
16;16505
16;16506
16;16507
16;16508
16;16509
16;16510
16;16511
16;16512
16;16513
16;16514
16;16515
16;16516
16;16517
16;16518
16;16519
16;16520
16;16521
16;16522
16;16523
16;16524
16;16525
16;16526
16;16527
16;16528
16;16529
16;16530
16;16531
16;16532
16;16533
16;16534
16;16535
16;16536
16;16537
16;16538
16;16539
16;16540
16;16541
16;16542
16;16543
16;16544
16;16545
16;16546
16;16547
16;16548
16;16549
16;16550
16;16551
16;16552
16;16553
16;16554
16;16555
16;16556
16;16557
16;16558
16;16559
16;16560
16;16561
16;16562
16;16563
16;16564
16;16565
16;16566
16;16567
16;16568
16;16569
16;16570
16;16571
16;16572
16;16573
16;16574
16;16575
16;16576
16;16577
16;16578
16;16579
16;16580
16;16581
16;16582
16;16583
16;16584
16;16585
16;16586
16;16587
16;16588
16;16589
16;16590
16;16591
16;16592
16;16593
16;16594
16;16595
16;16596
16;16597
16;16598
16;16599
16;16600
16;16601
16;16602
16;16603
16;16604
16;16605
16;16606
16;16607
16;16608
16;16609
16;16610
16;16611
16;16612
16;16613
16;16614
16;16615
16;16616
16;16617
16;16618
16;16619
16;16620
16;16621
16;16622
16;16623
16;16624
16;16625
16;16626
16;16627
16;16628
16;16629
16;16630
16;16631
16;16632
16;16633
16;16634
16;16635
16;16636
16;16637
16;16638
16;16639
16;16640
16;16641
16;16642
16;16643
16;16644
16;16645
16;16646
16;16647
16;16648
16;16649
16;16650
16;16651
16;16652
16;16653
16;16654
16;16655
16;16656
16;16657
16;16658
16;16659
16;16660
16;16661
16;16662
16;16663
16;16664
16;16665
16;16666
16;16667
16;16668
16;16669
16;16670
16;16671
16;16672
16;16673
16;16674
16;16675
16;16676
16;16677
16;16678
16;16679
16;16680
16;16681
16;16682
16;16683
16;16684
16;16685
16;16686
16;16687
16;16688
16;16689
16;16690
16;16691
16;16692
16;16693
16;16694
16;16695
16;16696
16;16697
16;16698
16;16699
16;16700
16;16701
16;16702
16;16703
16;16704
16;16705
16;16706
16;16707
16;16708
16;16709
16;16710
16;16711
16;16712
16;16713
16;16714
16;16715
16;16716
16;16717
16;16718
16;16719
16;16720
16;16721
16;16722
16;16723
16;16724
16;16725
16;16726
16;16727
16;16728
16;16729
16;16730
16;16731
16;16732
16;16733
16;16734
16;16735
16;16736
16;16737
16;16738
16;16739
16;16740
16;16741
16;16742
16;16743
16;16744
16;16745
16;16746
16;16747
16;16748
16;16749
16;16750
16;16751
16;16752
16;16753
16;16754
16;16755
16;16756
16;16757
16;16758
16;16759
16;16760
16;16761
16;16762
16;16763
16;16764
16;16765
16;16766
16;16767
16;16768
16;16769
16;16770
16;16771
16;16772
16;16773
16;16774
16;16775
16;16776
16;16777
16;16778
16;16779
16;16780
16;16781
16;16782
16;16783
16;16784
16;16785
16;16786
16;16787
16;16788
16;16789
16;16790
16;16791
16;16792
16;16793
16;16794
16;16795
16;16796
16;16797
16;16798
16;16799
16;16800
16;16801
16;16802
16;16803
16;16804
16;16805
16;16806
16;16807
16;16808
16;16809
16;16810
16;16811
16;16812
16;16813
16;16814
16;16815
16;16816
16;16817
16;16818
16;16819
16;16820
16;16821
16;16822
16;16823
16;16824
16;16825
16;16826
16;16827
16;16828
16;16829
16;16830
16;16831
16;16832
16;16833
16;16834
16;16835
16;16836
16;16837
16;16838
16;16839
16;16840
16;16841
16;16842
16;16843
16;16844
16;16845
16;16846
16;16847
16;16848
16;16849
16;16850
16;16851
16;16852
16;16853
16;16854
16;16855
16;16856
16;16857
16;16858
16;16859
16;16860
16;16861
16;16862
16;16863
16;16864
16;16865
16;16866
16;16867
16;16868
16;16869
16;16870
16;16871
16;16872
16;16873
16;16874
16;16875
16;16876
16;16877
16;16878
16;16879
16;16880
16;16881
16;16882
16;16883
16;16884
16;16885
16;16886
16;16887
16;16888
16;16889
16;16890
16;16891
16;16892
16;16893
16;16894
16;16895
16;16896
16;16897
16;16898
16;16899
16;16900
16;16901
16;16902
16;16903
16;16904
16;16905
16;16906
16;16907
16;16908
16;16909
16;16910
16;16911
16;16912
16;16913
16;16914
16;16915
16;16916
16;16917
16;16918
16;16919
16;16920
16;16921
16;16922
16;16923
16;16924
16;16925
16;16926
16;16927
16;16928
16;16929
16;16930
16;16931
16;16932
16;16933
16;16934
16;16935
16;16936
16;16937
16;16938
16;16939
16;16940
16;16941
16;16942
16;16943
16;16944
16;16945
16;16946
16;16947
16;16948
16;16949
16;16950
16;16951
16;16952
16;16953
16;16954
16;16955
16;16956
16;16957
16;16958
16;16959
16;16960
16;16961
16;16962
16;16963
16;16964
16;16965
16;16966
16;16967
16;16968
16;16969
16;16970
16;16971
16;16972
16;16973
16;16974
16;16975
16;16976
16;16977
16;16978
16;16979
16;16980
16;16981
16;16982
16;16983
16;16984
16;16985
16;16986
16;16987
16;16988
16;16989
16;16990
16;16991
16;16992
16;16993
16;16994
16;16995
16;16996
16;16997
16;16998
16;16999
16;17000
16;17001
16;17002
16;17003
16;17004
16;17005
16;17006
16;17007
16;17008
16;17009
16;17010
16;17011
16;17012
16;17013
16;17014
16;17015
16;17016
16;17017
16;17018
16;17019
16;17020
16;17021
16;17022
16;17023
16;17024
16;17025
16;17026
16;17027
16;17028
16;17029
16;17030
16;17031
16;17032
16;17033
16;17034
16;17035
16;17036
16;17037
16;17038
16;17039
16;17040
16;17041
16;17042
16;17043
16;17044
16;17045
16;17046
16;17047
16;17048
16;17049
16;17050
16;17051
16;17052
16;17053
16;17054
16;17055
16;17056
16;17057
16;17058
16;17059
16;17060
16;17061
16;17062
16;17063
16;17064
16;17065
16;17066
16;17067
16;17068
16;17069
16;17070
16;17071
16;17072
16;17073
16;17074
16;17075
16;17076
16;17077
16;17078
16;17079
16;17080
16;17081
16;17082
16;17083
16;17084
16;17085
16;17086
16;17087
16;17088
16;17089
16;17090
16;17091
16;17092
16;17093
16;17094
16;17095
16;17096
16;17097
16;17098
16;17099
16;17100
16;17101
16;17102
16;17103
16;17104
16;17105
16;17106
16;17107
16;17108
16;17109
16;17110
16;17111
16;17112
16;17113
16;17114
16;17115
16;17116
16;17117
16;17118
16;17119
16;17120
16;17121
16;17122
16;17123
16;17124
16;17125
16;17126
16;17127
16;17128
16;17129
16;17130
16;17131
16;17132
16;17133
16;17134
16;17135
16;17136
16;17137
16;17138
16;17139
16;17140
16;17141
16;17142
16;17143
16;17144
16;17145
16;17146
16;17147
16;17148
16;17149
16;17150
16;17151
16;17152
16;17153
16;17154
16;17155
16;17156
16;17157
16;17158
16;17159
16;17160
16;17161
16;17162
16;17163
16;17164
16;17165
16;17166
16;17167
16;17168
16;17169
16;17170
16;17171
16;17172
16;17173
16;17174
16;17175
16;17176
16;17177
16;17178
16;17179
16;17180
16;17181
16;17182
16;17183
16;17184
16;17185
16;17186
16;17187
16;17188
16;17189
16;17190
16;17191
16;17192
16;17193
16;17194
16;17195
16;17196
16;17197
16;17198
16;17199
16;17200
16;17201
16;17202
16;17203
16;17204
16;17205
16;17206
16;17207
16;17208
16;17209
16;17210
16;17211
16;17212
16;17213
16;17214
16;17215
16;17216
16;17217
16;17218
16;17219
16;17220
16;17221
16;17222
16;17223
16;17224
16;17225
16;17226
16;17227
16;17228
16;17229
16;17230
16;17231
16;17232
16;17233
16;17234
16;17235
16;17236
16;17237
16;17238
16;17239
16;17240
16;17241
16;17242
16;17243
16;17244
16;17245
16;17246
16;17247
16;17248
16;17249
16;17250
16;17251
16;17252
16;17253
16;17254
16;17255
16;17256
16;17257
16;17258
16;17259
16;17260
16;17261
16;17262
16;17263
16;17264
16;17265
16;17266
16;17267
16;17268
16;17269
16;17270
16;17271
16;17272
16;17273
16;17274
16;17275
16;17276
16;17277
16;17278
16;17279
16;17280
17;11929
17;11934
17;11942
17;11951
17;11954
17;11961
17;11962
17;11964
17;11969
17;11981
17;11983
17;11985
17;11987
17;12000
17;12001
17;12004
17;12005
17;12006
17;12007
17;12008
17;12009
17;12013
17;12024
17;12027
17;12029
17;12042
17;12045
17;12054
17;12056
17;12065
17;12070
17;12071
17;12079
17;12089
17;12093
17;12100
