PlayerId;Team;NTC;NMC;ELC;UFA;Scholarship;Average Salary;Major 2026;Major 2027;Major 2028;Major 2029;Major 2030;Major 2031;Major 2032;Major 2033;Major 2034;Major 2035;Major 2036;Major 2037;Major 2038;Major 2039;Minor 2026;Minor 2027;Minor 2028;Minor 2029;Minor 2030;Minor 2031;Minor 2032;Minor 2033;Minor 2034;Minor 2035;Minor 2036;Minor 2037;Minor 2038;Minor 2039
10443;3;No;No;No;No;-;645000;645000;645000;645000;-1;-1;-1;-1;-1;-1;-1;-1;-1;-1;-1;-1;-1;-1;-1;-1;-1;-1;-1;-1;-1;-1;-1;-1;-1
10754;14;No;No;No;No;-;675000;675000;675000;-1;-1;-1;-1;-1;-1;-1;-1;-1;-1;-1;-1;-1;-1;-1;-1;-1;-1;-1;-1;-1;-1;-1;-1;-1;-1
10771;11;No;No;No;No;-;5390000;5390000;5390000;-1;-1;-1;-1;-1;-1;-1;-1;-1;-1;-1;-1;-1;-1;-1;-1;-1;-1;-1;-1;-1;-1;-1;-1;-1;-1
10772;11;No;No;No;Yes;-;9080000;9080000;9080000;9080000;9080000;-1;-1;-1;-1;-1;-1;-1;-1;-1;-1;-1;-1;-1;-1;-1;-1;-1;-1;-1;-1;-1;-1;-1;-1
10791;3;No;No;No;No;-;550000;550000;550000;-1;-1;-1;-1;-1;-1;-1;-1;-1;-1;-1;-1;-1;-1;-1;-1;-1;-1;-1;-1;-1;-1;-1;-1;-1;-1
10856;11;No;No;No;No;-;645000;645000;645000;-1;-1;-1;-1;-1;-1;-1;-1;-1;-1;-1;-1;-1;-1;-1;-1;-1;-1;-1;-1;-1;-1;-1;-1;-1;-1
10865;14;No;No;No;No;-;2510000;2510000;2510000;2510000;2510000;2510000;-1;-1;-1;-1;-1;-1;-1;-1;-1;-1;-1;-1;-1;-1;-1;-1;-1;-1;-1;-1;-1;-1;-1
10885;1;No;No;No;Yes;-;5600000;5600000;5600000;5600000;-1;-1;-1;-1;-1;-1;-1;-1;-1;-1;-1;-1;-1;-1;-1;-1;-1;-1;-1;-1;-1;-1;-1;-1;-1
10887;1;No;No;No;No;-;4500000;4500000;4500000;4500000;-1;-1;-1;-1;-1;-1;-1;-1;-1;-1;-1;-1;-1;-1;-1;-1;-1;-1;-1;-1;-1;-1;-1;-1;-1
10938;10;No;No;No;No;-;6600000;6600000;6600000;-1;-1;-1;-1;-1;-1;-1;-1;-1;-1;-1;-1;-1;-1;-1;-1;-1;-1;-1;-1;-1;-1;-1;-1;-1;-1
10943;11;No;No;No;No;-;2820000;2820000;2820000;2820000;-1;-1;-1;-1;-1;-1;-1;-1;-1;-1;-1;-1;-1;-1;-1;-1;-1;-1;-1;-1;-1;-1;-1;-1;-1
11327;10;No;No;No;No;-;5670000;5670000;5670000;-1;-1;-1;-1;-1;-1;-1;-1;-1;-1;-1;-1;-1;-1;-1;-1;-1;-1;-1;-1;-1;-1;-1;-1;-1;-1
11382;1;No;No;No;No;-;1700000;1700000;1700000;1700000;-1;-1;-1;-1;-1;-1;-1;-1;-1;-1;-1;-1;-1;-1;-1;-1;-1;-1;-1;-1;-1;-1;-1;-1;-1
11395;11;No;No;No;Yes;-;1310000;1310000;1310000;1310000;-1;-1;-1;-1;-1;-1;-1;-1;-1;-1;-1;-1;-1;-1;-1;-1;-1;-1;-1;-1;-1;-1;-1;-1;-1
11462;11;No;No;No;No;-;1140000;1140000;1140000;1140000;-1;-1;-1;-1;-1;-1;-1;-1;-1;-1;-1;-1;-1;-1;-1;-1;-1;-1;-1;-1;-1;-1;-1;-1;-1
11499;3;No;No;No;No;-;4950000;4950000;4950000;4950000;-1;-1;-1;-1;-1;-1;-1;-1;-1;-1;-1;-1;-1;-1;-1;-1;-1;-1;-1;-1;-1;-1;-1;-1;-1
11500;11;No;No;No;No;-;2220000;2220000;2220000;2220000;-1;-1;-1;-1;-1;-1;-1;-1;-1;-1;-1;-1;-1;-1;-1;-1;-1;-1;-1;-1;-1;-1;-1;-1;-1
11520;11;No;No;No;No;-;610000;610000;610000;610000;-1;-1;-1;-1;-1;-1;-1;-1;-1;-1;-1;-1;-1;-1;-1;-1;-1;-1;-1;-1;-1;-1;-1;-1;-1
11588;14;No;No;No;No;-;1340000;1340000;1340000;1340000;-1;-1;-1;-1;-1;-1;-1;-1;-1;-1;-1;-1;-1;-1;-1;-1;-1;-1;-1;-1;-1;-1;-1;-1;-1
11633;8;No;No;No;No;-;950000;950000;950000;950000;-1;-1;-1;-1;-1;-1;-1;-1;-1;-1;-1;-1;-1;-1;-1;-1;-1;-1;-1;-1;-1;-1;-1;-1;-1
11640;388;No;No;No;No;-;1340000;1340000;1340000;1340000;-1;-1;-1;-1;-1;-1;-1;-1;-1;-1;-1;-1;-1;-1;-1;-1;-1;-1;-1;-1;-1;-1;-1;-1;-1
11739;8;No;No;No;No;-;595000;595000;595000;595000;-1;-1;-1;-1;-1;-1;-1;-1;-1;-1;-1;-1;-1;-1;-1;-1;-1;-1;-1;-1;-1;-1;-1;-1;-1
11765;10;No;No;No;No;-;5400000;5400000;5400000;5400000;-1;-1;-1;-1;-1;-1;-1;-1;-1;-1;-1;-1;-1;-1;-1;-1;-1;-1;-1;-1;-1;-1;-1;-1;-1
11801;8;No;No;No;No;-;1210000;1210000;1210000;1210000;-1;-1;-1;-1;-1;-1;-1;-1;-1;-1;-1;-1;-1;-1;-1;-1;-1;-1;-1;-1;-1;-1;-1;-1;-1
11805;1;No;No;No;No;-;5200000;5200000;5200000;5200000;-1;-1;-1;-1;-1;-1;-1;-1;-1;-1;-1;-1;-1;-1;-1;-1;-1;-1;-1;-1;-1;-1;-1;-1;-1
11821;3;No;No;No;No;-;1490000;1490000;1490000;1490000;-1;-1;-1;-1;-1;-1;-1;-1;-1;-1;-1;-1;-1;-1;-1;-1;-1;-1;-1;-1;-1;-1;-1;-1;-1
11850;8;No;No;No;No;-;1890000;1890000;1890000;1890000;-1;-1;-1;-1;-1;-1;-1;-1;-1;-1;-1;-1;-1;-1;-1;-1;-1;-1;-1;-1;-1;-1;-1;-1;-1
11870;14;No;No;No;No;-;4700000;4700000;4700000;4700000;4700000;4700000;-1;-1;-1;-1;-1;-1;-1;-1;-1;-1;-1;-1;-1;-1;-1;-1;-1;-1;-1;-1;-1;-1;-1
11872;388;No;No;No;No;-;1720000;1720000;1720000;1720000;-1;-1;-1;-1;-1;-1;-1;-1;-1;-1;-1;-1;-1;-1;-1;-1;-1;-1;-1;-1;-1;-1;-1;-1;-1
12070;8;No;No;No;No;-;2490000;2490000;2490000;-1;-1;-1;-1;-1;-1;-1;-1;-1;-1;-1;-1;-1;-1;-1;-1;-1;-1;-1;-1;-1;-1;-1;-1;-1;-1
12071;8;No;No;No;No;-;4160000;4160000;4160000;4160000;4160000;-1;-1;-1;-1;-1;-1;-1;-1;-1;-1;-1;-1;-1;-1;-1;-1;-1;-1;-1;-1;-1;-1;-1;-1
