Player Id;Injury Date;Injury Id;Injury Length
1069;2025-9-7;229;43
1071;2025-9-4;56;40
1091;2025-9-13;124;14
1131;2025-9-16;269;13
1178;2025-9-2;57;234
1191;2025-9-15;145;5
1196;2025-8-30;248;53
1220;2025-9-16;47;18
1238;2025-9-7;278;9
1239;2025-8-30;305;26
1285;2025-9-13;196;4
1289;2025-9-5;98;72
1304;2025-9-8;113;12
1315;2025-9-4;95;59
1480;2025-9-10;318;5
1533;2025-8-28;207;56
1556;2025-8-30;312;29
1568;2025-8-25;297;24
1573;2025-9-15;176;5
1577;2025-9-16;122;5
1598;2025-9-12;134;7
1608;2025-9-9;240;31
1619;2025-9-12;120;49
1631;2025-9-12;106;7
1648;2025-9-14;208;30
1682;2025-8-22;115;25
1703;2025-9-14;196;5
1707;2025-9-14;68;14
1712;2025-8-25;22;21
1749;2025-8-27;302;34
1763;2025-9-16;126;3
1771;2025-8-30;36;82
1929;2025-8-25;96;65
1959;2025-8-24;206;5
1959;2025-9-12;151;10
1990;2025-8-28;308;24
1991;2025-8-31;92;76
2004;2025-9-12;106;7
2126;2025-8-24;101;20
2152;2025-9-14;261;78
2169;2025-8-24;186;20
2362;2025-9-1;177;12
2362;2025-9-14;332;4
2387;2025-9-15;14;3
2390;2025-9-14;220;6
2437;2025-9-14;72;5
2439;2025-9-4;298;35
2486;2025-9-1;38;182
2498;2025-9-14;110;7
2501;2025-9-1;260;42
2551;2025-9-14;127;5
2556;2025-8-26;82;130
2600;2025-9-12;143;6
2603;2025-8-26;229;37
2613;2025-9-10;130;6
2620;2025-9-4;124;13
2625;2025-8-28;298;33
2653;2025-8-29;69;49
2667;2025-8-28;298;37
2689;2025-9-6;244;8
2702;2025-9-12;81;16
2719;2025-9-10;178;5
2735;2025-9-9;51;6
2742;2025-9-4;220;11
2774;2025-9-4;305;24
2795;2025-9-9;13;239
2828;2025-9-4;22;18
2848;2025-9-13;8;25
2941;2025-9-12;131;4
2958;2025-8-29;52;28
2966;2025-8-27;42;193
2976;2025-9-10;114;10
2984;2025-9-13;27;11
2987;2025-8-31;352;18
2995;2025-9-9;73;26
3013;2025-9-9;293;5
3045;2025-9-12;252;20
3080;2025-8-29;113;14
3080;2025-9-2;110;13
3235;2025-9-16;99;7
3238;2025-9-14;318;5
3277;2025-9-13;64;19
3286;2025-9-13;327;9
3295;2025-9-16;137;22
3336;2025-9-16;260;39
3444;2025-9-4;62;20
3445;2025-9-16;146;3
3448;2025-9-9;204;8
3471;2025-9-12;329;5
3481;2025-8-26;85;29
3487;2025-9-13;288;12
3488;2025-8-29;85;23
3500;2025-9-16;288;12
5748;2025-9-11;143;6
5775;2025-9-11;70;7
5802;2025-9-13;106;5
5825;2025-9-11;303;95
5838;2025-9-11;78;9
5845;2025-9-10;23;8
5868;2025-9-8;33;59
5880;2025-9-13;30;3
5938;2025-9-8;93;5
5948;2025-9-11;124;14
5970;2025-9-7;50;112
5983;2025-9-7;261;59
6002;2025-9-5;97;30
6038;2025-9-13;195;5
6048;2025-9-5;294;4
6084;2025-9-13;132;6
6085;2025-9-15;252;21
6097;2025-9-5;237;30
6113;2025-9-16;158;3
6154;2025-9-10;251;26
6194;2025-9-13;124;12
6243;2025-9-13;151;12
6261;2025-9-14;192;3
6287;2025-9-10;254;18
6302;2025-9-10;329;5
6304;2025-9-7;193;5
6304;2025-9-11;332;5
6304;2025-9-14;171;7
6333;2025-9-13;123;4
6361;2025-9-7;237;21
6372;2025-9-11;91;16
6392;2025-9-14;180;9
6424;2025-9-8;230;6
6432;2025-9-14;291;10
6433;2025-9-5;352;16
6455;2025-9-11;210;9
6471;2025-9-9;77;5
6481;2025-9-11;121;12
6485;2025-9-14;194;7
6539;2025-9-14;9;107
6541;2025-9-16;169;7
6557;2025-9-5;124;12
6607;2025-9-8;318;5
6635;2025-9-14;275;72
6708;2025-9-5;318;5
6722;2025-9-13;109;7
6729;2025-9-14;54;52
6732;2025-9-11;106;7
6742;2025-9-7;193;6
6742;2025-9-13;295;5
6768;2025-9-11;244;10
6822;2025-9-10;238;4
6847;2025-9-11;14;4
6853;2025-9-11;149;4
6919;2025-9-5;120;75
6933;2025-9-11;197;5
6942;2025-9-13;41;28
6943;2025-9-7;252;20
6959;2025-9-10;181;8
6999;2025-9-13;97;22
7007;2025-9-11;352;13
7073;2025-9-8;148;12
7099;2025-9-15;177;9
7148;2025-9-8;269;9
7238;2025-9-11;330;6
7329;2025-9-12;14;4
8756;2025-8-26;66;19
8784;2025-9-16;44;173
8792;2025-9-14;181;7
8803;2025-9-16;78;7
8826;2025-9-12;139;7
8868;2025-9-14;276;45
8890;2025-9-10;76;20
8926;2025-9-14;14;4
8958;2025-9-16;115;28
8981;2025-9-16;203;6
8984;2025-8-31;115;29
9035;2025-9-10;24;7
9036;2025-9-12;321;14
9191;2025-9-12;240;31
9204;2025-9-13;87;37
9213;2025-9-14;17;7
9264;2025-9-13;193;5
9363;2025-8-31;328;28
9371;2025-9-13;142;3
9408;2025-9-1;9;116
9450;2025-9-1;63;145
9561;2025-9-3;101;20
9684;2025-9-3;89;21
9713;2025-9-3;188;60
10040;2025-8-29;115;30
10131;2025-9-3;244;10
10190;2025-9-10;143;6
10254;2025-8-31;188;52
10270;2025-9-3;301;49
10345;2025-9-1;328;27
10781;2025-9-14;244;12
11433;2025-8-16;245;27
11488;2025-8-16;83;37
11733;2025-8-16;39;45
13763;2025-9-14;294;5
17880;2025-9-10;206;4
18015;2025-9-11;62;23
18024;2025-8-16;237;29
18037;2025-8-28;251;30
18175;2025-9-13;70;5
18313;2025-9-14;104;3
18556;2025-8-31;106;6
18751;2025-9-11;128;6
18935;2025-9-10;301;45
19143;2025-8-15;308;16
19627;2025-9-1;352;15
19919;2025-9-11;210;10
20052;2025-9-11;142;7
