League Id;Team Id;Conf Id;Div Id;Wins;Losses;Ties;OTL;Shootout Wins;Shootout Losses;Points;Goals For;Goals Against;PCT
0;0;-1;-1;0;0;0;0;0;0;0;0;0;.000
0;1;-1;-1;0;0;0;0;0;0;0;0;0;.000
0;2;-1;-1;0;0;0;0;0;0;0;0;0;.000
0;3;-1;-1;0;0;0;0;0;0;0;0;0;.000
0;4;-1;-1;0;0;0;0;0;0;0;0;0;.000
0;5;-1;-1;0;0;0;0;0;0;0;0;0;.000
0;6;-1;-1;0;0;0;0;0;0;0;0;0;.000
0;7;-1;-1;0;0;0;0;0;0;0;0;0;.000
0;388;-1;-1;0;0;0;0;0;0;0;0;0;.000
1;8;-1;-1;0;0;0;0;0;0;0;0;0;.000
1;9;-1;-1;0;0;0;0;0;0;0;0;0;.000
1;10;-1;-1;0;0;0;0;0;0;0;0;0;.000
1;11;-1;-1;0;0;0;0;0;0;0;0;0;.000
1;12;-1;-1;0;0;0;0;0;0;0;0;0;.000
1;13;-1;-1;0;0;0;0;0;0;0;0;0;.000
1;14;-1;-1;0;0;0;0;0;0;0;0;0;.000
1;15;-1;-1;0;0;0;0;0;0;0;0;0;.000
1;387;-1;-1;0;0;0;0;0;0;0;0;0;.000
2;16;0;0;0;0;0;0;0;0;0;0;0;.000
2;17;0;0;0;0;0;0;0;0;0;0;0;.000
2;18;0;0;0;0;0;0;0;0;0;0;0;.000
2;19;0;0;0;0;0;0;0;0;0;0;0;.000
2;20;0;0;0;0;0;0;0;0;0;0;0;.000
2;21;0;0;0;0;0;0;0;0;0;0;0;.000
2;22;0;1;0;0;0;0;0;0;0;0;0;.000
2;23;0;1;0;0;0;0;0;0;0;0;0;.000
2;24;0;1;0;0;0;0;0;0;0;0;0;.000
2;25;0;1;0;0;0;0;0;0;0;0;0;.000
2;26;0;1;0;0;0;0;0;0;0;0;0;.000
2;27;0;1;0;0;0;0;0;0;0;0;0;.000
2;28;1;0;0;0;0;0;0;0;0;0;0;.000
2;29;1;0;0;0;0;0;0;0;0;0;0;.000
2;30;1;0;0;0;0;0;0;0;0;0;0;.000
2;31;1;0;0;0;0;0;0;0;0;0;0;.000
2;32;1;0;0;0;0;0;0;0;0;0;0;.000
2;33;1;0;0;0;0;0;0;0;0;0;0;.000
2;34;1;1;0;0;0;0;0;0;0;0;0;.000
2;35;1;1;0;0;0;0;0;0;0;0;0;.000
2;36;1;1;0;0;0;0;0;0;0;0;0;.000
2;37;1;1;0;0;0;0;0;0;0;0;0;.000
2;38;1;1;0;0;0;0;0;0;0;0;0;.000
2;39;1;1;0;0;0;0;0;0;0;0;0;.000
3;40;0;0;0;0;0;0;0;0;0;0;0;.000
3;41;0;0;0;0;0;0;0;0;0;0;0;.000
3;42;0;0;0;0;0;0;0;0;0;0;0;.000
3;43;0;0;0;0;0;0;0;0;0;0;0;.000
3;44;0;0;0;0;0;0;0;0;0;0;0;.000
3;45;0;0;0;0;0;0;0;0;0;0;0;.000
3;46;0;1;0;0;0;0;0;0;0;0;0;.000
3;47;0;1;0;0;0;0;0;0;0;0;0;.000
3;48;0;1;0;0;0;0;0;0;0;0;0;.000
3;49;0;1;0;0;0;0;0;0;0;0;0;.000
3;50;0;1;0;0;0;0;0;0;0;0;0;.000
3;51;0;1;0;0;0;0;0;0;0;0;0;.000
3;52;1;0;0;0;0;0;0;0;0;0;0;.000
3;53;1;0;0;0;0;0;0;0;0;0;0;.000
3;54;1;0;0;0;0;0;0;0;0;0;0;.000
3;55;1;0;0;0;0;0;0;0;0;0;0;.000
3;56;1;0;0;0;0;0;0;0;0;0;0;.000
3;57;1;0;0;0;0;0;0;0;0;0;0;.000
3;58;1;1;0;0;0;0;0;0;0;0;0;.000
3;59;1;1;0;0;0;0;0;0;0;0;0;.000
3;60;1;1;0;0;0;0;0;0;0;0;0;.000
3;61;1;1;0;0;0;0;0;0;0;0;0;.000
3;62;1;1;0;0;0;0;0;0;0;0;0;.000
3;63;1;1;0;0;0;0;0;0;0;0;0;.000
4;64;0;0;0;0;0;0;0;0;0;0;0;.000
4;65;1;0;0;0;0;0;0;0;0;0;0;.000
4;66;1;1;0;0;0;0;0;0;0;0;0;.000
4;67;0;0;0;0;0;0;0;0;0;0;0;.000
4;68;1;1;0;0;0;0;0;0;0;0;0;.000
4;69;1;0;0;0;0;0;0;0;0;0;0;.000
4;70;1;0;0;0;0;0;0;0;0;0;0;.000
4;71;0;0;0;0;0;0;0;0;0;0;0;.000
4;72;1;0;0;0;0;0;0;0;0;0;0;.000
4;73;1;0;0;0;0;0;0;0;0;0;0;.000
4;74;0;1;0;0;0;0;0;0;0;0;0;.000
4;75;0;0;0;0;0;0;0;0;0;0;0;.000
4;76;0;1;0;0;0;0;0;0;0;0;0;.000
4;77;0;1;0;0;0;0;0;0;0;0;0;.000
4;78;0;1;0;0;0;0;0;0;0;0;0;.000
4;79;0;1;0;0;0;0;0;0;0;0;0;.000
4;80;1;1;0;0;0;0;0;0;0;0;0;.000
4;81;1;1;0;0;0;0;0;0;0;0;0;.000
4;82;0;0;0;0;0;0;0;0;0;0;0;.000
4;83;1;1;0;0;0;0;0;0;0;0;0;.000
4;84;1;1;0;0;0;0;0;0;0;0;0;.000
4;85;1;1;0;0;0;0;0;0;0;0;0;.000
4;86;1;0;0;0;0;0;0;0;0;0;0;.000
4;87;1;1;0;0;0;0;0;0;0;0;0;.000
5;88;-1;-1;2;0;0;1;0;1;8;11;9;.667
5;89;-1;-1;2;1;0;0;0;1;7;10;6;.583
5;90;-1;-1;0;3;0;1;0;0;1;7;12;.083
5;91;-1;-1;1;2;0;0;0;1;4;11;14;.333
5;92;-1;-1;1;2;0;1;0;0;4;6;6;.333
5;93;-1;-1;3;1;0;0;1;0;7;10;7;.583
5;94;-1;-1;3;1;0;0;1;0;8;10;11;.667
5;95;-1;-1;2;2;0;0;0;0;6;17;12;.500
5;96;-1;-1;2;1;0;0;0;1;7;11;12;.583
5;97;-1;-1;3;1;0;0;0;0;7;9;9;.583
5;98;-1;-1;3;1;0;0;1;0;8;8;7;.667
5;99;-1;-1;3;1;0;0;1;0;8;16;15;.667
5;100;-1;-1;1;3;0;0;0;0;3;10;12;.250
5;101;-1;-1;2;2;0;0;0;0;6;11;15;.500
6;102;0;1;6;2;0;0;1;0;12;26;20;.750
6;103;0;0;4;2;0;0;0;1;9;26;19;.643
6;104;0;0;5;3;0;0;1;0;10;23;16;.625
6;105;0;1;2;5;0;0;0;1;5;20;22;.313
6;106;0;1;5;2;0;0;1;0;10;23;22;.714
6;107;0;1;6;1;0;0;2;1;13;26;23;.813
6;108;0;1;2;4;0;1;0;1;6;15;23;.375
6;109;0;0;5;3;0;0;0;0;10;28;20;.625
6;110;1;0;6;2;0;0;0;0;12;32;19;.750
6;111;1;0;3;4;0;0;0;0;6;24;22;.429
6;112;1;0;4;4;0;0;0;0;8;30;26;.500
6;113;1;0;3;5;0;0;0;0;6;23;26;.375
6;114;1;0;4;4;0;0;2;0;8;19;27;.500
6;115;1;1;6;0;0;0;0;1;13;22;10;.929
6;116;1;1;4;3;0;0;0;0;8;12;9;.571
6;117;1;1;1;4;0;0;0;2;4;13;20;.286
6;118;1;1;2;5;0;0;0;0;4;11;26;.286
6;119;1;1;4;2;0;0;0;1;9;16;10;.643
6;120;0;0;3;3;0;0;2;1;7;15;21;.500
6;121;0;0;2;3;0;0;1;2;6;12;21;.429
6;122;1;1;3;3;0;1;1;0;7;19;22;.500
6;123;0;1;2;4;0;1;0;0;5;15;26;.357
7;124;-1;-1;0;3;0;0;0;1;1;8;15;.083
7;125;-1;-1;1;3;0;0;0;0;3;6;15;.250
7;126;-1;-1;4;0;0;0;1;0;10;20;7;.833
7;127;-1;-1;3;1;0;0;0;0;9;17;12;.750
7;128;-1;-1;0;2;0;2;0;0;2;7;13;.167
7;129;-1;-1;4;0;0;0;0;0;12;16;9;1.000
7;130;-1;-1;3;1;0;0;0;0;9;15;7;.750
7;131;-1;-1;1;3;0;0;0;0;3;10;14;.250
7;132;-1;-1;1;3;0;0;0;0;3;9;17;.250
7;133;-1;-1;3;1;0;0;0;0;9;13;12;.750
7;134;-1;-1;1;3;0;0;0;0;3;12;12;.250
7;135;-1;-1;2;2;0;0;0;0;5;8;11;.417
7;136;-1;-1;3;1;0;0;0;0;9;15;8;.750
7;137;-1;-1;2;2;0;0;0;0;6;11;15;.500
8;138;-1;-1;5;0;0;0;0;0;15;18;3;1.000
8;139;-1;-1;5;2;0;0;2;0;12;18;20;.571
8;140;-1;-1;4;1;0;0;0;1;13;21;9;.722
8;141;-1;-1;1;2;0;0;0;2;5;8;10;.333
8;142;-1;-1;4;2;0;0;1;0;11;10;9;.611
8;143;-1;-1;2;1;0;0;0;2;8;16;6;.533
8;144;-1;-1;2;3;0;1;0;0;5;11;19;.278
8;145;-1;-1;2;3;0;0;0;0;6;9;12;.400
8;146;-1;-1;3;3;0;0;1;0;8;9;13;.444
8;147;-1;-1;3;3;0;0;1;0;8;14;17;.444
8;148;-1;-1;3;1;0;1;0;0;10;16;9;.667
8;149;-1;-1;3;3;0;1;1;0;9;13;20;.429
8;150;-1;-1;3;2;0;0;0;1;10;13;12;.556
8;151;-1;-1;3;2;0;0;0;1;10;16;15;.556
8;152;-1;-1;1;4;0;0;0;0;3;8;20;.200
8;153;-1;-1;2;4;0;0;1;0;5;10;16;.278
9;154;-1;-1;0;6;0;0;0;0;0;16;25;.000
9;155;-1;-1;3;3;0;0;0;1;10;18;17;.476
9;156;-1;-1;5;2;0;0;1;0;14;21;17;.667
9;157;-1;-1;2;5;0;0;0;0;6;19;31;.286
9;158;-1;-1;4;2;0;0;2;1;11;17;18;.524
9;159;-1;-1;4;1;0;0;0;2;14;23;17;.667
9;160;-1;-1;4;3;0;0;0;0;12;28;17;.571
9;161;-1;-1;3;3;0;0;2;1;8;15;22;.381
9;162;-1;-1;5;2;0;0;0;0;15;24;20;.714
9;163;-1;-1;3;3;0;0;0;0;9;16;15;.500
9;164;-1;-1;5;2;0;0;2;0;13;17;17;.619
9;165;-1;-1;4;3;0;0;1;0;11;19;20;.524
9;166;-1;-1;3;2;0;0;0;2;11;20;22;.524
9;167;-1;-1;3;3;0;0;0;1;10;18;13;.476
10;168;6;-1;0;0;0;0;0;0;0;0;0;.000
10;169;4;-1;0;0;0;0;0;0;0;0;0;.000
10;170;4;-1;0;0;0;0;0;0;0;0;0;.000
10;171;4;-1;0;0;0;0;0;0;0;0;0;.000
10;172;5;-1;0;0;0;0;0;0;0;0;0;.000
10;173;1;-1;0;0;0;0;0;0;0;0;0;.000
10;174;1;-1;0;0;0;0;0;0;0;0;0;.000
10;175;4;-1;0;0;0;0;0;0;0;0;0;.000
10;176;1;-1;0;0;0;0;0;0;0;0;0;.000
10;177;1;-1;0;0;0;0;0;0;0;0;0;.000
10;178;5;-1;0;0;0;0;0;0;0;0;0;.000
10;179;2;-1;0;0;0;0;0;0;0;0;0;.000
10;180;2;-1;0;0;0;0;0;0;0;0;0;.000
10;181;2;-1;0;0;0;0;0;0;0;0;0;.000
10;182;2;-1;0;0;0;0;0;0;0;0;0;.000
10;183;2;-1;0;0;0;0;0;0;0;0;0;.000
10;184;2;-1;0;0;0;0;0;0;0;0;0;.000
10;185;2;-1;0;0;0;0;0;0;0;0;0;.000
10;186;2;-1;0;0;0;0;0;0;0;0;0;.000
10;187;2;-1;0;0;0;0;0;0;0;0;0;.000
10;188;2;-1;0;0;0;0;0;0;0;0;0;.000
10;189;2;-1;0;0;0;0;0;0;0;0;0;.000
10;190;2;-1;0;0;0;0;0;0;0;0;0;.000
10;191;3;-1;0;0;0;0;0;0;0;0;0;.000
10;192;3;-1;0;0;0;0;0;0;0;0;0;.000
10;193;3;-1;0;0;0;0;0;0;0;0;0;.000
10;194;3;-1;0;0;0;0;0;0;0;0;0;.000
10;195;3;-1;0;0;0;0;0;0;0;0;0;.000
10;196;3;-1;0;0;0;0;0;0;0;0;0;.000
10;197;3;-1;0;0;0;0;0;0;0;0;0;.000
10;198;3;-1;0;0;0;0;0;0;0;0;0;.000
10;199;3;-1;0;0;0;0;0;0;0;0;0;.000
10;200;3;-1;0;0;0;0;0;0;0;0;0;.000
10;201;6;-1;0;0;0;0;0;0;0;0;0;.000
10;202;4;-1;0;0;0;0;0;0;0;0;0;.000
10;203;5;-1;0;0;0;0;0;0;0;0;0;.000
10;204;5;-1;0;0;0;0;0;0;0;0;0;.000
10;205;4;-1;0;0;0;0;0;0;0;0;0;.000
10;206;1;-1;0;0;0;0;0;0;0;0;0;.000
10;207;5;-1;0;0;0;0;0;0;0;0;0;.000
10;208;4;-1;0;0;0;0;0;0;0;0;0;.000
10;209;5;-1;0;0;0;0;0;0;0;0;0;.000
10;210;5;-1;0;0;0;0;0;0;0;0;0;.000
10;211;5;-1;0;0;0;0;0;0;0;0;0;.000
10;212;1;-1;0;0;0;0;0;0;0;0;0;.000
10;213;0;-1;0;0;0;0;0;0;0;0;0;.000
10;214;0;-1;0;0;0;0;0;0;0;0;0;.000
10;215;0;-1;0;0;0;0;0;0;0;0;0;.000
10;216;0;-1;0;0;0;0;0;0;0;0;0;.000
10;217;3;-1;0;0;0;0;0;0;0;0;0;.000
10;218;0;-1;0;0;0;0;0;0;0;0;0;.000
10;219;0;-1;0;0;0;0;0;0;0;0;0;.000
10;220;0;-1;0;0;0;0;0;0;0;0;0;.000
10;221;0;-1;0;0;0;0;0;0;0;0;0;.000
10;222;0;-1;0;0;0;0;0;0;0;0;0;.000
10;223;0;-1;0;0;0;0;0;0;0;0;0;.000
10;224;1;-1;0;0;0;0;0;0;0;0;0;.000
10;225;4;-1;0;0;0;0;0;0;0;0;0;.000
10;226;5;-1;0;0;0;0;0;0;0;0;0;.000
10;227;6;-1;0;0;0;0;0;0;0;0;0;.000
10;228;4;-1;0;0;0;0;0;0;0;0;0;.000
10;229;6;-1;0;0;0;0;0;0;0;0;0;.000
10;230;6;-1;0;0;0;0;0;0;0;0;0;.000
11;231;0;0;0;2;0;0;0;0;0;3;5;.000
11;232;0;0;1;1;0;0;0;0;2;2;7;.500
11;233;0;0;2;0;0;0;0;0;4;12;3;1.000
11;234;0;0;0;1;0;0;0;0;0;1;2;.000
11;235;0;0;2;0;0;0;0;0;4;6;4;1.000
11;236;0;1;1;0;0;0;0;0;2;5;3;1.000
11;237;0;1;1;1;0;0;0;0;2;8;8;.500
11;238;0;1;1;1;0;0;0;0;2;7;5;.500
11;239;0;1;1;1;0;0;0;0;2;10;7;.500
11;240;0;1;0;2;0;0;0;0;0;4;13;.000
11;241;1;0;0;2;0;0;0;0;0;2;11;.000
11;242;1;0;1;1;0;0;0;0;2;13;7;.500
11;243;1;0;2;0;0;0;0;0;4;3;1;1.000
11;244;1;0;0;2;0;0;0;0;0;0;8;.000
11;245;1;0;1;0;0;0;0;0;2;5;0;1.000
11;246;1;1;0;1;0;0;0;0;0;2;4;.000
11;247;1;1;2;0;0;0;0;0;4;9;4;1.000
11;248;1;1;2;0;0;0;0;0;4;8;5;1.000
11;249;1;1;0;2;0;0;0;0;0;5;10;.000
11;250;1;1;1;1;0;0;0;0;2;5;3;.500
12;251;0;0;1;1;0;0;0;0;2;4;7;.500
12;252;0;0;1;1;0;0;0;0;2;7;4;.500
12;253;0;0;1;0;0;0;0;1;3;9;6;.750
12;254;0;0;1;1;0;0;0;0;2;6;9;.500
12;255;0;0;1;1;0;0;1;0;2;6;9;.500
12;256;0;1;1;0;0;0;0;0;2;9;5;1.000
12;257;0;1;2;0;0;0;0;0;4;10;6;1.000
12;258;0;1;2;0;0;0;0;0;4;7;1;1.000
12;259;1;1;0;1;0;0;0;0;0;1;6;.000
12;260;0;1;0;2;0;0;0;0;0;6;10;.000
12;261;0;1;0;1;0;0;0;0;0;0;1;.000
12;262;0;1;0;2;0;0;0;0;0;1;7;.000
12;263;1;0;1;0;0;0;0;0;2;4;3;1.000
12;264;1;0;0;1;0;0;0;0;0;3;5;.000
12;265;1;0;2;0;0;0;0;0;4;8;0;1.000
12;266;1;0;1;0;0;0;0;0;2;5;2;1.000
12;267;1;0;1;0;0;0;0;0;2;7;2;1.000
12;268;1;1;1;0;0;0;0;0;2;6;1;1.000
12;269;1;1;0;2;0;0;0;0;0;0;8;.000
12;270;1;1;1;0;0;0;0;0;2;5;4;1.000
12;271;1;1;1;1;0;0;0;0;2;8;7;.500
12;272;1;1;0;1;0;0;0;0;0;4;5;.000
12;273;1;0;0;2;0;0;0;0;0;4;12;.000
13;274;-1;0;1;1;0;0;0;0;2;13;12;.500
13;275;-1;0;1;0;0;0;0;1;3;6;5;.750
13;276;-1;0;1;1;0;0;1;0;2;6;9;.500
13;277;-1;0;1;1;0;0;0;0;2;11;10;.500
13;278;-1;0;1;1;0;0;0;0;2;11;12;.500
13;279;-1;1;1;1;0;0;0;0;2;8;8;.500
13;280;-1;1;0;2;0;0;0;0;0;5;10;.000
13;281;-1;1;0;2;0;0;0;0;0;5;11;.000
13;282;-1;1;1;1;0;0;0;0;2;10;9;.500
13;283;-1;1;2;0;0;0;0;0;4;8;5;1.000
13;284;-1;1;2;0;0;0;0;0;4;11;5;1.000
13;285;-1;2;0;2;0;0;0;0;0;6;11;.000
13;286;-1;2;1;1;0;0;0;0;2;8;9;.500
13;287;-1;2;0;2;0;0;0;0;0;3;9;.000
13;288;-1;2;2;0;0;0;0;0;4;11;6;1.000
13;289;-1;2;2;0;0;0;0;0;4;9;3;1.000
13;290;-1;2;1;1;0;0;0;0;2;9;8;.500
13;291;-1;0;1;1;0;0;0;0;2;10;8;.500
14;292;0;0;0;0;0;0;0;0;0;0;0;.000
14;293;0;0;0;0;0;0;0;0;0;0;0;.000
14;294;1;0;0;0;0;0;0;0;0;0;0;.000
14;295;1;0;0;0;0;0;0;0;0;0;0;.000
14;296;1;0;0;0;0;0;0;0;0;0;0;.000
14;297;0;1;0;0;0;0;0;0;0;0;0;.000
14;298;0;1;0;0;0;0;0;0;0;0;0;.000
14;299;0;1;0;0;0;0;0;0;0;0;0;.000
14;300;0;1;0;0;0;0;0;0;0;0;0;.000
14;301;0;0;0;0;0;0;0;0;0;0;0;.000
14;302;1;1;0;0;0;0;0;0;0;0;0;.000
14;303;1;1;0;0;0;0;0;0;0;0;0;.000
14;304;0;0;0;0;0;0;0;0;0;0;0;.000
14;305;0;0;0;0;0;0;0;0;0;0;0;.000
14;306;1;1;0;0;0;0;0;0;0;0;0;.000
14;307;1;1;0;0;0;0;0;0;0;0;0;.000
14;308;1;1;0;0;0;0;0;0;0;0;0;.000
14;309;1;1;0;0;0;0;0;0;0;0;0;.000
14;310;1;1;0;0;0;0;0;0;0;0;0;.000
14;311;1;0;0;0;0;0;0;0;0;0;0;.000
14;312;0;1;0;0;0;0;0;0;0;0;0;.000
14;313;0;1;0;0;0;0;0;0;0;0;0;.000
14;314;1;0;0;0;0;0;0;0;0;0;0;.000
14;315;0;0;0;0;0;0;0;0;0;0;0;.000
14;316;0;0;0;0;0;0;0;0;0;0;0;.000
14;317;1;0;0;0;0;0;0;0;0;0;0;.000
14;318;0;1;0;0;0;0;0;0;0;0;0;.000
14;319;1;1;0;0;0;0;0;0;0;0;0;.000
14;320;1;0;0;0;0;0;0;0;0;0;0;.000
14;321;0;0;0;0;0;0;0;0;0;0;0;.000
15;322;0;-1;0;0;0;0;0;0;0;0;0;.000
15;323;0;-1;0;0;0;0;0;0;0;0;0;.000
15;324;0;-1;0;0;0;0;0;0;0;0;0;.000
15;325;0;-1;0;0;0;0;0;0;0;0;0;.000
15;326;0;-1;0;0;0;0;0;0;0;0;0;.000
15;327;0;-1;0;0;0;0;0;0;0;0;0;.000
15;328;0;-1;0;0;0;0;0;0;0;0;0;.000
15;329;1;-1;0;0;0;0;0;0;0;0;0;.000
15;330;1;-1;0;0;0;0;0;0;0;0;0;.000
15;331;1;-1;0;0;0;0;0;0;0;0;0;.000
15;332;1;-1;0;0;0;0;0;0;0;0;0;.000
15;333;1;-1;0;0;0;0;0;0;0;0;0;.000
15;334;1;-1;0;0;0;0;0;0;0;0;0;.000
15;335;1;-1;0;0;0;0;0;0;0;0;0;.000
15;336;1;-1;0;0;0;0;0;0;0;0;0;.000
15;337;0;-1;0;0;0;0;0;0;0;0;0;.000
16;338;-1;-1;6;1;0;0;0;0;17;26;17;.810
16;339;-1;-1;4;2;0;1;0;0;13;22;19;.619
16;340;-1;-1;2;5;0;0;0;0;5;16;27;.238
16;341;-1;-1;4;2;0;0;0;1;13;22;15;.619
16;342;-1;-1;2;5;0;0;0;0;6;18;21;.286
16;343;-1;-1;4;3;0;0;0;0;11;17;13;.524
16;344;-1;-1;3;4;0;0;0;0;8;20;21;.381
16;345;-1;-1;3;3;0;1;0;0;10;21;28;.476
16;346;-1;-1;2;5;0;0;0;0;6;13;23;.286
16;347;-1;-1;4;2;0;0;0;0;12;19;11;.667
16;348;-1;-1;4;2;0;1;0;0;13;23;19;.619
16;349;-1;-1;3;2;0;1;0;1;10;17;19;.476
16;350;-1;-1;3;3;0;0;1;0;8;11;15;.444
16;351;-1;-1;4;2;0;1;1;0;12;25;22;.571
17;352;0;-1;1;1;0;0;0;0;2;7;5;.500
17;353;0;-1;0;0;0;0;0;0;0;0;0;.000
17;354;0;-1;1;0;0;0;0;0;2;3;0;1.000
17;355;0;-1;0;0;0;0;0;0;0;0;0;.000
17;356;0;-1;0;1;0;0;0;0;0;0;3;.000
17;357;0;-1;1;0;0;0;0;0;2;6;2;1.000
17;358;0;-1;0;1;0;0;0;0;0;2;6;.000
17;359;1;-1;2;0;0;1;0;0;5;12;9;.833
17;360;1;-1;3;0;0;1;0;0;7;15;7;.875
17;361;1;-1;4;0;0;0;1;0;8;12;5;1.000
17;362;1;-1;2;3;0;0;0;0;4;14;17;.400
17;363;1;-1;2;0;0;0;0;0;4;6;2;1.000
17;364;1;-1;0;1;0;2;0;1;3;5;12;.375
17;365;3;-1;0;0;0;0;0;0;0;0;0;.000
17;366;3;-1;0;2;0;0;0;0;0;2;7;.000
17;367;3;-1;2;0;0;0;0;0;4;8;3;1.000
17;368;3;-1;1;1;0;0;0;0;2;2;6;.500
17;369;3;-1;2;2;0;0;0;0;4;9;11;.500
17;370;3;-1;2;1;0;0;0;0;4;7;5;.667
17;371;2;-1;0;1;0;0;0;0;0;2;5;.000
17;372;2;-1;3;1;0;0;0;0;6;13;10;.750
17;373;3;-1;2;1;0;1;0;0;5;16;13;.625
17;374;3;-1;0;3;0;0;0;0;0;4;9;.000
17;375;2;-1;2;0;0;0;0;1;5;12;5;.833
17;376;2;-1;2;0;0;0;0;0;4;6;4;1.000
17;377;2;-1;3;0;0;0;0;0;6;17;8;1.000
17;378;3;-1;0;3;0;1;0;0;1;4;10;.125
17;379;2;-1;1;0;0;0;0;0;2;2;0;1.000
17;380;2;-1;0;3;0;0;0;0;0;3;13;.000
17;381;2;-1;2;1;0;0;0;0;4;10;7;.667
17;382;2;-1;2;0;0;1;1;0;5;9;9;.833
17;383;3;-1;1;2;0;0;0;0;2;8;11;.333
17;384;1;-1;2;2;0;0;0;0;4;9;11;.500
17;385;1;-1;0;2;0;0;0;0;0;3;9;.000
17;386;1;-1;0;2;0;0;0;0;0;2;6;.000
