Game Id;Date Year;Date Month;Date Day;Arena;Attendance;Team Home;Team Away;Score Home;Score Away;Score Home P1;Score Home P2;Score Home P3;Score Home OT;Score Home SO;Score Away P1;Score Away P2;Score Away P3;Score Away OT;Score Away SO;Star 1;Star 2;Star 3;Shots Home;Shots Away;PIM Home;PIM Away;Hits Home;Hits Away;GA Home;GA Away;TA Home;TA Away;FOW Home;FOW Away;SOG Home P1;SOG Home P2;SOG Home P3;SOG Home OT;SOG Away P1;SOG Away P2;SOG Away P3;SOG Away OT;PPG Home;PPO Home;PPG Away;PPO Away;Type;SQ0 Home;SQ1 Home;SQ2 Home;SQ3 Home;SQ4 Home;SQ0 Away;SQ1 Away;SQ2 Away;SQ3 Away;SQ4 Away
10335;1971;10;8;Oakland Coliseum Arena;10755;120;118;6;1;3;3;0;0;0;1;0;0;0;0;5943;5238;4492;32;47;14;20;19;20;8;7;4;13;18;22;9;7;3;0;9;5;7;0;2;5;0;3;Regular Season;3;14;10;2;3;11;18;9;6;3
10336;1971;10;8;Pacific Coliseum;15714;131;3;7;4;2;3;2;0;0;1;1;2;0;0;5275;4750;4758;54;70;23;19;11;20;8;6;12;9;28;20;9;11;11;0;16;14;14;0;1;2;1;4;Regular Season;8;18;14;7;7;8;19;10;19;14
10337;1971;10;9;Olympia Stadium;15051;9;119;5;2;2;1;2;0;0;0;1;1;0;0;4139;6136;4723;43;46;16;14;23;17;10;6;6;4;21;31;9;9;7;0;11;11;8;0;2;7;0;7;Regular Season;8;16;6;8;5;8;18;7;8;5
10338;1971;10;9;Montreal Forum;18200;0;10;2;7;2;0;0;0;0;4;2;1;0;0;4957;4729;2831;48;48;12;6;26;24;7;11;8;9;28;17;16;8;3;0;10;14;6;0;0;3;0;6;Regular Season;8;18;10;7;5;7;11;14;8;8
10339;1971;10;9;Pittsburgh Civic Arena;16940;122;121;5;4;1;3;1;0;0;1;2;1;0;0;6148;4721;4350;58;47;18;4;14;15;13;13;11;13;24;34;6;14;8;0;6;13;11;0;2;2;0;9;Regular Season;13;23;11;8;3;6;14;14;7;6
10340;1971;10;9;St. Louis Arena;9190;123;8;4;4;1;2;1;0;0;2;2;0;0;0;5094;4369;4037;57;57;14;16;19;22;6;8;13;10;30;25;11;8;8;0;11;13;11;0;1;3;0;2;Regular Season;15;17;12;11;2;14;17;7;11;8
10341;1971;10;10;Boston Garden;14448;5;10;6;7;1;3;2;0;0;2;0;5;0;0;5449;4381;4149;50;62;15;13;29;19;9;9;9;13;23;29;6;11;11;0;9;17;18;0;0;4;0;5;Regular Season;8;17;14;7;4;6;15;16;13;12
10342;1971;10;10;Buffalo Memorial Auditorium;9373;130;122;2;5;0;0;2;0;0;2;3;0;0;0;6367;5856;4767;43;33;17;9;14;8;15;13;9;5;18;27;11;12;5;0;11;13;3;0;0;2;0;7;Regular Season;11;12;6;6;8;1;9;5;16;2
10343;1971;10;10;Chicago Stadium;18472;8;9;4;2;2;1;1;0;0;1;0;1;0;0;5288;6136;5061;43;57;28;18;20;25;8;11;6;12;25;25;6;11;9;0;9;13;13;0;1;4;1;5;Regular Season;7;20;9;3;4;11;23;8;13;2
10344;1971;10;10;Oakland Coliseum Arena;9666;120;3;2;3;1;0;1;0;0;3;0;0;0;0;5687;4737;4365;43;51;8;6;21;20;13;12;11;9;20;25;8;7;3;0;14;6;10;0;0;3;0;4;Regular Season;13;17;9;3;1;6;20;6;13;6
10345;1971;10;10;Pacific Coliseum;15863;131;118;1;1;0;1;0;0;0;1;0;0;0;0;4380;5428;3873;63;37;12;8;32;22;9;5;14;11;19;28;10;15;10;0;16;2;6;0;1;4;0;6;Regular Season;10;25;11;10;7;5;12;8;7;5
10346;1971;10;12;St. Louis Arena;7342;123;130;3;1;1;1;1;0;0;1;0;0;0;0;3967;5416;4357;37;54;10;16;16;24;14;11;5;10;30;16;8;12;5;0;13;13;8;0;1;3;0;0;Regular Season;4;15;12;2;4;9;21;10;8;6
10347;1971;10;12;Pacific Coliseum;15596;131;121;4;5;2;0;2;0;0;2;1;2;0;0;5231;3873;4721;53;50;8;8;17;17;9;9;11;11;24;33;8;8;17;0;12;11;7;0;0;4;1;4;Regular Season;10;18;16;7;2;6;15;16;8;5
10348;1971;10;13;Chicago Stadium;17377;8;123;9;1;2;4;3;0;0;1;0;0;0;0;5701;5288;4369;53;27;5;13;18;16;5;11;5;5;19;23;9;12;11;0;8;3;4;0;1;4;0;0;Regular Season;9;15;16;8;5;10;6;4;7;0
10349;1971;10;13;Oakland Coliseum Arena;9690;120;121;4;7;1;2;1;0;0;1;4;2;0;0;5231;4730;5868;51;56;14;16;23;24;15;10;6;8;32;24;10;13;8;0;10;14;9;0;1;3;0;3;Regular Season;9;20;13;6;3;10;19;11;8;8
10350;1971;10;13;The Forum;16005;118;122;1;3;1;0;0;0;0;1;2;0;0;0;5856;5684;4942;50;49;22;22;12;20;5;9;17;13;32;28;3;4;11;0;10;21;11;0;0;11;1;11;Regular Season;12;19;13;3;3;3;12;9;17;8
10351;1971;10;13;Madison Square Garden;18006;10;5;2;5;1;1;0;0;0;0;4;1;0;0;6102;5887;5051;52;52;2;4;32;18;18;9;13;10;16;17;11;11;9;0;3;14;4;0;1;2;0;1;Regular Season;10;19;17;5;1;15;14;12;10;1
10352;1971;10;14;Boston Garden;11179;5;130;5;0;4;0;1;0;0;0;0;0;0;0;4763;4962;5405;37;31;10;10;11;15;10;10;7;8;19;18;9;9;5;0;6;7;4;0;0;5;0;5;Regular Season;4;15;5;9;4;6;6;5;8;6
10353;1971;10;14;The Met Center;9592;119;0;0;3;0;0;0;0;0;2;1;0;0;0;5475;5854;5107;32;37;12;6;23;18;8;7;11;4;21;19;9;7;3;0;10;9;5;0;0;3;2;6;Regular Season;5;14;9;3;1;7;7;10;5;8
10354;1971;10;15;Oakland Coliseum Arena;10570;120;131;2;4;0;0;2;0;0;2;1;1;0;0;4157;4494;3869;47;46;25;13;22;18;10;5;9;3;18;29;9;8;12;0;12;14;4;0;0;4;1;5;Regular Season;10;15;14;5;3;9;16;9;6;6
10355;1971;10;16;The Forum;16005;118;121;8;2;4;2;2;0;0;2;0;0;0;0;5703;5871;5684;45;45;7;6;19;20;5;3;12;14;17;26;12;9;9;0;7;10;12;0;0;3;2;2;Regular Season;9;19;11;4;2;8;18;11;6;2
10356;1971;10;16;The Met Center;8879;119;8;1;5;0;1;0;0;0;1;4;0;0;0;5680;5701;5447;36;41;8;2;16;19;10;9;11;12;24;16;5;10;4;0;5;16;5;0;0;1;0;4;Regular Season;7;18;10;1;0;7;11;12;9;2
10357;1971;10;16;Montreal Forum;18200;0;130;4;1;2;1;1;0;0;0;1;0;0;0;5475;5854;4628;34;47;15;15;20;17;11;13;7;16;30;26;11;7;5;0;3;9;7;0;1;6;0;5;Regular Season;9;13;6;4;2;13;18;9;5;2
10358;1971;10;16;St. Louis Arena;7890;123;9;2;3;0;1;1;0;0;0;2;1;0;0;5244;4357;6151;35;51;14;32;26;29;11;8;10;11;26;19;4;9;8;0;7;15;9;0;0;1;0;2;Regular Season;6;13;12;3;1;9;16;8;8;10
10359;1971;10;16;Maple Leaf Gardens;16485;3;10;5;1;1;3;1;0;0;1;0;0;0;0;4601;4938;4475;54;50;8;6;28;18;5;13;8;14;29;19;13;8;11;0;7;8;7;0;1;3;1;4;Regular Season;9;17;20;5;3;17;14;11;4;4
10360;1971;10;16;Pacific Coliseum;15647;131;122;4;2;1;1;2;0;0;0;1;1;0;0;6173;6118;4378;53;61;8;8;19;26;8;12;14;11;27;26;11;7;9;0;9;16;14;0;1;4;0;4;Regular Season;13;15;13;8;4;12;19;11;10;9
10361;1971;10;17;Boston Garden;12833;5;3;2;5;1;1;0;0;0;0;1;4;0;0;4365;4601;5246;43;58;8;4;17;12;10;11;6;12;22;24;7;11;8;0;5;13;18;0;1;2;0;4;Regular Season;12;13;9;6;3;12;13;11;15;7
10362;1971;10;17;Buffalo Memorial Auditorium;8572;130;119;2;1;0;0;2;0;0;0;1;0;0;0;4934;6064;5416;26;49;6;6;22;16;11;6;10;5;21;35;1;3;6;0;11;11;10;0;0;3;0;3;Regular Season;14;7;1;2;2;8;23;8;8;2
10363;1971;10;17;Chicago Stadium;18472;8;118;1;1;0;1;0;0;0;0;1;0;0;0;4369;5715;5918;60;50;6;8;18;25;9;12;10;10;18;19;5;12;7;0;10;10;7;0;1;4;1;3;Regular Season;16;25;11;4;4;10;18;11;6;5
10364;1971;10;17;Oakland Coliseum Arena;10068;120;122;2;3;0;2;0;0;0;1;1;1;0;0;5694;5458;4767;41;64;2;6;17;11;13;7;9;6;20;26;6;12;8;0;12;16;14;0;1;3;0;1;Regular Season;4;17;13;7;0;11;16;13;15;9
10365;1971;10;17;Olympia Stadium;15245;9;123;2;2;0;1;1;0;0;0;2;0;0;0;4723;3862;6374;52;43;27;25;33;25;7;9;3;6;24;24;6;13;10;0;9;10;9;0;1;5;0;6;Regular Season;11;23;13;3;2;9;12;12;6;4
10366;1971;10;17;Madison Square Garden;18006;10;0;7;4;3;0;4;0;0;2;1;1;0;0;5058;2831;5248;46;55;26;26;12;15;13;10;13;6;28;30;8;7;11;0;9;5;12;0;1;8;2;9;Regular Season;8;13;17;3;5;11;19;12;8;5
10367;1971;10;19;St. Louis Arena;8506;123;131;0;6;0;0;0;0;0;3;1;2;0;0;4926;6373;4380;31;56;10;6;40;18;5;8;8;9;24;24;7;9;3;0;14;10;6;0;0;3;2;5;Regular Season;5;8;9;3;6;8;20;6;18;4
10368;1971;10;20;Boston Garden;13306;5;9;2;1;1;1;0;0;0;0;1;0;0;0;5887;5695;6102;50;40;7;7;21;10;14;6;7;9;19;16;7;13;7;0;3;12;6;0;0;1;0;2;Regular Season;12;12;16;7;3;8;14;7;7;4
10369;1971;10;20;Oakland Coliseum Arena;10385;120;0;4;5;2;2;0;0;0;1;0;4;0;0;5107;5940;5475;40;59;8;8;18;30;7;5;6;11;30;18;11;5;9;0;8;10;12;0;0;4;1;4;Regular Season;7;15;7;6;5;14;15;17;8;5
10370;1971;10;20;The Met Center;8945;119;131;5;0;0;2;3;0;0;0;0;0;0;0;4953;6064;3867;37;39;20;20;29;18;6;8;17;11;20;22;6;7;10;0;8;1;8;0;0;5;0;5;Regular Season;9;11;12;3;2;17;7;6;7;2
10371;1971;10;20;Madison Square Garden;18006;10;8;6;2;2;1;3;0;0;0;1;1;0;0;4747;3053;5248;46;63;24;20;22;18;10;11;14;14;23;28;10;10;13;0;5;19;4;0;2;6;0;7;Regular Season;3;20;13;6;4;16;20;14;5;8
10372;1971;10;20;Pittsburgh Civic Arena;16940;122;118;1;5;0;1;0;0;0;2;0;3;0;0;5088;5428;5287;47;55;12;8;21;21;7;7;6;9;20;22;10;10;6;0;8;7;11;0;0;4;1;6;Regular Season;13;14;5;7;8;11;20;14;9;1
10373;1971;10;20;Maple Leaf Gardens;16485;3;130;6;2;1;2;3;0;0;0;2;0;0;0;4768;4365;5402;48;33;10;10;14;17;13;10;3;7;26;17;6;12;5;0;3;10;6;0;1;5;1;5;Regular Season;13;18;11;4;2;7;9;5;8;4
10374;1971;10;21;Buffalo Memorial Auditorium;9535;130;8;5;2;2;2;1;0;0;1;1;0;0;0;6346;4488;5439;35;50;4;4;20;14;8;6;8;10;20;19;9;6;4;0;7;15;15;0;0;2;1;2;Regular Season;9;15;7;4;0;7;13;9;14;7
10375;1971;10;21;The Spectrum;12223;121;118;2;3;1;1;0;0;0;3;0;0;0;0;5477;5290;6189;54;55;6;6;19;18;9;15;7;8;22;28;13;8;10;0;8;15;11;0;0;3;2;3;Regular Season;10;21;16;2;5;10;20;9;13;3
10376;1971;10;22;Oakland Coliseum Arena;8808;120;5;6;4;2;2;2;0;0;3;1;0;0;0;4494;5449;5907;48;50;8;10;20;13;9;10;8;13;22;24;9;9;9;0;13;8;10;0;0;5;2;4;Regular Season;7;20;10;10;1;13;15;8;7;7
10377;1971;10;22;Olympia Stadium;16700;9;3;4;12;0;1;3;0;0;4;5;3;0;0;4138;6397;4768;43;51;19;27;17;13;9;10;9;4;28;40;6;6;8;0;12;9;8;0;2;11;2;7;Regular Season;12;15;11;3;2;12;11;6;14;8
10378;1971;10;22;Pacific Coliseum;16281;131;0;2;5;0;2;0;0;0;2;2;1;0;0;5475;5265;4146;44;66;9;11;28;33;7;8;10;11;19;28;7;9;3;0;16;10;13;0;1;3;1;2;Regular Season;11;14;12;6;1;6;17;22;11;10
10379;1971;10;23;The Forum;16005;118;0;0;4;0;0;0;0;0;0;4;0;0;0;4146;5075;5107;42;40;23;11;21;22;8;11;10;8;14;23;9;6;5;0;3;14;9;0;0;3;1;4;Regular Season;7;21;10;3;1;6;10;3;14;7
10380;1971;10;23;The Met Center;8477;119;130;0;4;0;0;0;0;0;1;1;2;0;0;6183;4488;6346;39;33;6;4;18;14;6;7;6;6;15;23;8;9;8;0;4;10;8;0;0;2;1;3;Regular Season;5;18;10;4;2;6;12;2;4;9
10381;1971;10;23;Pittsburgh Civic Arena;16940;122;8;5;4;2;2;1;0;0;1;0;3;0;0;4767;5444;5654;64;53;10;6;22;26;14;14;7;8;22;27;9;19;6;0;13;9;12;0;0;3;3;5;Regular Season;11;21;19;10;3;11;17;11;8;6
10382;1971;10;23;St. Louis Arena;8746;123;10;2;7;0;1;1;0;0;4;3;0;0;0;5461;4381;4158;41;44;4;2;18;18;6;11;7;7;20;18;9;10;6;0;14;13;5;0;0;1;0;2;Regular Season;11;19;8;2;1;7;11;8;12;6
10383;1971;10;23;Maple Leaf Gardens;16485;3;121;6;1;1;4;1;0;0;0;0;1;0;0;4601;4041;4377;52;37;10;8;18;12;7;11;8;9;20;24;9;16;8;0;10;11;5;0;0;4;1;5;Regular Season;6;15;12;14;5;5;14;5;8;5
10384;1971;10;24;Buffalo Memorial Auditorium;10791;130;123;4;1;2;0;2;0;0;1;0;0;0;0;4934;4741;5105;59;42;10;10;34;14;8;7;12;8;24;32;11;11;14;0;6;6;15;0;1;5;0;5;Regular Season;12;25;12;9;1;4;20;9;6;3
10385;1971;10;24;Olympia Stadium;15057;9;120;4;2;1;2;1;0;0;1;1;0;0;0;4376;5238;5676;51;49;8;12;30;21;13;10;13;17;30;20;8;10;8;0;13;12;8;0;0;6;0;4;Regular Season;14;15;13;5;4;4;20;11;9;5
10386;1971;10;24;The Forum;16005;118;119;1;2;1;0;0;0;0;2;0;0;0;0;4734;5703;5306;40;37;4;8;25;20;6;12;7;12;17;23;7;10;9;0;6;5;5;0;1;4;0;2;Regular Season;9;16;13;0;2;11;14;4;5;3
10387;1971;10;24;Madison Square Garden;18006;10;122;2;3;0;1;1;0;0;0;1;2;0;0;6118;4355;5860;55;49;23;23;21;14;10;11;15;5;19;26;12;8;11;0;10;12;6;0;0;4;0;4;Regular Season;9;25;10;8;3;12;15;9;8;5
10388;1971;10;24;The Spectrum;12406;121;8;9;1;3;5;1;0;0;1;0;0;0;0;5957;5868;5866;42;36;9;13;21;21;9;9;13;18;16;24;13;14;4;0;7;7;2;0;2;4;0;2;Regular Season;2;13;12;8;7;6;10;10;6;4
10389;1971;10;24;Pacific Coliseum;13705;131;5;3;3;1;1;1;0;0;1;0;2;0;0;6373;6146;4926;44;47;16;20;20;31;6;10;13;15;27;23;7;9;8;0;10;4;8;0;1;5;1;3;Regular Season;10;16;15;2;1;11;17;2;10;7
10390;1971;10;26;Olympia Stadium;15068;9;8;3;5;2;1;0;0;0;1;3;1;0;0;5447;5898;5061;55;66;12;8;26;27;8;8;9;7;25;27;10;4;9;0;9;23;12;0;1;4;1;7;Regular Season;10;21;15;5;4;10;21;16;13;6
10391;1971;10;27;The Forum;16005;118;130;2;5;0;2;0;0;0;1;3;1;0;0;6183;4934;4741;48;43;15;13;11;19;6;8;8;14;31;21;9;12;8;0;11;11;8;0;0;4;1;5;Regular Season;7;25;7;4;5;5;18;8;11;1
10392;1971;10;27;Montreal Forum;18200;0;5;4;1;2;2;0;0;0;1;0;0;0;0;5854;5265;5475;37;40;8;12;14;12;11;12;9;7;22;16;15;6;6;0;6;9;4;0;2;6;0;4;Regular Season;4;13;10;7;3;13;12;6;4;5
10393;1971;10;27;Madison Square Garden;18006;10;9;5;3;2;2;1;0;0;1;2;0;0;0;2831;4939;5461;58;52;8;8;23;11;10;9;16;8;17;26;12;11;12;0;4;15;4;0;2;5;0;4;Regular Season;9;26;12;5;6;17;17;5;7;6
10394;1971;10;27;Pittsburgh Civic Arena;16940;122;120;6;1;2;3;1;0;0;0;1;0;0;0;5694;4767;5654;47;26;12;8;19;20;7;12;8;13;23;19;6;7;9;0;10;3;3;0;1;4;0;6;Regular Season;15;14;8;8;2;3;10;8;3;2
10395;1971;10;27;St. Louis Arena;7768;123;119;2;2;2;0;0;0;0;1;1;0;0;0;5094;5468;6192;33;34;8;10;36;30;6;7;5;15;30;22;6;9;6;0;6;11;3;0;0;5;1;4;Regular Season;6;10;11;5;1;3;19;4;7;1
10396;1971;10;27;Maple Leaf Gardens;16485;3;131;3;2;3;0;0;0;0;2;0;0;0;0;5417;4926;4138;61;51;26;24;22;17;9;17;13;6;26;24;15;15;15;0;10;9;7;0;0;2;1;3;Regular Season;5;24;11;9;12;14;19;9;6;3
10397;1971;10;28;Boston Garden;12971;5;120;3;4;0;2;1;0;0;1;2;1;0;0;5907;5887;5714;50;48;19;19;23;10;12;5;13;5;24;30;8;13;3;0;4;11;14;0;0;2;0;2;Regular Season;14;16;11;4;5;11;18;7;5;7
10398;1971;10;28;The Met Center;8368;119;122;2;5;0;1;1;0;0;2;1;2;0;0;5856;5196;6118;25;41;4;6;22;15;10;9;9;5;26;13;5;3;7;0;16;7;6;0;1;3;0;2;Regular Season;5;11;4;4;1;7;6;6;15;7
10399;1971;10;28;The Spectrum;12068;121;131;2;4;1;0;1;0;0;0;3;1;0;0;5275;5290;4378;53;55;6;8;18;25;11;8;17;7;30;22;12;7;21;0;5;20;4;0;0;4;0;3;Regular Season;4;21;20;6;2;7;21;14;8;5
10400;1971;10;30;The Forum;16005;118;8;1;5;1;0;0;0;0;1;2;2;0;0;5680;5701;4369;50;49;23;13;24;21;6;5;9;11;24;22;10;13;6;0;6;12;10;0;0;4;1;4;Regular Season;11;18;16;5;0;6;15;13;8;7
10401;1971;10;30;Montreal Forum;18200;0;9;10;2;4;5;1;0;0;1;1;0;0;0;5475;5443;4160;40;30;28;24;22;20;7;7;9;15;25;15;9;11;6;0;9;8;1;0;5;7;0;4;Regular Season;8;8;10;10;4;4;10;8;5;3
10402;1971;10;30;Pittsburgh Civic Arena;16940;122;10;4;5;2;1;1;0;0;1;3;1;0;0;4729;5856;4158;56;45;31;20;19;23;9;9;6;8;20;21;11;6;13;0;12;14;8;0;1;5;2;4;Regular Season;9;21;9;12;5;2;13;11;11;8
10403;1971;10;30;St. Louis Arena;8987;123;121;5;4;3;0;2;0;0;1;1;2;0;0;3967;5231;5232;42;60;21;7;26;21;8;13;10;6;24;34;5;5;8;0;10;18;14;0;1;1;1;3;Regular Season;12;16;9;5;0;11;17;12;17;3
10404;1971;10;30;Maple Leaf Gardens;16485;3;119;2;2;1;0;1;0;0;0;1;1;0;0;5246;4742;4938;45;52;11;11;15;23;11;6;13;15;26;16;11;7;12;0;9;14;5;0;0;3;0;3;Regular Season;9;15;9;8;4;10;22;9;8;3
10405;1971;10;30;Pacific Coliseum;15427;131;130;6;3;2;3;1;0;0;2;1;0;0;0;4157;4760;6373;44;54;8;10;14;16;16;10;7;14;24;31;10;8;6;0;11;15;8;0;1;5;1;4;Regular Season;9;16;9;8;2;12;20;8;10;4
10406;1971;10;31;Boston Garden;12223;5;119;2;0;0;0;2;0;0;0;0;0;0;0;6102;4953;5051;38;44;13;23;24;10;11;11;5;9;18;25;4;5;12;0;6;9;6;0;0;4;0;4;Regular Season;7;11;10;8;2;10;21;3;3;7
10407;1971;10;31;Oakland Coliseum Arena;8972;120;130;5;6;2;0;3;0;0;2;4;0;0;0;5105;6355;6415;41;43;32;28;24;22;16;13;8;6;30;35;12;4;10;0;14;10;5;0;3;9;0;6;Regular Season;11;12;10;4;4;8;16;5;7;7
10408;1971;10;31;Olympia Stadium;16700;9;122;3;3;2;1;0;0;0;1;2;0;0;0;4723;4487;4939;60;37;15;15;28;8;12;3;19;11;19;18;13;13;8;0;6;9;5;0;0;5;0;6;Regular Season;10;23;13;11;3;8;13;7;7;2
10409;1971;10;31;Madison Square Garden;18006;10;3;0;4;0;0;0;0;0;0;3;1;0;0;6397;5246;5417;37;54;6;8;20;19;7;9;11;7;19;26;7;8;8;0;9;14;6;0;0;4;0;3;Regular Season;4;14;13;3;3;14;14;9;11;6
10410;1971;10;31;The Spectrum;14518;121;0;5;9;2;2;1;0;0;2;4;3;0;0;5075;5107;5443;51;62;8;6;22;21;8;3;16;6;30;27;11;11;9;0;13;14;12;0;1;4;1;4;Regular Season;8;19;17;7;0;10;15;11;18;8
10411;1971;10;31;Pacific Coliseum;14956;131;8;2;7;0;2;0;0;0;1;1;5;0;0;5447;5061;5701;51;67;11;9;17;21;14;5;4;15;22;24;10;7;6;0;18;18;14;0;0;2;1;3;Regular Season;11;21;11;8;0;6;13;18;19;11
10412;1971;11;1;Maple Leaf Gardens;16485;3;9;2;3;2;0;0;0;0;2;0;1;0;0;4139;5417;6151;42;50;12;6;26;12;13;5;5;18;23;26;10;10;9;0;6;13;12;0;1;3;1;6;Regular Season;4;21;8;4;5;8;17;13;11;1
10413;1971;11;3;Chicago Stadium;18472;8;121;5;2;1;2;2;0;0;2;0;0;0;0;5701;4369;5680;53;51;12;8;17;9;4;11;14;14;24;24;11;9;8;0;7;14;13;0;2;4;2;5;Regular Season;13;17;15;5;3;8;17;15;7;4
10414;1971;11;3;Oakland Coliseum Arena;10006;120;122;6;4;2;2;2;0;0;2;0;2;0;0;5238;5694;4492;59;56;27;15;13;19;15;17;15;5;33;22;16;16;8;0;7;11;11;0;0;5;0;6;Regular Season;8;23;19;6;3;14;15;7;10;10
10415;1971;11;3;The Forum;16005;118;10;5;2;2;2;1;0;0;0;1;1;0;0;4761;5715;5477;51;45;12;8;18;22;3;11;8;9;26;14;12;13;8;0;4;9;9;0;0;4;1;7;Regular Season;12;22;12;3;2;7;16;8;10;4
10416;1971;11;3;The Met Center;8100;119;3;4;2;1;1;2;0;0;1;0;1;0;0;4609;5398;4483;48;33;8;6;18;10;10;14;10;6;26;16;11;6;9;0;6;8;8;0;1;3;0;4;Regular Season;12;19;11;4;2;5;10;2;11;5
10417;1971;11;3;Montreal Forum;18200;0;123;4;1;1;1;2;0;0;0;0;1;0;0;4756;4146;5473;52;46;6;9;31;20;10;6;10;9;20;18;8;10;10;0;3;6;9;0;1;3;0;3;Regular Season;9;18;13;5;7;11;15;7;7;6
10418;1971;11;4;Boston Garden;13095;5;123;5;0;3;2;0;0;0;0;0;0;0;0;5286;5879;5405;44;24;4;4;27;26;8;12;9;6;16;22;10;13;5;0;3;9;3;0;1;3;0;2;Regular Season;6;15;10;9;4;3;6;8;5;2
10419;1971;11;4;Olympia Stadium;13616;9;130;5;1;3;1;1;0;0;0;0;1;0;0;6377;6136;3695;33;36;8;6;25;15;15;14;5;15;31;21;9;5;6;0;7;8;6;0;1;3;1;4;Regular Season;7;6;12;4;4;3;14;6;6;7
10420;1971;11;5;Buffalo Memorial Auditorium;10352;130;121;4;2;1;3;0;0;0;0;0;2;0;0;4465;4730;6324;58;41;6;12;25;13;10;6;13;8;33;28;13;13;14;0;6;11;5;0;2;6;0;3;Regular Season;8;28;15;3;4;6;15;9;8;3
10421;1971;11;5;Oakland Coliseum Arena;9576;120;10;3;2;0;1;2;0;0;1;0;1;0;0;4751;5058;4754;56;46;9;17;25;23;15;11;9;8;30;24;7;10;9;0;8;11;10;0;1;6;0;1;Regular Season;16;17;18;3;2;8;8;12;8;10
10422;1971;11;5;Pacific Coliseum;15627;131;122;1;2;0;0;1;0;0;0;1;1;0;0;4487;6373;4942;59;44;6;10;24;26;9;4;11;8;20;25;8;6;9;0;6;10;12;0;0;5;0;4;Regular Season;21;17;16;3;2;3;17;8;10;6
10423;1971;11;6;Olympia Stadium;15455;9;5;1;4;1;0;0;0;0;2;1;1;0;0;5449;5879;6146;33;46;19;33;22;20;5;14;7;11;27;18;10;8;0;0;4;10;7;0;0;9;1;7;Regular Season;7;16;8;2;0;12;18;6;7;3
10424;1971;11;6;The Forum;16005;118;3;0;4;0;0;0;0;0;4;0;0;0;0;5641;6397;5402;29;46;11;17;16;15;9;11;13;8;22;15;7;4;5;0;12;6;5;0;0;1;0;3;Regular Season;6;10;11;1;1;11;16;5;11;3
10425;1971;11;6;The Met Center;9020;119;123;8;2;3;4;1;0;0;0;2;0;0;0;5733;5468;5726;34;26;22;34;35;13;5;7;8;7;18;30;7;7;5;0;3;8;5;0;3;7;0;5;Regular Season;7;14;8;3;2;6;9;7;2;2
10426;1971;11;6;Montreal Forum;18200;0;8;5;3;3;1;1;0;0;0;1;2;0;0;4146;4930;5475;45;48;8;10;28;19;7;12;7;17;29;16;11;4;11;0;8;12;8;0;2;5;0;4;Regular Season;5;13;14;11;2;14;12;8;11;3
10427;1971;11;6;Pacific Coliseum;16281;131;10;5;3;0;3;2;0;0;1;2;0;0;0;6373;5461;4380;62;58;30;32;15;19;13;10;10;13;27;30;8;7;11;0;7;18;9;0;1;6;1;5;Regular Season;17;25;12;7;1;10;22;12;11;3
10428;1971;11;7;Boston Garden;14448;5;0;0;4;0;0;0;0;0;2;1;1;0;0;4960;4146;5107;41;45;6;8;15;20;9;8;14;8;23;22;9;10;10;0;8;15;6;0;0;4;2;3;Regular Season;7;15;10;6;3;7;9;7;11;11
10429;1971;11;7;Buffalo Memorial Auditorium;10644;130;9;4;0;2;2;0;0;0;0;0;0;0;0;5416;5409;5410;45;44;6;10;30;20;11;9;12;6;24;32;16;7;4;0;7;7;11;0;1;6;0;4;Regular Season;12;20;6;5;2;12;18;4;6;4
10430;1971;11;7;Chicago Stadium;18472;8;122;4;2;1;1;2;0;0;0;1;1;0;0;4369;4466;5288;55;46;9;17;20;15;16;9;18;4;21;18;13;8;9;0;8;4;11;0;0;1;0;3;Regular Season;12;15;14;8;6;7;19;11;7;2
10431;1971;11;7;Oakland Coliseum Arena;9629;120;3;5;0;1;1;3;0;0;0;0;0;0;0;4142;4494;6355;34;61;6;2;23;23;13;11;7;8;23;15;5;6;10;0;14;7;6;0;1;3;0;3;Regular Season;7;13;5;6;3;18;16;12;10;5
10432;1971;11;7;The Spectrum;11046;121;119;4;1;0;2;2;0;0;0;1;0;0;0;4617;5917;4927;44;42;8;12;19;32;6;10;6;9;31;18;4;16;11;0;3;8;11;0;0;6;0;5;Regular Season;6;20;11;4;3;9;16;6;7;4
10433;1971;11;9;St. Louis Arena;8456;123;122;4;5;0;2;2;0;0;1;1;3;0;0;5425;6381;5860;49;50;12;8;22;23;6;11;9;13;19;22;10;13;5;0;13;11;11;0;0;4;1;6;Regular Season;7;17;12;6;7;6;20;7;8;9
10434;1971;11;10;Chicago Stadium;16707;8;5;4;1;2;2;0;0;0;1;0;0;0;0;5447;5680;6163;41;50;13;9;18;12;8;5;16;4;24;24;14;10;5;0;14;9;7;0;0;2;0;4;Regular Season;1;19;15;4;2;10;16;12;6;6
10435;1971;11;10;The Met Center;8684;119;9;0;7;0;0;0;0;0;2;4;1;0;0;6151;5244;5676;40;43;10;10;29;14;9;9;6;3;23;26;5;10;6;0;11;8;2;0;0;5;1;5;Regular Season;8;21;5;4;2;15;7;6;9;6
10436;1971;11;10;Madison Square Garden;18006;10;118;4;6;1;2;1;0;0;1;1;4;0;0;4752;4381;5703;52;55;30;28;28;15;11;9;11;8;18;36;12;12;6;0;10;8;8;0;2;9;1;5;Regular Season;10;19;15;5;3;14;11;10;16;4
10437;1971;11;10;Pittsburgh Civic Arena;16940;122;131;7;0;1;4;2;0;0;0;0;0;0;0;4933;5860;5856;46;51;12;16;14;16;7;3;11;14;24;28;8;15;6;0;15;12;4;0;0;3;0;2;Regular Season;7;11;14;9;5;7;18;9;10;7
10438;1971;11;10;Maple Leaf Gardens;16485;3;0;3;6;1;1;1;0;0;2;2;2;0;0;5075;4146;5107;56;59;18;16;16;30;9;9;7;10;23;31;10;11;11;0;11;11;15;0;0;3;2;4;Regular Season;17;18;13;5;3;8;23;10;9;9
10439;1971;11;11;Boston Garden;13614;5;120;1;4;0;0;1;0;0;0;2;2;0;0;4751;5940;4737;43;44;18;16;26;22;14;11;9;9;22;18;10;7;6;0;3;12;9;0;0;3;2;4;Regular Season;11;18;11;2;1;10;17;7;6;4
10440;1971;11;11;Buffalo Memorial Auditorium;9762;130;118;3;1;0;2;1;0;0;1;0;0;0;0;5065;5477;6346;34;52;21;37;28;13;11;13;8;5;21;29;5;7;5;0;17;8;7;0;0;2;0;3;Regular Season;8;10;10;4;2;12;20;9;7;4
10441;1971;11;11;The Spectrum;11615;121;131;5;1;0;3;2;0;0;0;0;1;0;0;5868;6405;5957;48;58;6;8;21;18;10;9;12;7;19;26;8;15;9;0;9;10;9;0;0;4;1;3;Regular Season;5;12;18;7;6;14;19;12;7;6
10442;1971;11;13;The Met Center;10119;119;0;1;6;0;1;0;0;0;2;3;1;0;0;5265;4941;4481;24;36;2;6;16;27;7;9;9;6;26;21;3;7;3;0;11;7;3;0;0;3;0;1;Regular Season;6;13;2;1;2;11;9;6;7;3
10443;1971;11;13;Madison Square Garden;18006;10;130;3;2;1;1;1;0;0;1;0;1;0;0;4381;5679;5461;51;48;4;4;13;15;12;13;5;11;26;23;11;15;6;0;9;10;5;0;0;2;1;2;Regular Season;9;24;7;8;3;14;18;8;3;5
10444;1971;11;13;The Spectrum;13337;121;9;3;3;2;0;1;0;0;0;2;1;0;0;5866;5676;5290;61;59;14;8;20;16;12;13;14;15;24;24;10;8;10;0;10;18;3;0;1;5;1;7;Regular Season;15;17;18;9;2;13;15;7;12;12
10445;1971;11;13;Pittsburgh Civic Arena;16940;122;118;6;2;2;2;2;0;0;0;2;0;0;0;5086;6367;5860;48;59;6;10;24;13;7;5;14;13;20;22;11;14;6;0;10;6;6;0;1;6;0;4;Regular Season;7;13;14;10;4;23;19;9;5;3
10446;1971;11;13;St. Louis Arena;9211;123;120;1;4;0;1;0;0;0;1;1;2;0;0;5955;4494;4751;49;55;8;12;26;27;3;9;4;11;29;28;7;9;8;0;10;14;16;0;0;6;0;4;Regular Season;14;15;9;5;6;4;20;15;6;10
10447;1971;11;13;Maple Leaf Gardens;16485;3;131;5;1;2;2;1;0;0;1;0;0;0;0;5417;4475;5402;74;39;2;6;22;9;12;6;12;8;26;26;15;17;5;0;5;4;2;0;1;4;1;1;Regular Season;14;25;11;12;12;16;11;5;4;3
10448;1971;11;14;Boston Garden;13463;5;118;4;3;3;1;0;0;0;1;0;2;0;0;5405;5428;5406;48;38;2;6;20;19;8;7;7;5;24;18;13;11;5;0;8;4;8;0;2;3;0;2;Regular Season;10;21;11;4;2;5;18;4;9;2
10449;1971;11;14;Buffalo Memorial Auditorium;12775;130;0;1;7;0;1;0;0;0;3;2;2;0;0;4349;5265;4941;33;48;17;27;18;11;10;10;14;4;25;29;6;6;3;0;9;11;11;0;0;6;2;6;Regular Season;12;13;5;2;1;11;10;5;15;7
10450;1971;11;14;Chicago Stadium;18472;8;120;4;0;1;0;3;0;0;0;0;0;0;0;4369;5701;4940;44;35;15;13;28;18;13;13;9;8;21;23;8;8;7;0;12;6;6;0;1;6;0;5;Regular Season;8;12;15;7;2;4;12;10;9;0
10451;1971;11;14;Madison Square Garden;18006;10;131;5;1;0;4;1;0;0;0;1;0;0;0;4747;4381;4957;61;36;15;11;26;11;5;9;13;12;23;25;9;23;11;0;7;4;6;0;1;3;0;5;Regular Season;7;25;17;9;3;8;15;7;5;1
10452;1971;11;14;The Spectrum;12043;121;3;4;7;0;2;2;0;0;2;2;3;0;0;4138;4377;4601;51;60;16;13;17;21;6;11;9;7;35;22;10;8;13;0;10;16;12;0;1;4;0;4;Regular Season;8;22;13;6;2;10;19;8;16;7
10453;1971;11;16;Montreal Forum;18200;0;120;2;0;0;1;1;0;0;0;0;0;0;0;4060;5940;4756;52;37;11;17;27;19;11;9;8;7;20;21;4;11;10;0;6;4;14;0;0;1;0;3;Regular Season;16;15;11;4;6;5;11;7;11;3
10454;1971;11;16;Pittsburgh Civic Arena;15530;122;119;2;4;0;0;2;0;0;1;1;2;0;0;4501;4942;5655;34;42;21;19;23;20;9;12;3;15;28;30;6;8;5;0;3;10;9;0;0;7;1;8;Regular Season;2;14;13;2;3;8;16;10;5;3
10455;1971;11;16;St. Louis Arena;8381;123;9;10;1;2;3;5;0;0;1;0;0;0;0;6359;4497;4922;48;44;10;8;21;17;5;9;7;7;22;27;11;8;11;0;11;11;6;0;0;4;1;5;Regular Season;10;18;13;7;0;6;16;8;8;6
10456;1971;11;17;Chicago Stadium;18472;8;131;1;3;0;0;1;0;0;0;2;1;0;0;4471;5447;6173;57;52;6;8;21;16;10;14;11;6;28;27;8;15;13;0;9;11;6;0;0;4;0;3;Regular Season;12;18;10;10;7;12;18;11;6;5
10457;1971;11;17;Maple Leaf Gardens;16485;3;118;10;1;3;5;2;0;0;0;1;0;0;0;5398;4938;4475;45;29;15;17;22;17;6;5;13;10;27;21;10;11;7;0;3;7;6;0;0;6;0;5;Regular Season;9;11;14;6;5;7;8;9;1;4
10458;1971;11;18;Boston Garden;13790;5;131;4;4;0;4;0;0;0;2;1;1;0;0;4149;4926;6356;50;47;4;10;25;22;7;8;13;9;29;30;11;12;7;0;11;9;9;0;0;5;0;2;Regular Season;7;21;7;10;5;9;15;11;11;1
10459;1971;11;18;Buffalo Memorial Auditorium;10833;130;120;1;2;0;1;0;0;0;1;1;0;0;0;6355;5679;4751;56;40;13;15;24;13;13;12;11;3;25;22;10;12;9;0;13;9;6;0;0;5;0;4;Regular Season;8;20;17;3;8;6;13;8;9;4
10460;1971;11;18;The Met Center;8874;119;122;4;0;2;2;0;0;0;0;0;0;0;0;5468;4501;3867;33;23;4;6;25;16;8;9;11;6;27;14;9;7;6;0;4;7;4;0;0;3;0;2;Regular Season;6;12;7;4;4;3;5;9;3;3
10461;1971;11;18;Montreal Forum;18200;0;123;6;0;1;4;1;0;0;0;0;0;0;0;4146;5443;5265;53;28;6;10;28;19;11;14;6;10;20;23;15;15;7;0;6;7;2;0;2;5;0;3;Regular Season;5;18;13;11;6;7;10;6;4;1
10462;1971;11;18;The Spectrum;12649;121;118;4;3;0;4;0;0;0;0;3;0;0;0;5276;5278;5957;52;62;9;7;17;17;9;5;8;10;23;29;11;15;8;0;20;9;14;0;0;1;0;2;Regular Season;9;21;9;7;6;7;19;17;12;7
10463;1971;11;20;Boston Garden;14448;5;8;5;4;4;0;1;0;0;1;1;2;0;0;5405;5288;5051;38;57;13;11;24;26;5;7;4;9;23;26;5;4;7;0;14;12;15;0;1;3;1;4;Regular Season;7;13;8;9;1;7;15;12;13;10
10464;1971;11;20;The Forum;16005;118;9;1;3;1;0;0;0;0;0;1;2;0;0;6136;5428;4376;51;55;13;13;26;28;8;8;9;11;22;22;6;8;9;0;9;7;10;0;0;4;0;4;Regular Season;15;14;16;3;3;11;18;11;8;7
10465;1971;11;20;The Met Center;8348;119;10;0;3;0;0;0;0;0;0;0;3;0;0;3885;4367;5248;43;45;17;11;17;24;9;11;12;6;29;21;6;9;6;0;8;7;14;0;0;3;1;6;Regular Season;9;23;11;0;0;8;10;4;12;11
10466;1971;11;20;Montreal Forum;18200;0;121;3;1;2;1;0;0;0;1;0;0;0;0;4146;5957;5107;49;45;13;13;24;10;10;7;10;6;27;30;4;14;6;0;8;7;9;0;3;4;0;4;Regular Season;15;12;9;11;2;8;16;8;6;7
10467;1971;11;20;Pittsburgh Civic Arena;16940;122;123;4;3;0;3;1;0;0;2;1;0;0;0;6367;4346;5196;58;44;16;16;24;13;8;13;11;9;33;34;16;21;9;0;9;5;6;0;2;9;1;8;Regular Season;5;25;12;14;2;14;14;8;3;5
10468;1971;11;20;Maple Leaf Gardens;16485;3;120;2;1;0;1;1;0;0;1;0;0;0;0;4365;4751;6397;58;44;9;11;23;23;8;11;9;4;25;17;13;7;5;0;6;6;8;0;0;3;0;2;Regular Season;12;19;14;5;8;14;16;6;6;2
10469;1971;11;21;Boston Garden;13892;5;123;1;4;0;1;0;0;0;0;3;1;0;0;4922;5232;6381;46;36;11;21;24;23;5;12;11;5;25;23;9;11;5;0;5;12;8;0;0;3;0;3;Regular Season;8;16;13;5;4;2;9;8;13;4
10470;1971;11;21;Buffalo Memorial Auditorium;10716;130;3;0;6;0;0;0;0;0;2;4;0;0;0;4938;4768;4365;21;42;13;9;12;12;8;6;12;4;18;17;6;9;1;0;10;10;7;0;0;2;0;4;Regular Season;2;4;7;6;2;6;12;9;10;5
10471;1971;11;21;Chicago Stadium;18472;8;122;4;4;2;1;1;0;0;1;1;2;0;0;5444;6148;4605;49;53;13;11;17;21;10;12;8;9;27;23;11;11;7;0;6;16;13;0;1;3;0;4;Regular Season;10;15;14;7;3;6;15;12;11;9
10472;1971;11;21;Madison Square Garden;18006;10;120;3;0;1;1;1;0;0;0;0;0;0;0;5106;5248;5078;52;52;13;15;24;21;13;14;7;9;26;18;17;8;5;0;7;10;10;0;0;5;0;4;Regular Season;8;24;14;5;1;13;16;17;6;0
10473;1971;11;21;The Spectrum;11615;121;119;4;1;1;2;1;0;0;0;1;0;0;0;4730;5290;5231;48;46;19;9;20;22;10;8;13;12;22;18;10;12;14;0;4;8;6;0;0;2;0;2;Regular Season;8;14;11;12;3;12;19;9;3;3
10474;1971;11;21;Pacific Coliseum;15323;131;9;0;3;0;0;0;0;0;0;2;1;0;0;5244;3695;6151;44;60;4;8;25;18;13;9;13;15;17;28;10;7;6;0;10;16;14;0;0;4;1;2;Regular Season;10;20;7;6;1;8;21;12;11;8
10475;1971;11;23;St. Louis Arena;7895;123;118;2;0;1;1;0;0;0;0;0;0;0;0;4490;5428;4357;32;41;12;12;34;28;4;11;7;14;18;24;5;9;1;0;4;5;11;0;0;6;0;7;Regular Season;6;11;7;7;1;7;21;3;6;4
10476;1971;11;23;Pacific Coliseum;13055;131;119;5;2;1;3;1;0;0;0;2;0;0;0;4926;4758;6173;49;35;21;9;17;29;8;7;4;9;20;24;5;15;9;0;2;12;5;0;1;2;0;3;Regular Season;9;15;11;10;4;7;16;6;1;5
10477;1971;11;24;Chicago Stadium;18472;8;0;6;2;1;1;4;0;0;0;1;1;0;0;5447;5061;4940;56;48;7;13;19;26;11;9;12;6;28;22;12;9;11;0;12;9;7;0;1;4;0;1;Regular Season;7;27;12;7;3;9;18;8;9;4
10478;1971;11;24;Oakland Coliseum Arena;10524;120;9;6;1;4;1;1;0;0;1;0;0;0;0;5238;5714;5907;40;31;10;4;13;20;9;10;8;10;18;22;11;13;6;0;4;7;5;0;0;2;0;5;Regular Season;2;11;8;15;4;7;9;5;7;3
10479;1971;11;24;The Forum;15825;118;130;3;3;0;1;2;0;0;1;1;1;0;0;5871;4728;4761;40;49;12;6;19;24;9;11;10;4;22;26;5;11;10;0;8;12;8;0;0;3;1;6;Regular Season;5;12;17;2;4;10;21;5;8;5
10480;1971;11;24;Madison Square Garden;18006;10;123;3;4;2;0;1;0;0;0;3;1;0;0;6142;5461;4490;59;39;6;6;29;23;9;11;5;11;27;25;16;14;8;0;5;8;5;0;0;3;1;3;Regular Season;6;29;15;6;3;13;12;7;3;4
10481;1971;11;24;The Spectrum;11542;121;5;4;1;3;1;0;0;0;0;0;1;0;0;6402;5276;5917;34;52;11;21;16;20;7;6;7;15;20;20;8;6;4;0;6;13;9;0;1;3;0;3;Regular Season;3;13;7;6;5;9;20;11;7;5
10482;1971;11;24;Pittsburgh Civic Arena;16940;122;3;5;5;3;1;1;0;0;1;2;2;0;0;6087;5398;5860;46;58;12;14;16;17;15;12;9;11;21;24;7;9;7;0;6;13;13;0;1;2;0;1;Regular Season;10;12;15;5;4;9;17;14;12;6
10483;1971;11;25;Boston Garden;12536;5;121;2;4;2;0;0;0;0;2;1;1;0;0;5957;4962;5868;47;55;6;4;27;20;13;10;10;10;21;29;8;4;11;0;7;16;13;0;0;2;0;3;Regular Season;10;19;12;2;4;5;18;9;14;9
10484;1971;11;26;Oakland Coliseum Arena;8858;120;119;3;1;2;1;0;0;0;1;0;0;0;0;6355;4501;4618;38;39;4;10;19;22;11;9;2;9;17;25;7;13;6;0;5;4;7;0;1;5;0;2;Regular Season;5;6;19;4;4;12;18;8;1;0
10485;1971;11;27;Olympia Stadium;16700;9;10;1;6;0;0;1;0;0;4;2;0;0;0;4381;6101;5461;39;45;10;4;17;16;9;5;12;10;25;26;6;2;9;0;18;13;5;0;0;2;1;5;Regular Season;13;14;9;2;1;4;11;8;17;5
10486;1971;11;27;The Forum;16005;118;119;3;0;0;1;2;0;0;0;0;0;0;0;4343;4752;5287;41;47;10;8;33;21;12;7;10;11;15;21;3;8;9;0;12;11;4;0;0;4;0;5;Regular Season;9;20;5;5;2;9;18;10;5;5
10487;1971;11;27;Montreal Forum;18200;0;122;2;2;0;1;1;0;0;2;0;0;0;0;4146;4466;5075;48;42;27;11;29;13;13;13;16;9;23;23;16;6;8;0;6;5;7;0;1;3;0;7;Regular Season;7;17;13;8;3;12;17;3;7;3
10488;1971;11;27;St. Louis Arena;7955;123;5;5;2;1;3;1;0;0;1;1;0;0;0;6142;3967;4346;40;47;15;13;20;18;12;6;13;11;22;25;4;9;3;0;9;7;4;0;0;4;1;5;Regular Season;9;15;10;5;1;14;15;10;3;5
10489;1971;11;27;Maple Leaf Gardens;16485;3;8;2;2;0;1;1;0;0;1;0;1;0;0;4938;5701;5687;52;38;6;8;21;18;15;10;11;9;24;15;11;9;10;0;6;8;5;0;0;4;0;3;Regular Season;12;15;17;6;2;8;9;8;8;5
10490;1971;11;27;Pacific Coliseum;14362;131;130;1;2;0;1;0;0;0;1;1;0;0;0;4621;4926;4465;37;61;12;14;17;19;11;6;5;18;27;25;5;8;8;0;23;11;9;0;0;7;0;6;Regular Season;6;17;6;7;1;6;26;14;10;5
10491;1971;11;28;Chicago Stadium;18472;8;3;3;7;2;1;0;0;0;2;1;4;0;0;4601;5417;5246;39;62;6;4;22;25;9;11;10;5;22;20;6;10;6;0;11;11;15;0;0;2;0;3;Regular Season;8;18;6;5;2;12;17;11;14;8
10492;1971;11;28;Oakland Coliseum Arena;9272;120;130;5;1;2;2;1;0;0;1;0;0;0;0;5943;5940;5955;35;33;20;18;22;20;10;7;3;7;29;18;8;8;9;0;8;6;4;0;3;4;1;6;Regular Season;8;12;7;7;1;11;9;4;6;3
10493;1971;11;28;Olympia Stadium;16700;9;0;3;0;0;1;2;0;0;0;0;0;0;0;4598;5257;4376;39;54;14;10;24;27;7;10;13;6;32;28;3;6;8;0;11;8;11;0;0;6;0;7;Regular Season;9;15;8;4;3;12;15;14;9;4
10494;1971;11;28;The Spectrum;13192;121;10;4;1;1;2;1;0;0;0;0;1;0;0;4927;5698;5868;49;58;14;10;17;24;9;11;15;4;24;25;11;15;10;0;12;15;12;0;1;5;0;7;Regular Season;4;15;16;7;7;9;20;14;10;5
10495;1971;11;30;St. Louis Arena;8694;123;120;1;0;1;0;0;0;0;0;0;0;0;0;6124;5955;6192;52;59;2;4;24;23;8;11;11;3;27;25;12;7;11;0;11;22;8;0;0;2;0;1;Regular Season;12;20;10;6;4;13;23;9;7;7
10496;1971;11;30;Pacific Coliseum;15115;131;8;4;5;3;1;0;0;0;1;1;3;0;0;5701;6173;5401;48;61;11;7;24;21;7;7;9;13;25;20;8;10;7;0;5;9;21;0;1;1;1;3;Regular Season;10;19;12;6;1;8;15;13;14;11
10497;1971;12;1;The Met Center;0;119;120;0;0;0;0;0;0;0;0;0;0;0;0;;;;0;0;0;0;0;0;0;0;0;0;0;0;0;0;0;0;0;0;0;0;0;0;0;0;Regular Season;0;0;0;0;0;0;0;0;0;0
10498;1971;12;1;Montreal Forum;0;0;118;0;0;0;0;0;0;0;0;0;0;0;0;;;;0;0;0;0;0;0;0;0;0;0;0;0;0;0;0;0;0;0;0;0;0;0;0;0;Regular Season;0;0;0;0;0;0;0;0;0;0
10499;1971;12;1;Madison Square Garden;0;10;130;0;0;0;0;0;0;0;0;0;0;0;0;;;;0;0;0;0;0;0;0;0;0;0;0;0;0;0;0;0;0;0;0;0;0;0;0;0;Regular Season;0;0;0;0;0;0;0;0;0;0
10500;1971;12;1;Pittsburgh Civic Arena;0;122;9;0;0;0;0;0;0;0;0;0;0;0;0;;;;0;0;0;0;0;0;0;0;0;0;0;0;0;0;0;0;0;0;0;0;0;0;0;0;Regular Season;0;0;0;0;0;0;0;0;0;0
10501;1971;12;1;Maple Leaf Gardens;0;3;123;0;0;0;0;0;0;0;0;0;0;0;0;;;;0;0;0;0;0;0;0;0;0;0;0;0;0;0;0;0;0;0;0;0;0;0;0;0;Regular Season;0;0;0;0;0;0;0;0;0;0
10502;1971;12;2;Buffalo Memorial Auditorium;0;130;118;0;0;0;0;0;0;0;0;0;0;0;0;;;;0;0;0;0;0;0;0;0;0;0;0;0;0;0;0;0;0;0;0;0;0;0;0;0;Regular Season;0;0;0;0;0;0;0;0;0;0
10503;1971;12;2;The Spectrum;0;121;9;0;0;0;0;0;0;0;0;0;0;0;0;;;;0;0;0;0;0;0;0;0;0;0;0;0;0;0;0;0;0;0;0;0;0;0;0;0;Regular Season;0;0;0;0;0;0;0;0;0;0
10504;1971;12;3;Oakland Coliseum Arena;0;120;8;0;0;0;0;0;0;0;0;0;0;0;0;;;;0;0;0;0;0;0;0;0;0;0;0;0;0;0;0;0;0;0;0;0;0;0;0;0;Regular Season;0;0;0;0;0;0;0;0;0;0
10505;1971;12;4;Olympia Stadium;0;9;118;0;0;0;0;0;0;0;0;0;0;0;0;;;;0;0;0;0;0;0;0;0;0;0;0;0;0;0;0;0;0;0;0;0;0;0;0;0;Regular Season;0;0;0;0;0;0;0;0;0;0
10506;1971;12;4;The Met Center;0;119;121;0;0;0;0;0;0;0;0;0;0;0;0;;;;0;0;0;0;0;0;0;0;0;0;0;0;0;0;0;0;0;0;0;0;0;0;0;0;Regular Season;0;0;0;0;0;0;0;0;0;0
10507;1971;12;4;Montreal Forum;0;0;131;0;0;0;0;0;0;0;0;0;0;0;0;;;;0;0;0;0;0;0;0;0;0;0;0;0;0;0;0;0;0;0;0;0;0;0;0;0;Regular Season;0;0;0;0;0;0;0;0;0;0
10508;1971;12;4;Pittsburgh Civic Arena;0;122;10;0;0;0;0;0;0;0;0;0;0;0;0;;;;0;0;0;0;0;0;0;0;0;0;0;0;0;0;0;0;0;0;0;0;0;0;0;0;Regular Season;0;0;0;0;0;0;0;0;0;0
10509;1971;12;4;St. Louis Arena;0;123;130;0;0;0;0;0;0;0;0;0;0;0;0;;;;0;0;0;0;0;0;0;0;0;0;0;0;0;0;0;0;0;0;0;0;0;0;0;0;Regular Season;0;0;0;0;0;0;0;0;0;0
10510;1971;12;4;Maple Leaf Gardens;0;3;5;0;0;0;0;0;0;0;0;0;0;0;0;;;;0;0;0;0;0;0;0;0;0;0;0;0;0;0;0;0;0;0;0;0;0;0;0;0;Regular Season;0;0;0;0;0;0;0;0;0;0
10511;1971;12;5;Boston Garden;0;5;122;0;0;0;0;0;0;0;0;0;0;0;0;;;;0;0;0;0;0;0;0;0;0;0;0;0;0;0;0;0;0;0;0;0;0;0;0;0;Regular Season;0;0;0;0;0;0;0;0;0;0
10512;1971;12;5;Buffalo Memorial Auditorium;0;130;119;0;0;0;0;0;0;0;0;0;0;0;0;;;;0;0;0;0;0;0;0;0;0;0;0;0;0;0;0;0;0;0;0;0;0;0;0;0;Regular Season;0;0;0;0;0;0;0;0;0;0
10513;1971;12;5;Chicago Stadium;0;8;118;0;0;0;0;0;0;0;0;0;0;0;0;;;;0;0;0;0;0;0;0;0;0;0;0;0;0;0;0;0;0;0;0;0;0;0;0;0;Regular Season;0;0;0;0;0;0;0;0;0;0
10514;1971;12;5;Olympia Stadium;0;9;123;0;0;0;0;0;0;0;0;0;0;0;0;;;;0;0;0;0;0;0;0;0;0;0;0;0;0;0;0;0;0;0;0;0;0;0;0;0;Regular Season;0;0;0;0;0;0;0;0;0;0
10515;1971;12;5;Madison Square Garden;0;10;131;0;0;0;0;0;0;0;0;0;0;0;0;;;;0;0;0;0;0;0;0;0;0;0;0;0;0;0;0;0;0;0;0;0;0;0;0;0;Regular Season;0;0;0;0;0;0;0;0;0;0
10516;1971;12;5;The Spectrum;0;121;120;0;0;0;0;0;0;0;0;0;0;0;0;;;;0;0;0;0;0;0;0;0;0;0;0;0;0;0;0;0;0;0;0;0;0;0;0;0;Regular Season;0;0;0;0;0;0;0;0;0;0
10517;1971;12;7;Pacific Coliseum;0;131;123;0;0;0;0;0;0;0;0;0;0;0;0;;;;0;0;0;0;0;0;0;0;0;0;0;0;0;0;0;0;0;0;0;0;0;0;0;0;Regular Season;0;0;0;0;0;0;0;0;0;0
10518;1971;12;8;Chicago Stadium;0;8;10;0;0;0;0;0;0;0;0;0;0;0;0;;;;0;0;0;0;0;0;0;0;0;0;0;0;0;0;0;0;0;0;0;0;0;0;0;0;Regular Season;0;0;0;0;0;0;0;0;0;0
10519;1971;12;8;The Forum;0;118;5;0;0;0;0;0;0;0;0;0;0;0;0;;;;0;0;0;0;0;0;0;0;0;0;0;0;0;0;0;0;0;0;0;0;0;0;0;0;Regular Season;0;0;0;0;0;0;0;0;0;0
10520;1971;12;8;Montreal Forum;0;0;9;0;0;0;0;0;0;0;0;0;0;0;0;;;;0;0;0;0;0;0;0;0;0;0;0;0;0;0;0;0;0;0;0;0;0;0;0;0;Regular Season;0;0;0;0;0;0;0;0;0;0
10521;1971;12;8;Pittsburgh Civic Arena;0;122;120;0;0;0;0;0;0;0;0;0;0;0;0;;;;0;0;0;0;0;0;0;0;0;0;0;0;0;0;0;0;0;0;0;0;0;0;0;0;Regular Season;0;0;0;0;0;0;0;0;0;0
10522;1971;12;8;Maple Leaf Gardens;0;3;119;0;0;0;0;0;0;0;0;0;0;0;0;;;;0;0;0;0;0;0;0;0;0;0;0;0;0;0;0;0;0;0;0;0;0;0;0;0;Regular Season;0;0;0;0;0;0;0;0;0;0
10523;1971;12;9;Buffalo Memorial Auditorium;0;130;8;0;0;0;0;0;0;0;0;0;0;0;0;;;;0;0;0;0;0;0;0;0;0;0;0;0;0;0;0;0;0;0;0;0;0;0;0;0;Regular Season;0;0;0;0;0;0;0;0;0;0
10524;1971;12;9;The Spectrum;0;121;10;0;0;0;0;0;0;0;0;0;0;0;0;;;;0;0;0;0;0;0;0;0;0;0;0;0;0;0;0;0;0;0;0;0;0;0;0;0;Regular Season;0;0;0;0;0;0;0;0;0;0
10525;1971;12;10;Oakland Coliseum Arena;0;120;123;0;0;0;0;0;0;0;0;0;0;0;0;;;;0;0;0;0;0;0;0;0;0;0;0;0;0;0;0;0;0;0;0;0;0;0;0;0;Regular Season;0;0;0;0;0;0;0;0;0;0
10526;1971;12;11;Olympia Stadium;0;9;121;0;0;0;0;0;0;0;0;0;0;0;0;;;;0;0;0;0;0;0;0;0;0;0;0;0;0;0;0;0;0;0;0;0;0;0;0;0;Regular Season;0;0;0;0;0;0;0;0;0;0
10527;1971;12;11;The Forum;0;118;123;0;0;0;0;0;0;0;0;0;0;0;0;;;;0;0;0;0;0;0;0;0;0;0;0;0;0;0;0;0;0;0;0;0;0;0;0;0;Regular Season;0;0;0;0;0;0;0;0;0;0
10528;1971;12;11;Montreal Forum;0;0;119;0;0;0;0;0;0;0;0;0;0;0;0;;;;0;0;0;0;0;0;0;0;0;0;0;0;0;0;0;0;0;0;0;0;0;0;0;0;Regular Season;0;0;0;0;0;0;0;0;0;0
10529;1971;12;11;Pittsburgh Civic Arena;0;122;130;0;0;0;0;0;0;0;0;0;0;0;0;;;;0;0;0;0;0;0;0;0;0;0;0;0;0;0;0;0;0;0;0;0;0;0;0;0;Regular Season;0;0;0;0;0;0;0;0;0;0
10530;1971;12;11;Maple Leaf Gardens;0;3;8;0;0;0;0;0;0;0;0;0;0;0;0;;;;0;0;0;0;0;0;0;0;0;0;0;0;0;0;0;0;0;0;0;0;0;0;0;0;Regular Season;0;0;0;0;0;0;0;0;0;0
10531;1971;12;11;Pacific Coliseum;0;131;5;0;0;0;0;0;0;0;0;0;0;0;0;;;;0;0;0;0;0;0;0;0;0;0;0;0;0;0;0;0;0;0;0;0;0;0;0;0;Regular Season;0;0;0;0;0;0;0;0;0;0
10532;1971;12;12;Buffalo Memorial Auditorium;0;130;3;0;0;0;0;0;0;0;0;0;0;0;0;;;;0;0;0;0;0;0;0;0;0;0;0;0;0;0;0;0;0;0;0;0;0;0;0;0;Regular Season;0;0;0;0;0;0;0;0;0;0
10533;1971;12;12;Chicago Stadium;0;8;119;0;0;0;0;0;0;0;0;0;0;0;0;;;;0;0;0;0;0;0;0;0;0;0;0;0;0;0;0;0;0;0;0;0;0;0;0;0;Regular Season;0;0;0;0;0;0;0;0;0;0
10534;1971;12;12;Oakland Coliseum Arena;0;120;5;0;0;0;0;0;0;0;0;0;0;0;0;;;;0;0;0;0;0;0;0;0;0;0;0;0;0;0;0;0;0;0;0;0;0;0;0;0;Regular Season;0;0;0;0;0;0;0;0;0;0
10535;1971;12;12;Madison Square Garden;0;10;122;0;0;0;0;0;0;0;0;0;0;0;0;;;;0;0;0;0;0;0;0;0;0;0;0;0;0;0;0;0;0;0;0;0;0;0;0;0;Regular Season;0;0;0;0;0;0;0;0;0;0
10536;1971;12;12;The Spectrum;0;121;0;0;0;0;0;0;0;0;0;0;0;0;0;;;;0;0;0;0;0;0;0;0;0;0;0;0;0;0;0;0;0;0;0;0;0;0;0;0;Regular Season;0;0;0;0;0;0;0;0;0;0
10537;1971;12;14;St. Louis Arena;0;123;3;0;0;0;0;0;0;0;0;0;0;0;0;;;;0;0;0;0;0;0;0;0;0;0;0;0;0;0;0;0;0;0;0;0;0;0;0;0;Regular Season;0;0;0;0;0;0;0;0;0;0
10538;1971;12;14;Pacific Coliseum;0;131;9;0;0;0;0;0;0;0;0;0;0;0;0;;;;0;0;0;0;0;0;0;0;0;0;0;0;0;0;0;0;0;0;0;0;0;0;0;0;Regular Season;0;0;0;0;0;0;0;0;0;0
10539;1971;12;15;Chicago Stadium;0;8;130;0;0;0;0;0;0;0;0;0;0;0;0;;;;0;0;0;0;0;0;0;0;0;0;0;0;0;0;0;0;0;0;0;0;0;0;0;0;Regular Season;0;0;0;0;0;0;0;0;0;0
10540;1971;12;15;The Forum;0;118;0;0;0;0;0;0;0;0;0;0;0;0;0;;;;0;0;0;0;0;0;0;0;0;0;0;0;0;0;0;0;0;0;0;0;0;0;0;0;Regular Season;0;0;0;0;0;0;0;0;0;0
10541;1971;12;15;The Met Center;0;119;123;0;0;0;0;0;0;0;0;0;0;0;0;;;;0;0;0;0;0;0;0;0;0;0;0;0;0;0;0;0;0;0;0;0;0;0;0;0;Regular Season;0;0;0;0;0;0;0;0;0;0
10542;1971;12;15;Madison Square Garden;0;10;121;0;0;0;0;0;0;0;0;0;0;0;0;;;;0;0;0;0;0;0;0;0;0;0;0;0;0;0;0;0;0;0;0;0;0;0;0;0;Regular Season;0;0;0;0;0;0;0;0;0;0
10543;1971;12;15;Maple Leaf Gardens;0;3;122;0;0;0;0;0;0;0;0;0;0;0;0;;;;0;0;0;0;0;0;0;0;0;0;0;0;0;0;0;0;0;0;0;0;0;0;0;0;Regular Season;0;0;0;0;0;0;0;0;0;0
10544;1971;12;16;Boston Garden;0;5;10;0;0;0;0;0;0;0;0;0;0;0;0;;;;0;0;0;0;0;0;0;0;0;0;0;0;0;0;0;0;0;0;0;0;0;0;0;0;Regular Season;0;0;0;0;0;0;0;0;0;0
10545;1971;12;16;The Spectrum;0;121;130;0;0;0;0;0;0;0;0;0;0;0;0;;;;0;0;0;0;0;0;0;0;0;0;0;0;0;0;0;0;0;0;0;0;0;0;0;0;Regular Season;0;0;0;0;0;0;0;0;0;0
10546;1971;12;17;Oakland Coliseum Arena;0;120;9;0;0;0;0;0;0;0;0;0;0;0;0;;;;0;0;0;0;0;0;0;0;0;0;0;0;0;0;0;0;0;0;0;0;0;0;0;0;Regular Season;0;0;0;0;0;0;0;0;0;0
10547;1971;12;17;Pacific Coliseum;0;131;0;0;0;0;0;0;0;0;0;0;0;0;0;;;;0;0;0;0;0;0;0;0;0;0;0;0;0;0;0;0;0;0;0;0;0;0;0;0;Regular Season;0;0;0;0;0;0;0;0;0;0
10548;1971;12;18;The Forum;0;118;9;0;0;0;0;0;0;0;0;0;0;0;0;;;;0;0;0;0;0;0;0;0;0;0;0;0;0;0;0;0;0;0;0;0;0;0;0;0;Regular Season;0;0;0;0;0;0;0;0;0;0
10549;1971;12;18;The Met Center;0;119;8;0;0;0;0;0;0;0;0;0;0;0;0;;;;0;0;0;0;0;0;0;0;0;0;0;0;0;0;0;0;0;0;0;0;0;0;0;0;Regular Season;0;0;0;0;0;0;0;0;0;0
10550;1971;12;18;Pittsburgh Civic Arena;0;122;5;0;0;0;0;0;0;0;0;0;0;0;0;;;;0;0;0;0;0;0;0;0;0;0;0;0;0;0;0;0;0;0;0;0;0;0;0;0;Regular Season;0;0;0;0;0;0;0;0;0;0
10551;1971;12;18;St. Louis Arena;0;123;10;0;0;0;0;0;0;0;0;0;0;0;0;;;;0;0;0;0;0;0;0;0;0;0;0;0;0;0;0;0;0;0;0;0;0;0;0;0;Regular Season;0;0;0;0;0;0;0;0;0;0
10552;1971;12;18;Maple Leaf Gardens;0;3;130;0;0;0;0;0;0;0;0;0;0;0;0;;;;0;0;0;0;0;0;0;0;0;0;0;0;0;0;0;0;0;0;0;0;0;0;0;0;Regular Season;0;0;0;0;0;0;0;0;0;0
10553;1971;12;19;Boston Garden;0;5;122;0;0;0;0;0;0;0;0;0;0;0;0;;;;0;0;0;0;0;0;0;0;0;0;0;0;0;0;0;0;0;0;0;0;0;0;0;0;Regular Season;0;0;0;0;0;0;0;0;0;0
10554;1971;12;19;Buffalo Memorial Auditorium;0;130;131;0;0;0;0;0;0;0;0;0;0;0;0;;;;0;0;0;0;0;0;0;0;0;0;0;0;0;0;0;0;0;0;0;0;0;0;0;0;Regular Season;0;0;0;0;0;0;0;0;0;0
10555;1971;12;19;Chicago Stadium;0;8;123;0;0;0;0;0;0;0;0;0;0;0;0;;;;0;0;0;0;0;0;0;0;0;0;0;0;0;0;0;0;0;0;0;0;0;0;0;0;Regular Season;0;0;0;0;0;0;0;0;0;0
10556;1971;12;19;Oakland Coliseum Arena;0;120;0;0;0;0;0;0;0;0;0;0;0;0;0;;;;0;0;0;0;0;0;0;0;0;0;0;0;0;0;0;0;0;0;0;0;0;0;0;0;Regular Season;0;0;0;0;0;0;0;0;0;0
10557;1971;12;19;Madison Square Garden;0;10;119;0;0;0;0;0;0;0;0;0;0;0;0;;;;0;0;0;0;0;0;0;0;0;0;0;0;0;0;0;0;0;0;0;0;0;0;0;0;Regular Season;0;0;0;0;0;0;0;0;0;0
10558;1971;12;19;The Spectrum;0;121;3;0;0;0;0;0;0;0;0;0;0;0;0;;;;0;0;0;0;0;0;0;0;0;0;0;0;0;0;0;0;0;0;0;0;0;0;0;0;Regular Season;0;0;0;0;0;0;0;0;0;0
10559;1971;12;21;The Met Center;0;119;118;0;0;0;0;0;0;0;0;0;0;0;0;;;;0;0;0;0;0;0;0;0;0;0;0;0;0;0;0;0;0;0;0;0;0;0;0;0;Regular Season;0;0;0;0;0;0;0;0;0;0
10560;1971;12;22;Oakland Coliseum Arena;0;120;8;0;0;0;0;0;0;0;0;0;0;0;0;;;;0;0;0;0;0;0;0;0;0;0;0;0;0;0;0;0;0;0;0;0;0;0;0;0;Regular Season;0;0;0;0;0;0;0;0;0;0
10561;1971;12;22;Olympia Stadium;0;9;131;0;0;0;0;0;0;0;0;0;0;0;0;;;;0;0;0;0;0;0;0;0;0;0;0;0;0;0;0;0;0;0;0;0;0;0;0;0;Regular Season;0;0;0;0;0;0;0;0;0;0
10562;1971;12;22;Montreal Forum;0;0;3;0;0;0;0;0;0;0;0;0;0;0;0;;;;0;0;0;0;0;0;0;0;0;0;0;0;0;0;0;0;0;0;0;0;0;0;0;0;Regular Season;0;0;0;0;0;0;0;0;0;0
10563;1971;12;22;Madison Square Garden;0;10;122;0;0;0;0;0;0;0;0;0;0;0;0;;;;0;0;0;0;0;0;0;0;0;0;0;0;0;0;0;0;0;0;0;0;0;0;0;0;Regular Season;0;0;0;0;0;0;0;0;0;0
10564;1971;12;22;St. Louis Arena;0;123;118;0;0;0;0;0;0;0;0;0;0;0;0;;;;0;0;0;0;0;0;0;0;0;0;0;0;0;0;0;0;0;0;0;0;0;0;0;0;Regular Season;0;0;0;0;0;0;0;0;0;0
10565;1971;12;23;Buffalo Memorial Auditorium;0;130;5;0;0;0;0;0;0;0;0;0;0;0;0;;;;0;0;0;0;0;0;0;0;0;0;0;0;0;0;0;0;0;0;0;0;0;0;0;0;Regular Season;0;0;0;0;0;0;0;0;0;0
10566;1971;12;25;Boston Garden;0;5;121;0;0;0;0;0;0;0;0;0;0;0;0;;;;0;0;0;0;0;0;0;0;0;0;0;0;0;0;0;0;0;0;0;0;0;0;0;0;Regular Season;0;0;0;0;0;0;0;0;0;0
10567;1971;12;25;The Forum;0;118;120;0;0;0;0;0;0;0;0;0;0;0;0;;;;0;0;0;0;0;0;0;0;0;0;0;0;0;0;0;0;0;0;0;0;0;0;0;0;Regular Season;0;0;0;0;0;0;0;0;0;0
10568;1971;12;25;The Met Center;0;119;10;0;0;0;0;0;0;0;0;0;0;0;0;;;;0;0;0;0;0;0;0;0;0;0;0;0;0;0;0;0;0;0;0;0;0;0;0;0;Regular Season;0;0;0;0;0;0;0;0;0;0
10569;1971;12;25;Pittsburgh Civic Arena;0;122;0;0;0;0;0;0;0;0;0;0;0;0;0;;;;0;0;0;0;0;0;0;0;0;0;0;0;0;0;0;0;0;0;0;0;0;0;0;0;Regular Season;0;0;0;0;0;0;0;0;0;0
10570;1971;12;25;St. Louis Arena;0;123;130;0;0;0;0;0;0;0;0;0;0;0;0;;;;0;0;0;0;0;0;0;0;0;0;0;0;0;0;0;0;0;0;0;0;0;0;0;0;Regular Season;0;0;0;0;0;0;0;0;0;0
10571;1971;12;25;Maple Leaf Gardens;0;3;9;0;0;0;0;0;0;0;0;0;0;0;0;;;;0;0;0;0;0;0;0;0;0;0;0;0;0;0;0;0;0;0;0;0;0;0;0;0;Regular Season;0;0;0;0;0;0;0;0;0;0
10572;1971;12;26;Boston Garden;0;5;3;0;0;0;0;0;0;0;0;0;0;0;0;;;;0;0;0;0;0;0;0;0;0;0;0;0;0;0;0;0;0;0;0;0;0;0;0;0;Regular Season;0;0;0;0;0;0;0;0;0;0
10573;1971;12;26;Buffalo Memorial Auditorium;0;130;123;0;0;0;0;0;0;0;0;0;0;0;0;;;;0;0;0;0;0;0;0;0;0;0;0;0;0;0;0;0;0;0;0;0;0;0;0;0;Regular Season;0;0;0;0;0;0;0;0;0;0
10574;1971;12;26;Chicago Stadium;0;8;118;0;0;0;0;0;0;0;0;0;0;0;0;;;;0;0;0;0;0;0;0;0;0;0;0;0;0;0;0;0;0;0;0;0;0;0;0;0;Regular Season;0;0;0;0;0;0;0;0;0;0
10575;1971;12;26;Olympia Stadium;0;9;119;0;0;0;0;0;0;0;0;0;0;0;0;;;;0;0;0;0;0;0;0;0;0;0;0;0;0;0;0;0;0;0;0;0;0;0;0;0;Regular Season;0;0;0;0;0;0;0;0;0;0
10576;1971;12;26;Madison Square Garden;0;10;0;0;0;0;0;0;0;0;0;0;0;0;0;;;;0;0;0;0;0;0;0;0;0;0;0;0;0;0;0;0;0;0;0;0;0;0;0;0;Regular Season;0;0;0;0;0;0;0;0;0;0
10577;1971;12;26;The Spectrum;0;121;122;0;0;0;0;0;0;0;0;0;0;0;0;;;;0;0;0;0;0;0;0;0;0;0;0;0;0;0;0;0;0;0;0;0;0;0;0;0;Regular Season;0;0;0;0;0;0;0;0;0;0
10578;1971;12;26;Pacific Coliseum;0;131;120;0;0;0;0;0;0;0;0;0;0;0;0;;;;0;0;0;0;0;0;0;0;0;0;0;0;0;0;0;0;0;0;0;0;0;0;0;0;Regular Season;0;0;0;0;0;0;0;0;0;0
10579;1971;12;28;Pittsburgh Civic Arena;0;122;3;0;0;0;0;0;0;0;0;0;0;0;0;;;;0;0;0;0;0;0;0;0;0;0;0;0;0;0;0;0;0;0;0;0;0;0;0;0;Regular Season;0;0;0;0;0;0;0;0;0;0
10580;1971;12;29;Buffalo Memorial Auditorium;0;130;9;0;0;0;0;0;0;0;0;0;0;0;0;;;;0;0;0;0;0;0;0;0;0;0;0;0;0;0;0;0;0;0;0;0;0;0;0;0;Regular Season;0;0;0;0;0;0;0;0;0;0
10581;1971;12;29;Chicago Stadium;0;8;5;0;0;0;0;0;0;0;0;0;0;0;0;;;;0;0;0;0;0;0;0;0;0;0;0;0;0;0;0;0;0;0;0;0;0;0;0;0;Regular Season;0;0;0;0;0;0;0;0;0;0
10582;1971;12;29;The Forum;0;118;131;0;0;0;0;0;0;0;0;0;0;0;0;;;;0;0;0;0;0;0;0;0;0;0;0;0;0;0;0;0;0;0;0;0;0;0;0;0;Regular Season;0;0;0;0;0;0;0;0;0;0
10583;1971;12;29;Montreal Forum;0;0;120;0;0;0;0;0;0;0;0;0;0;0;0;;;;0;0;0;0;0;0;0;0;0;0;0;0;0;0;0;0;0;0;0;0;0;0;0;0;Regular Season;0;0;0;0;0;0;0;0;0;0
10584;1971;12;29;Madison Square Garden;0;10;121;0;0;0;0;0;0;0;0;0;0;0;0;;;;0;0;0;0;0;0;0;0;0;0;0;0;0;0;0;0;0;0;0;0;0;0;0;0;Regular Season;0;0;0;0;0;0;0;0;0;0
10585;1971;12;29;Maple Leaf Gardens;0;3;123;0;0;0;0;0;0;0;0;0;0;0;0;;;;0;0;0;0;0;0;0;0;0;0;0;0;0;0;0;0;0;0;0;0;0;0;0;0;Regular Season;0;0;0;0;0;0;0;0;0;0
10586;1971;12;30;The Met Center;0;119;5;0;0;0;0;0;0;0;0;0;0;0;0;;;;0;0;0;0;0;0;0;0;0;0;0;0;0;0;0;0;0;0;0;0;0;0;0;0;Regular Season;0;0;0;0;0;0;0;0;0;0
10587;1971;12;31;Olympia Stadium;0;9;120;0;0;0;0;0;0;0;0;0;0;0;0;;;;0;0;0;0;0;0;0;0;0;0;0;0;0;0;0;0;0;0;0;0;0;0;0;0;Regular Season;0;0;0;0;0;0;0;0;0;0
10588;1971;12;31;Pittsburgh Civic Arena;0;122;130;0;0;0;0;0;0;0;0;0;0;0;0;;;;0;0;0;0;0;0;0;0;0;0;0;0;0;0;0;0;0;0;0;0;0;0;0;0;Regular Season;0;0;0;0;0;0;0;0;0;0
10589;1972;1;1;The Forum;0;118;119;0;0;0;0;0;0;0;0;0;0;0;0;;;;0;0;0;0;0;0;0;0;0;0;0;0;0;0;0;0;0;0;0;0;0;0;0;0;Regular Season;0;0;0;0;0;0;0;0;0;0
10590;1972;1;1;St. Louis Arena;0;123;121;0;0;0;0;0;0;0;0;0;0;0;0;;;;0;0;0;0;0;0;0;0;0;0;0;0;0;0;0;0;0;0;0;0;0;0;0;0;Regular Season;0;0;0;0;0;0;0;0;0;0
10591;1972;1;1;Maple Leaf Gardens;0;3;0;0;0;0;0;0;0;0;0;0;0;0;0;;;;0;0;0;0;0;0;0;0;0;0;0;0;0;0;0;0;0;0;0;0;0;0;0;0;Regular Season;0;0;0;0;0;0;0;0;0;0
10592;1972;1;2;Buffalo Memorial Auditorium;0;130;120;0;0;0;0;0;0;0;0;0;0;0;0;;;;0;0;0;0;0;0;0;0;0;0;0;0;0;0;0;0;0;0;0;0;0;0;0;0;Regular Season;0;0;0;0;0;0;0;0;0;0
10593;1972;1;2;Chicago Stadium;0;8;121;0;0;0;0;0;0;0;0;0;0;0;0;;;;0;0;0;0;0;0;0;0;0;0;0;0;0;0;0;0;0;0;0;0;0;0;0;0;Regular Season;0;0;0;0;0;0;0;0;0;0
10594;1972;1;2;Olympia Stadium;0;9;0;0;0;0;0;0;0;0;0;0;0;0;0;;;;0;0;0;0;0;0;0;0;0;0;0;0;0;0;0;0;0;0;0;0;0;0;0;0;Regular Season;0;0;0;0;0;0;0;0;0;0
10595;1972;1;2;Madison Square Garden;0;10;5;0;0;0;0;0;0;0;0;0;0;0;0;;;;0;0;0;0;0;0;0;0;0;0;0;0;0;0;0;0;0;0;0;0;0;0;0;0;Regular Season;0;0;0;0;0;0;0;0;0;0
10596;1972;1;2;Pacific Coliseum;0;131;118;0;0;0;0;0;0;0;0;0;0;0;0;;;;0;0;0;0;0;0;0;0;0;0;0;0;0;0;0;0;0;0;0;0;0;0;0;0;Regular Season;0;0;0;0;0;0;0;0;0;0
10597;1972;1;4;The Forum;0;118;120;0;0;0;0;0;0;0;0;0;0;0;0;;;;0;0;0;0;0;0;0;0;0;0;0;0;0;0;0;0;0;0;0;0;0;0;0;0;Regular Season;0;0;0;0;0;0;0;0;0;0
10598;1972;1;5;Chicago Stadium;0;8;122;0;0;0;0;0;0;0;0;0;0;0;0;;;;0;0;0;0;0;0;0;0;0;0;0;0;0;0;0;0;0;0;0;0;0;0;0;0;Regular Season;0;0;0;0;0;0;0;0;0;0
10599;1972;1;5;Oakland Coliseum Arena;0;120;118;0;0;0;0;0;0;0;0;0;0;0;0;;;;0;0;0;0;0;0;0;0;0;0;0;0;0;0;0;0;0;0;0;0;0;0;0;0;Regular Season;0;0;0;0;0;0;0;0;0;0
10600;1972;1;5;The Met Center;0;119;9;0;0;0;0;0;0;0;0;0;0;0;0;;;;0;0;0;0;0;0;0;0;0;0;0;0;0;0;0;0;0;0;0;0;0;0;0;0;Regular Season;0;0;0;0;0;0;0;0;0;0
10601;1972;1;5;Montreal Forum;0;0;131;0;0;0;0;0;0;0;0;0;0;0;0;;;;0;0;0;0;0;0;0;0;0;0;0;0;0;0;0;0;0;0;0;0;0;0;0;0;Regular Season;0;0;0;0;0;0;0;0;0;0
10602;1972;1;5;Madison Square Garden;0;10;123;0;0;0;0;0;0;0;0;0;0;0;0;;;;0;0;0;0;0;0;0;0;0;0;0;0;0;0;0;0;0;0;0;0;0;0;0;0;Regular Season;0;0;0;0;0;0;0;0;0;0
10603;1972;1;5;Maple Leaf Gardens;0;3;5;0;0;0;0;0;0;0;0;0;0;0;0;;;;0;0;0;0;0;0;0;0;0;0;0;0;0;0;0;0;0;0;0;0;0;0;0;0;Regular Season;0;0;0;0;0;0;0;0;0;0
10604;1972;1;6;Buffalo Memorial Auditorium;0;130;5;0;0;0;0;0;0;0;0;0;0;0;0;;;;0;0;0;0;0;0;0;0;0;0;0;0;0;0;0;0;0;0;0;0;0;0;0;0;Regular Season;0;0;0;0;0;0;0;0;0;0
10605;1972;1;6;The Spectrum;0;121;123;0;0;0;0;0;0;0;0;0;0;0;0;;;;0;0;0;0;0;0;0;0;0;0;0;0;0;0;0;0;0;0;0;0;0;0;0;0;Regular Season;0;0;0;0;0;0;0;0;0;0
10606;1972;1;7;Oakland Coliseum Arena;0;120;9;0;0;0;0;0;0;0;0;0;0;0;0;;;;0;0;0;0;0;0;0;0;0;0;0;0;0;0;0;0;0;0;0;0;0;0;0;0;Regular Season;0;0;0;0;0;0;0;0;0;0
10607;1972;1;8;The Met Center;0;119;131;0;0;0;0;0;0;0;0;0;0;0;0;;;;0;0;0;0;0;0;0;0;0;0;0;0;0;0;0;0;0;0;0;0;0;0;0;0;Regular Season;0;0;0;0;0;0;0;0;0;0
10608;1972;1;8;Montreal Forum;0;0;118;0;0;0;0;0;0;0;0;0;0;0;0;;;;0;0;0;0;0;0;0;0;0;0;0;0;0;0;0;0;0;0;0;0;0;0;0;0;Regular Season;0;0;0;0;0;0;0;0;0;0
10609;1972;1;8;Pittsburgh Civic Arena;0;122;8;0;0;0;0;0;0;0;0;0;0;0;0;;;;0;0;0;0;0;0;0;0;0;0;0;0;0;0;0;0;0;0;0;0;0;0;0;0;Regular Season;0;0;0;0;0;0;0;0;0;0
10610;1972;1;8;St. Louis Arena;0;123;5;0;0;0;0;0;0;0;0;0;0;0;0;;;;0;0;0;0;0;0;0;0;0;0;0;0;0;0;0;0;0;0;0;0;0;0;0;0;Regular Season;0;0;0;0;0;0;0;0;0;0
10611;1972;1;8;Maple Leaf Gardens;0;3;121;0;0;0;0;0;0;0;0;0;0;0;0;;;;0;0;0;0;0;0;0;0;0;0;0;0;0;0;0;0;0;0;0;0;0;0;0;0;Regular Season;0;0;0;0;0;0;0;0;0;0
10612;1972;1;9;Buffalo Memorial Auditorium;0;130;3;0;0;0;0;0;0;0;0;0;0;0;0;;;;0;0;0;0;0;0;0;0;0;0;0;0;0;0;0;0;0;0;0;0;0;0;0;0;Regular Season;0;0;0;0;0;0;0;0;0;0
10613;1972;1;9;Chicago Stadium;0;8;0;0;0;0;0;0;0;0;0;0;0;0;0;;;;0;0;0;0;0;0;0;0;0;0;0;0;0;0;0;0;0;0;0;0;0;0;0;0;Regular Season;0;0;0;0;0;0;0;0;0;0
10614;1972;1;9;Olympia Stadium;0;9;122;0;0;0;0;0;0;0;0;0;0;0;0;;;;0;0;0;0;0;0;0;0;0;0;0;0;0;0;0;0;0;0;0;0;0;0;0;0;Regular Season;0;0;0;0;0;0;0;0;0;0
10615;1972;1;9;Madison Square Garden;0;10;118;0;0;0;0;0;0;0;0;0;0;0;0;;;;0;0;0;0;0;0;0;0;0;0;0;0;0;0;0;0;0;0;0;0;0;0;0;0;Regular Season;0;0;0;0;0;0;0;0;0;0
10616;1972;1;9;The Spectrum;0;121;120;0;0;0;0;0;0;0;0;0;0;0;0;;;;0;0;0;0;0;0;0;0;0;0;0;0;0;0;0;0;0;0;0;0;0;0;0;0;Regular Season;0;0;0;0;0;0;0;0;0;0
10617;1972;1;11;Olympia Stadium;0;9;121;0;0;0;0;0;0;0;0;0;0;0;0;;;;0;0;0;0;0;0;0;0;0;0;0;0;0;0;0;0;0;0;0;0;0;0;0;0;Regular Season;0;0;0;0;0;0;0;0;0;0
10618;1972;1;11;St. Louis Arena;0;123;0;0;0;0;0;0;0;0;0;0;0;0;0;;;;0;0;0;0;0;0;0;0;0;0;0;0;0;0;0;0;0;0;0;0;0;0;0;0;Regular Season;0;0;0;0;0;0;0;0;0;0
10619;1972;1;11;Pacific Coliseum;0;131;119;0;0;0;0;0;0;0;0;0;0;0;0;;;;0;0;0;0;0;0;0;0;0;0;0;0;0;0;0;0;0;0;0;0;0;0;0;0;Regular Season;0;0;0;0;0;0;0;0;0;0
10620;1972;1;12;Chicago Stadium;0;8;10;0;0;0;0;0;0;0;0;0;0;0;0;;;;0;0;0;0;0;0;0;0;0;0;0;0;0;0;0;0;0;0;0;0;0;0;0;0;Regular Season;0;0;0;0;0;0;0;0;0;0
10621;1972;1;12;Oakland Coliseum Arena;0;120;119;0;0;0;0;0;0;0;0;0;0;0;0;;;;0;0;0;0;0;0;0;0;0;0;0;0;0;0;0;0;0;0;0;0;0;0;0;0;Regular Season;0;0;0;0;0;0;0;0;0;0
10622;1972;1;12;Pittsburgh Civic Arena;0;122;5;0;0;0;0;0;0;0;0;0;0;0;0;;;;0;0;0;0;0;0;0;0;0;0;0;0;0;0;0;0;0;0;0;0;0;0;0;0;Regular Season;0;0;0;0;0;0;0;0;0;0
10623;1972;1;12;Maple Leaf Gardens;0;3;118;0;0;0;0;0;0;0;0;0;0;0;0;;;;0;0;0;0;0;0;0;0;0;0;0;0;0;0;0;0;0;0;0;0;0;0;0;0;Regular Season;0;0;0;0;0;0;0;0;0;0
10624;1972;1;13;Boston Garden;0;5;118;0;0;0;0;0;0;0;0;0;0;0;0;;;;0;0;0;0;0;0;0;0;0;0;0;0;0;0;0;0;0;0;0;0;0;0;0;0;Regular Season;0;0;0;0;0;0;0;0;0;0
10625;1972;1;13;Buffalo Memorial Auditorium;0;130;10;0;0;0;0;0;0;0;0;0;0;0;0;;;;0;0;0;0;0;0;0;0;0;0;0;0;0;0;0;0;0;0;0;0;0;0;0;0;Regular Season;0;0;0;0;0;0;0;0;0;0
10626;1972;1;13;Montreal Forum;0;0;122;0;0;0;0;0;0;0;0;0;0;0;0;;;;0;0;0;0;0;0;0;0;0;0;0;0;0;0;0;0;0;0;0;0;0;0;0;0;Regular Season;0;0;0;0;0;0;0;0;0;0
10627;1972;1;14;Oakland Coliseum Arena;0;120;131;0;0;0;0;0;0;0;0;0;0;0;0;;;;0;0;0;0;0;0;0;0;0;0;0;0;0;0;0;0;0;0;0;0;0;0;0;0;Regular Season;0;0;0;0;0;0;0;0;0;0
10628;1972;1;15;Boston Garden;0;5;8;0;0;0;0;0;0;0;0;0;0;0;0;;;;0;0;0;0;0;0;0;0;0;0;0;0;0;0;0;0;0;0;0;0;0;0;0;0;Regular Season;0;0;0;0;0;0;0;0;0;0
10629;1972;1;15;Olympia Stadium;0;9;118;0;0;0;0;0;0;0;0;0;0;0;0;;;;0;0;0;0;0;0;0;0;0;0;0;0;0;0;0;0;0;0;0;0;0;0;0;0;Regular Season;0;0;0;0;0;0;0;0;0;0
10630;1972;1;15;Montreal Forum;0;0;130;0;0;0;0;0;0;0;0;0;0;0;0;;;;0;0;0;0;0;0;0;0;0;0;0;0;0;0;0;0;0;0;0;0;0;0;0;0;Regular Season;0;0;0;0;0;0;0;0;0;0
10631;1972;1;15;Pittsburgh Civic Arena;0;122;121;0;0;0;0;0;0;0;0;0;0;0;0;;;;0;0;0;0;0;0;0;0;0;0;0;0;0;0;0;0;0;0;0;0;0;0;0;0;Regular Season;0;0;0;0;0;0;0;0;0;0
10632;1972;1;15;St. Louis Arena;0;123;119;0;0;0;0;0;0;0;0;0;0;0;0;;;;0;0;0;0;0;0;0;0;0;0;0;0;0;0;0;0;0;0;0;0;0;0;0;0;Regular Season;0;0;0;0;0;0;0;0;0;0
10633;1972;1;15;Maple Leaf Gardens;0;3;10;0;0;0;0;0;0;0;0;0;0;0;0;;;;0;0;0;0;0;0;0;0;0;0;0;0;0;0;0;0;0;0;0;0;0;0;0;0;Regular Season;0;0;0;0;0;0;0;0;0;0
10634;1972;1;15;Pacific Coliseum;0;131;120;0;0;0;0;0;0;0;0;0;0;0;0;;;;0;0;0;0;0;0;0;0;0;0;0;0;0;0;0;0;0;0;0;0;0;0;0;0;Regular Season;0;0;0;0;0;0;0;0;0;0
10635;1972;1;16;Boston Garden;0;5;9;0;0;0;0;0;0;0;0;0;0;0;0;;;;0;0;0;0;0;0;0;0;0;0;0;0;0;0;0;0;0;0;0;0;0;0;0;0;Regular Season;0;0;0;0;0;0;0;0;0;0
10636;1972;1;16;Buffalo Memorial Auditorium;0;130;0;0;0;0;0;0;0;0;0;0;0;0;0;;;;0;0;0;0;0;0;0;0;0;0;0;0;0;0;0;0;0;0;0;0;0;0;0;0;Regular Season;0;0;0;0;0;0;0;0;0;0
10637;1972;1;16;Chicago Stadium;0;8;119;0;0;0;0;0;0;0;0;0;0;0;0;;;;0;0;0;0;0;0;0;0;0;0;0;0;0;0;0;0;0;0;0;0;0;0;0;0;Regular Season;0;0;0;0;0;0;0;0;0;0
10638;1972;1;16;The Spectrum;0;121;118;0;0;0;0;0;0;0;0;0;0;0;0;;;;0;0;0;0;0;0;0;0;0;0;0;0;0;0;0;0;0;0;0;0;0;0;0;0;Regular Season;0;0;0;0;0;0;0;0;0;0
10639;1972;1;16;Maple Leaf Gardens;0;3;123;0;0;0;0;0;0;0;0;0;0;0;0;;;;0;0;0;0;0;0;0;0;0;0;0;0;0;0;0;0;0;0;0;0;0;0;0;0;Regular Season;0;0;0;0;0;0;0;0;0;0
10640;1972;1;18;The Met Center;0;119;120;0;0;0;0;0;0;0;0;0;0;0;0;;;;0;0;0;0;0;0;0;0;0;0;0;0;0;0;0;0;0;0;0;0;0;0;0;0;Regular Season;0;0;0;0;0;0;0;0;0;0
10641;1972;1;18;St. Louis Arena;0;123;5;0;0;0;0;0;0;0;0;0;0;0;0;;;;0;0;0;0;0;0;0;0;0;0;0;0;0;0;0;0;0;0;0;0;0;0;0;0;Regular Season;0;0;0;0;0;0;0;0;0;0
10642;1972;1;19;Chicago Stadium;0;8;120;0;0;0;0;0;0;0;0;0;0;0;0;;;;0;0;0;0;0;0;0;0;0;0;0;0;0;0;0;0;0;0;0;0;0;0;0;0;Regular Season;0;0;0;0;0;0;0;0;0;0
10643;1972;1;19;Olympia Stadium;0;9;119;0;0;0;0;0;0;0;0;0;0;0;0;;;;0;0;0;0;0;0;0;0;0;0;0;0;0;0;0;0;0;0;0;0;0;0;0;0;Regular Season;0;0;0;0;0;0;0;0;0;0
10644;1972;1;19;The Forum;0;118;10;0;0;0;0;0;0;0;0;0;0;0;0;;;;0;0;0;0;0;0;0;0;0;0;0;0;0;0;0;0;0;0;0;0;0;0;0;0;Regular Season;0;0;0;0;0;0;0;0;0;0
10645;1972;1;19;Montreal Forum;0;0;3;0;0;0;0;0;0;0;0;0;0;0;0;;;;0;0;0;0;0;0;0;0;0;0;0;0;0;0;0;0;0;0;0;0;0;0;0;0;Regular Season;0;0;0;0;0;0;0;0;0;0
10646;1972;1;19;Pittsburgh Civic Arena;0;122;131;0;0;0;0;0;0;0;0;0;0;0;0;;;;0;0;0;0;0;0;0;0;0;0;0;0;0;0;0;0;0;0;0;0;0;0;0;0;Regular Season;0;0;0;0;0;0;0;0;0;0
10647;1972;1;20;Buffalo Memorial Auditorium;0;130;131;0;0;0;0;0;0;0;0;0;0;0;0;;;;0;0;0;0;0;0;0;0;0;0;0;0;0;0;0;0;0;0;0;0;0;0;0;0;Regular Season;0;0;0;0;0;0;0;0;0;0
10648;1972;1;20;The Spectrum;0;121;8;0;0;0;0;0;0;0;0;0;0;0;0;;;;0;0;0;0;0;0;0;0;0;0;0;0;0;0;0;0;0;0;0;0;0;0;0;0;Regular Season;0;0;0;0;0;0;0;0;0;0
10649;1972;1;21;Oakland Coliseum Arena;0;120;10;0;0;0;0;0;0;0;0;0;0;0;0;;;;0;0;0;0;0;0;0;0;0;0;0;0;0;0;0;0;0;0;0;0;0;0;0;0;Regular Season;0;0;0;0;0;0;0;0;0;0
10650;1972;1;22;Olympia Stadium;0;9;130;0;0;0;0;0;0;0;0;0;0;0;0;;;;0;0;0;0;0;0;0;0;0;0;0;0;0;0;0;0;0;0;0;0;0;0;0;0;Regular Season;0;0;0;0;0;0;0;0;0;0
10651;1972;1;22;The Forum;0;118;121;0;0;0;0;0;0;0;0;0;0;0;0;;;;0;0;0;0;0;0;0;0;0;0;0;0;0;0;0;0;0;0;0;0;0;0;0;0;Regular Season;0;0;0;0;0;0;0;0;0;0
10652;1972;1;22;The Met Center;0;119;3;0;0;0;0;0;0;0;0;0;0;0;0;;;;0;0;0;0;0;0;0;0;0;0;0;0;0;0;0;0;0;0;0;0;0;0;0;0;Regular Season;0;0;0;0;0;0;0;0;0;0
10653;1972;1;22;Montreal Forum;0;0;5;0;0;0;0;0;0;0;0;0;0;0;0;;;;0;0;0;0;0;0;0;0;0;0;0;0;0;0;0;0;0;0;0;0;0;0;0;0;Regular Season;0;0;0;0;0;0;0;0;0;0
10654;1972;1;22;St. Louis Arena;0;123;122;0;0;0;0;0;0;0;0;0;0;0;0;;;;0;0;0;0;0;0;0;0;0;0;0;0;0;0;0;0;0;0;0;0;0;0;0;0;Regular Season;0;0;0;0;0;0;0;0;0;0
10655;1972;1;22;Pacific Coliseum;0;131;10;0;0;0;0;0;0;0;0;0;0;0;0;;;;0;0;0;0;0;0;0;0;0;0;0;0;0;0;0;0;0;0;0;0;0;0;0;0;Regular Season;0;0;0;0;0;0;0;0;0;0
10656;1972;1;23;Boston Garden;0;5;130;0;0;0;0;0;0;0;0;0;0;0;0;;;;0;0;0;0;0;0;0;0;0;0;0;0;0;0;0;0;0;0;0;0;0;0;0;0;Regular Season;0;0;0;0;0;0;0;0;0;0
10657;1972;1;23;Chicago Stadium;0;8;3;0;0;0;0;0;0;0;0;0;0;0;0;;;;0;0;0;0;0;0;0;0;0;0;0;0;0;0;0;0;0;0;0;0;0;0;0;0;Regular Season;0;0;0;0;0;0;0;0;0;0
10658;1972;1;23;Oakland Coliseum Arena;0;120;121;0;0;0;0;0;0;0;0;0;0;0;0;;;;0;0;0;0;0;0;0;0;0;0;0;0;0;0;0;0;0;0;0;0;0;0;0;0;Regular Season;0;0;0;0;0;0;0;0;0;0
10659;1972;1;23;Olympia Stadium;0;9;123;0;0;0;0;0;0;0;0;0;0;0;0;;;;0;0;0;0;0;0;0;0;0;0;0;0;0;0;0;0;0;0;0;0;0;0;0;0;Regular Season;0;0;0;0;0;0;0;0;0;0
10660;1972;1;23;The Met Center;0;119;118;0;0;0;0;0;0;0;0;0;0;0;0;;;;0;0;0;0;0;0;0;0;0;0;0;0;0;0;0;0;0;0;0;0;0;0;0;0;Regular Season;0;0;0;0;0;0;0;0;0;0
10661;1972;1;23;Pittsburgh Civic Arena;0;122;0;0;0;0;0;0;0;0;0;0;0;0;0;;;;0;0;0;0;0;0;0;0;0;0;0;0;0;0;0;0;0;0;0;0;0;0;0;0;Regular Season;0;0;0;0;0;0;0;0;0;0
10662;1972;1;26;The Forum;0;118;3;0;0;0;0;0;0;0;0;0;0;0;0;;;;0;0;0;0;0;0;0;0;0;0;0;0;0;0;0;0;0;0;0;0;0;0;0;0;Regular Season;0;0;0;0;0;0;0;0;0;0
10663;1972;1;26;Madison Square Garden;0;10;130;0;0;0;0;0;0;0;0;0;0;0;0;;;;0;0;0;0;0;0;0;0;0;0;0;0;0;0;0;0;0;0;0;0;0;0;0;0;Regular Season;0;0;0;0;0;0;0;0;0;0
10664;1972;1;26;Pittsburgh Civic Arena;0;122;123;0;0;0;0;0;0;0;0;0;0;0;0;;;;0;0;0;0;0;0;0;0;0;0;0;0;0;0;0;0;0;0;0;0;0;0;0;0;Regular Season;0;0;0;0;0;0;0;0;0;0
10665;1972;1;27;Boston Garden;0;5;121;0;0;0;0;0;0;0;0;0;0;0;0;;;;0;0;0;0;0;0;0;0;0;0;0;0;0;0;0;0;0;0;0;0;0;0;0;0;Regular Season;0;0;0;0;0;0;0;0;0;0
10666;1972;1;27;Buffalo Memorial Auditorium;0;130;9;0;0;0;0;0;0;0;0;0;0;0;0;;;;0;0;0;0;0;0;0;0;0;0;0;0;0;0;0;0;0;0;0;0;0;0;0;0;Regular Season;0;0;0;0;0;0;0;0;0;0
10667;1972;1;27;Chicago Stadium;0;8;131;0;0;0;0;0;0;0;0;0;0;0;0;;;;0;0;0;0;0;0;0;0;0;0;0;0;0;0;0;0;0;0;0;0;0;0;0;0;Regular Season;0;0;0;0;0;0;0;0;0;0
10668;1972;1;27;Montreal Forum;0;0;119;0;0;0;0;0;0;0;0;0;0;0;0;;;;0;0;0;0;0;0;0;0;0;0;0;0;0;0;0;0;0;0;0;0;0;0;0;0;Regular Season;0;0;0;0;0;0;0;0;0;0
10669;1972;1;28;Oakland Coliseum Arena;0;120;3;0;0;0;0;0;0;0;0;0;0;0;0;;;;0;0;0;0;0;0;0;0;0;0;0;0;0;0;0;0;0;0;0;0;0;0;0;0;Regular Season;0;0;0;0;0;0;0;0;0;0
10670;1972;1;29;Olympia Stadium;0;9;118;0;0;0;0;0;0;0;0;0;0;0;0;;;;0;0;0;0;0;0;0;0;0;0;0;0;0;0;0;0;0;0;0;0;0;0;0;0;Regular Season;0;0;0;0;0;0;0;0;0;0
10671;1972;1;29;The Met Center;0;119;10;0;0;0;0;0;0;0;0;0;0;0;0;;;;0;0;0;0;0;0;0;0;0;0;0;0;0;0;0;0;0;0;0;0;0;0;0;0;Regular Season;0;0;0;0;0;0;0;0;0;0
10672;1972;1;29;Montreal Forum;0;0;123;0;0;0;0;0;0;0;0;0;0;0;0;;;;0;0;0;0;0;0;0;0;0;0;0;0;0;0;0;0;0;0;0;0;0;0;0;0;Regular Season;0;0;0;0;0;0;0;0;0;0
10673;1972;1;29;The Spectrum;0;121;5;0;0;0;0;0;0;0;0;0;0;0;0;;;;0;0;0;0;0;0;0;0;0;0;0;0;0;0;0;0;0;0;0;0;0;0;0;0;Regular Season;0;0;0;0;0;0;0;0;0;0
10674;1972;1;29;Pittsburgh Civic Arena;0;122;8;0;0;0;0;0;0;0;0;0;0;0;0;;;;0;0;0;0;0;0;0;0;0;0;0;0;0;0;0;0;0;0;0;0;0;0;0;0;Regular Season;0;0;0;0;0;0;0;0;0;0
10675;1972;1;29;Pacific Coliseum;0;131;3;0;0;0;0;0;0;0;0;0;0;0;0;;;;0;0;0;0;0;0;0;0;0;0;0;0;0;0;0;0;0;0;0;0;0;0;0;0;Regular Season;0;0;0;0;0;0;0;0;0;0
10676;1972;1;30;Boston Garden;0;5;123;0;0;0;0;0;0;0;0;0;0;0;0;;;;0;0;0;0;0;0;0;0;0;0;0;0;0;0;0;0;0;0;0;0;0;0;0;0;Regular Season;0;0;0;0;0;0;0;0;0;0
10677;1972;1;30;Buffalo Memorial Auditorium;0;130;118;0;0;0;0;0;0;0;0;0;0;0;0;;;;0;0;0;0;0;0;0;0;0;0;0;0;0;0;0;0;0;0;0;0;0;0;0;0;Regular Season;0;0;0;0;0;0;0;0;0;0
10678;1972;1;30;Chicago Stadium;0;8;9;0;0;0;0;0;0;0;0;0;0;0;0;;;;0;0;0;0;0;0;0;0;0;0;0;0;0;0;0;0;0;0;0;0;0;0;0;0;Regular Season;0;0;0;0;0;0;0;0;0;0
10679;1972;1;30;Madison Square Garden;0;10;119;0;0;0;0;0;0;0;0;0;0;0;0;;;;0;0;0;0;0;0;0;0;0;0;0;0;0;0;0;0;0;0;0;0;0;0;0;0;Regular Season;0;0;0;0;0;0;0;0;0;0
10680;1972;1;30;The Spectrum;0;121;122;0;0;0;0;0;0;0;0;0;0;0;0;;;;0;0;0;0;0;0;0;0;0;0;0;0;0;0;0;0;0;0;0;0;0;0;0;0;Regular Season;0;0;0;0;0;0;0;0;0;0
10681;1972;1;30;Pacific Coliseum;0;131;120;0;0;0;0;0;0;0;0;0;0;0;0;;;;0;0;0;0;0;0;0;0;0;0;0;0;0;0;0;0;0;0;0;0;0;0;0;0;Regular Season;0;0;0;0;0;0;0;0;0;0
10682;1972;2;1;Olympia Stadium;0;9;3;0;0;0;0;0;0;0;0;0;0;0;0;;;;0;0;0;0;0;0;0;0;0;0;0;0;0;0;0;0;0;0;0;0;0;0;0;0;Regular Season;0;0;0;0;0;0;0;0;0;0
10683;1972;2;1;The Forum;0;118;8;0;0;0;0;0;0;0;0;0;0;0;0;;;;0;0;0;0;0;0;0;0;0;0;0;0;0;0;0;0;0;0;0;0;0;0;0;0;Regular Season;0;0;0;0;0;0;0;0;0;0
10684;1972;2;1;St. Louis Arena;0;123;0;0;0;0;0;0;0;0;0;0;0;0;0;;;;0;0;0;0;0;0;0;0;0;0;0;0;0;0;0;0;0;0;0;0;0;0;0;0;Regular Season;0;0;0;0;0;0;0;0;0;0
10685;1972;2;2;Oakland Coliseum Arena;0;120;131;0;0;0;0;0;0;0;0;0;0;0;0;;;;0;0;0;0;0;0;0;0;0;0;0;0;0;0;0;0;0;0;0;0;0;0;0;0;Regular Season;0;0;0;0;0;0;0;0;0;0
10686;1972;2;2;Madison Square Garden;0;10;5;0;0;0;0;0;0;0;0;0;0;0;0;;;;0;0;0;0;0;0;0;0;0;0;0;0;0;0;0;0;0;0;0;0;0;0;0;0;Regular Season;0;0;0;0;0;0;0;0;0;0
10687;1972;2;2;Maple Leaf Gardens;0;3;119;0;0;0;0;0;0;0;0;0;0;0;0;;;;0;0;0;0;0;0;0;0;0;0;0;0;0;0;0;0;0;0;0;0;0;0;0;0;Regular Season;0;0;0;0;0;0;0;0;0;0
10688;1972;2;3;Boston Garden;0;5;119;0;0;0;0;0;0;0;0;0;0;0;0;;;;0;0;0;0;0;0;0;0;0;0;0;0;0;0;0;0;0;0;0;0;0;0;0;0;Regular Season;0;0;0;0;0;0;0;0;0;0
10689;1972;2;3;Buffalo Memorial Auditorium;0;130;10;0;0;0;0;0;0;0;0;0;0;0;0;;;;0;0;0;0;0;0;0;0;0;0;0;0;0;0;0;0;0;0;0;0;0;0;0;0;Regular Season;0;0;0;0;0;0;0;0;0;0
10690;1972;2;3;The Forum;0;118;0;0;0;0;0;0;0;0;0;0;0;0;0;;;;0;0;0;0;0;0;0;0;0;0;0;0;0;0;0;0;0;0;0;0;0;0;0;0;Regular Season;0;0;0;0;0;0;0;0;0;0
10691;1972;2;3;The Spectrum;0;121;9;0;0;0;0;0;0;0;0;0;0;0;0;;;;0;0;0;0;0;0;0;0;0;0;0;0;0;0;0;0;0;0;0;0;0;0;0;0;Regular Season;0;0;0;0;0;0;0;0;0;0
10692;1972;2;3;St. Louis Arena;0;123;122;0;0;0;0;0;0;0;0;0;0;0;0;;;;0;0;0;0;0;0;0;0;0;0;0;0;0;0;0;0;0;0;0;0;0;0;0;0;Regular Season;0;0;0;0;0;0;0;0;0;0
10693;1972;2;4;Oakland Coliseum Arena;0;120;0;0;0;0;0;0;0;0;0;0;0;0;0;;;;0;0;0;0;0;0;0;0;0;0;0;0;0;0;0;0;0;0;0;0;0;0;0;0;Regular Season;0;0;0;0;0;0;0;0;0;0
10694;1972;2;4;Pacific Coliseum;0;131;8;0;0;0;0;0;0;0;0;0;0;0;0;;;;0;0;0;0;0;0;0;0;0;0;0;0;0;0;0;0;0;0;0;0;0;0;0;0;Regular Season;0;0;0;0;0;0;0;0;0;0
10695;1972;2;5;Boston Garden;0;5;9;0;0;0;0;0;0;0;0;0;0;0;0;;;;0;0;0;0;0;0;0;0;0;0;0;0;0;0;0;0;0;0;0;0;0;0;0;0;Regular Season;0;0;0;0;0;0;0;0;0;0
10696;1972;2;5;The Forum;0;118;122;0;0;0;0;0;0;0;0;0;0;0;0;;;;0;0;0;0;0;0;0;0;0;0;0;0;0;0;0;0;0;0;0;0;0;0;0;0;Regular Season;0;0;0;0;0;0;0;0;0;0
10697;1972;2;5;The Met Center;0;119;130;0;0;0;0;0;0;0;0;0;0;0;0;;;;0;0;0;0;0;0;0;0;0;0;0;0;0;0;0;0;0;0;0;0;0;0;0;0;Regular Season;0;0;0;0;0;0;0;0;0;0
10698;1972;2;5;St. Louis Arena;0;123;10;0;0;0;0;0;0;0;0;0;0;0;0;;;;0;0;0;0;0;0;0;0;0;0;0;0;0;0;0;0;0;0;0;0;0;0;0;0;Regular Season;0;0;0;0;0;0;0;0;0;0
10699;1972;2;5;Maple Leaf Gardens;0;3;121;0;0;0;0;0;0;0;0;0;0;0;0;;;;0;0;0;0;0;0;0;0;0;0;0;0;0;0;0;0;0;0;0;0;0;0;0;0;Regular Season;0;0;0;0;0;0;0;0;0;0
10700;1972;2;6;Buffalo Memorial Auditorium;0;130;5;0;0;0;0;0;0;0;0;0;0;0;0;;;;0;0;0;0;0;0;0;0;0;0;0;0;0;0;0;0;0;0;0;0;0;0;0;0;Regular Season;0;0;0;0;0;0;0;0;0;0
10701;1972;2;6;Chicago Stadium;0;8;119;0;0;0;0;0;0;0;0;0;0;0;0;;;;0;0;0;0;0;0;0;0;0;0;0;0;0;0;0;0;0;0;0;0;0;0;0;0;Regular Season;0;0;0;0;0;0;0;0;0;0
10702;1972;2;6;Olympia Stadium;0;9;120;0;0;0;0;0;0;0;0;0;0;0;0;;;;0;0;0;0;0;0;0;0;0;0;0;0;0;0;0;0;0;0;0;0;0;0;0;0;Regular Season;0;0;0;0;0;0;0;0;0;0
10703;1972;2;6;Madison Square Garden;0;10;3;0;0;0;0;0;0;0;0;0;0;0;0;;;;0;0;0;0;0;0;0;0;0;0;0;0;0;0;0;0;0;0;0;0;0;0;0;0;Regular Season;0;0;0;0;0;0;0;0;0;0
10704;1972;2;6;The Spectrum;0;121;123;0;0;0;0;0;0;0;0;0;0;0;0;;;;0;0;0;0;0;0;0;0;0;0;0;0;0;0;0;0;0;0;0;0;0;0;0;0;Regular Season;0;0;0;0;0;0;0;0;0;0
10705;1972;2;6;Pacific Coliseum;0;131;0;0;0;0;0;0;0;0;0;0;0;0;0;;;;0;0;0;0;0;0;0;0;0;0;0;0;0;0;0;0;0;0;0;0;0;0;0;0;Regular Season;0;0;0;0;0;0;0;0;0;0
10706;1972;2;8;St. Louis Arena;0;123;3;0;0;0;0;0;0;0;0;0;0;0;0;;;;0;0;0;0;0;0;0;0;0;0;0;0;0;0;0;0;0;0;0;0;0;0;0;0;Regular Season;0;0;0;0;0;0;0;0;0;0
10707;1972;2;8;Pacific Coliseum;0;131;121;0;0;0;0;0;0;0;0;0;0;0;0;;;;0;0;0;0;0;0;0;0;0;0;0;0;0;0;0;0;0;0;0;0;0;0;0;0;Regular Season;0;0;0;0;0;0;0;0;0;0
10708;1972;2;9;Oakland Coliseum Arena;0;120;121;0;0;0;0;0;0;0;0;0;0;0;0;;;;0;0;0;0;0;0;0;0;0;0;0;0;0;0;0;0;0;0;0;0;0;0;0;0;Regular Season;0;0;0;0;0;0;0;0;0;0
10709;1972;2;9;The Met Center;0;119;118;0;0;0;0;0;0;0;0;0;0;0;0;;;;0;0;0;0;0;0;0;0;0;0;0;0;0;0;0;0;0;0;0;0;0;0;0;0;Regular Season;0;0;0;0;0;0;0;0;0;0
10710;1972;2;9;Madison Square Garden;0;10;8;0;0;0;0;0;0;0;0;0;0;0;0;;;;0;0;0;0;0;0;0;0;0;0;0;0;0;0;0;0;0;0;0;0;0;0;0;0;Regular Season;0;0;0;0;0;0;0;0;0;0
10711;1972;2;9;Maple Leaf Gardens;0;3;122;0;0;0;0;0;0;0;0;0;0;0;0;;;;0;0;0;0;0;0;0;0;0;0;0;0;0;0;0;0;0;0;0;0;0;0;0;0;Regular Season;0;0;0;0;0;0;0;0;0;0
10712;1972;2;10;Boston Garden;0;5;131;0;0;0;0;0;0;0;0;0;0;0;0;;;;0;0;0;0;0;0;0;0;0;0;0;0;0;0;0;0;0;0;0;0;0;0;0;0;Regular Season;0;0;0;0;0;0;0;0;0;0
10713;1972;2;10;Olympia Stadium;0;9;130;0;0;0;0;0;0;0;0;0;0;0;0;;;;0;0;0;0;0;0;0;0;0;0;0;0;0;0;0;0;0;0;0;0;0;0;0;0;Regular Season;0;0;0;0;0;0;0;0;0;0
10714;1972;2;10;Montreal Forum;0;0;8;0;0;0;0;0;0;0;0;0;0;0;0;;;;0;0;0;0;0;0;0;0;0;0;0;0;0;0;0;0;0;0;0;0;0;0;0;0;Regular Season;0;0;0;0;0;0;0;0;0;0
10715;1972;2;10;Pittsburgh Civic Arena;0;122;118;0;0;0;0;0;0;0;0;0;0;0;0;;;;0;0;0;0;0;0;0;0;0;0;0;0;0;0;0;0;0;0;0;0;0;0;0;0;Regular Season;0;0;0;0;0;0;0;0;0;0
10716;1972;2;10;St. Louis Arena;0;123;119;0;0;0;0;0;0;0;0;0;0;0;0;;;;0;0;0;0;0;0;0;0;0;0;0;0;0;0;0;0;0;0;0;0;0;0;0;0;Regular Season;0;0;0;0;0;0;0;0;0;0
10717;1972;2;12;Boston Garden;0;5;130;0;0;0;0;0;0;0;0;0;0;0;0;;;;0;0;0;0;0;0;0;0;0;0;0;0;0;0;0;0;0;0;0;0;0;0;0;0;Regular Season;0;0;0;0;0;0;0;0;0;0
10718;1972;2;12;Olympia Stadium;0;9;8;0;0;0;0;0;0;0;0;0;0;0;0;;;;0;0;0;0;0;0;0;0;0;0;0;0;0;0;0;0;0;0;0;0;0;0;0;0;Regular Season;0;0;0;0;0;0;0;0;0;0
10719;1972;2;12;The Met Center;0;119;121;0;0;0;0;0;0;0;0;0;0;0;0;;;;0;0;0;0;0;0;0;0;0;0;0;0;0;0;0;0;0;0;0;0;0;0;0;0;Regular Season;0;0;0;0;0;0;0;0;0;0
10720;1972;2;12;Montreal Forum;0;0;118;0;0;0;0;0;0;0;0;0;0;0;0;;;;0;0;0;0;0;0;0;0;0;0;0;0;0;0;0;0;0;0;0;0;0;0;0;0;Regular Season;0;0;0;0;0;0;0;0;0;0
10721;1972;2;12;Pittsburgh Civic Arena;0;122;10;0;0;0;0;0;0;0;0;0;0;0;0;;;;0;0;0;0;0;0;0;0;0;0;0;0;0;0;0;0;0;0;0;0;0;0;0;0;Regular Season;0;0;0;0;0;0;0;0;0;0
10722;1972;2;12;St. Louis Arena;0;123;131;0;0;0;0;0;0;0;0;0;0;0;0;;;;0;0;0;0;0;0;0;0;0;0;0;0;0;0;0;0;0;0;0;0;0;0;0;0;Regular Season;0;0;0;0;0;0;0;0;0;0
10723;1972;2;12;Maple Leaf Gardens;0;3;120;0;0;0;0;0;0;0;0;0;0;0;0;;;;0;0;0;0;0;0;0;0;0;0;0;0;0;0;0;0;0;0;0;0;0;0;0;0;Regular Season;0;0;0;0;0;0;0;0;0;0
10724;1972;2;13;Boston Garden;0;5;0;0;0;0;0;0;0;0;0;0;0;0;0;;;;0;0;0;0;0;0;0;0;0;0;0;0;0;0;0;0;0;0;0;0;0;0;0;0;Regular Season;0;0;0;0;0;0;0;0;0;0
10725;1972;2;13;Buffalo Memorial Auditorium;0;130;121;0;0;0;0;0;0;0;0;0;0;0;0;;;;0;0;0;0;0;0;0;0;0;0;0;0;0;0;0;0;0;0;0;0;0;0;0;0;Regular Season;0;0;0;0;0;0;0;0;0;0
10726;1972;2;13;Chicago Stadium;0;8;3;0;0;0;0;0;0;0;0;0;0;0;0;;;;0;0;0;0;0;0;0;0;0;0;0;0;0;0;0;0;0;0;0;0;0;0;0;0;Regular Season;0;0;0;0;0;0;0;0;0;0
10727;1972;2;13;Madison Square Garden;0;10;118;0;0;0;0;0;0;0;0;0;0;0;0;;;;0;0;0;0;0;0;0;0;0;0;0;0;0;0;0;0;0;0;0;0;0;0;0;0;Regular Season;0;0;0;0;0;0;0;0;0;0
10728;1972;2;13;Pittsburgh Civic Arena;0;122;131;0;0;0;0;0;0;0;0;0;0;0;0;;;;0;0;0;0;0;0;0;0;0;0;0;0;0;0;0;0;0;0;0;0;0;0;0;0;Regular Season;0;0;0;0;0;0;0;0;0;0
10729;1972;2;15;Boston Garden;0;5;120;0;0;0;0;0;0;0;0;0;0;0;0;;;;0;0;0;0;0;0;0;0;0;0;0;0;0;0;0;0;0;0;0;0;0;0;0;0;Regular Season;0;0;0;0;0;0;0;0;0;0
10730;1972;2;15;St. Louis Arena;0;123;8;0;0;0;0;0;0;0;0;0;0;0;0;;;;0;0;0;0;0;0;0;0;0;0;0;0;0;0;0;0;0;0;0;0;0;0;0;0;Regular Season;0;0;0;0;0;0;0;0;0;0
10731;1972;2;15;Pacific Coliseum;0;131;10;0;0;0;0;0;0;0;0;0;0;0;0;;;;0;0;0;0;0;0;0;0;0;0;0;0;0;0;0;0;0;0;0;0;0;0;0;0;Regular Season;0;0;0;0;0;0;0;0;0;0
10732;1972;2;16;Chicago Stadium;0;8;121;0;0;0;0;0;0;0;0;0;0;0;0;;;;0;0;0;0;0;0;0;0;0;0;0;0;0;0;0;0;0;0;0;0;0;0;0;0;Regular Season;0;0;0;0;0;0;0;0;0;0
10733;1972;2;16;The Forum;0;118;123;0;0;0;0;0;0;0;0;0;0;0;0;;;;0;0;0;0;0;0;0;0;0;0;0;0;0;0;0;0;0;0;0;0;0;0;0;0;Regular Season;0;0;0;0;0;0;0;0;0;0
10734;1972;2;16;The Met Center;0;119;9;0;0;0;0;0;0;0;0;0;0;0;0;;;;0;0;0;0;0;0;0;0;0;0;0;0;0;0;0;0;0;0;0;0;0;0;0;0;Regular Season;0;0;0;0;0;0;0;0;0;0
10735;1972;2;16;Montreal Forum;0;0;120;0;0;0;0;0;0;0;0;0;0;0;0;;;;0;0;0;0;0;0;0;0;0;0;0;0;0;0;0;0;0;0;0;0;0;0;0;0;Regular Season;0;0;0;0;0;0;0;0;0;0
10736;1972;2;16;Pittsburgh Civic Arena;0;122;3;0;0;0;0;0;0;0;0;0;0;0;0;;;;0;0;0;0;0;0;0;0;0;0;0;0;0;0;0;0;0;0;0;0;0;0;0;0;Regular Season;0;0;0;0;0;0;0;0;0;0
10737;1972;2;17;Buffalo Memorial Auditorium;0;130;122;0;0;0;0;0;0;0;0;0;0;0;0;;;;0;0;0;0;0;0;0;0;0;0;0;0;0;0;0;0;0;0;0;0;0;0;0;0;Regular Season;0;0;0;0;0;0;0;0;0;0
10738;1972;2;17;The Forum;0;118;10;0;0;0;0;0;0;0;0;0;0;0;0;;;;0;0;0;0;0;0;0;0;0;0;0;0;0;0;0;0;0;0;0;0;0;0;0;0;Regular Season;0;0;0;0;0;0;0;0;0;0
10739;1972;2;17;The Spectrum;0;121;5;0;0;0;0;0;0;0;0;0;0;0;0;;;;0;0;0;0;0;0;0;0;0;0;0;0;0;0;0;0;0;0;0;0;0;0;0;0;Regular Season;0;0;0;0;0;0;0;0;0;0
10740;1972;2;18;Oakland Coliseum Arena;0;120;10;0;0;0;0;0;0;0;0;0;0;0;0;;;;0;0;0;0;0;0;0;0;0;0;0;0;0;0;0;0;0;0;0;0;0;0;0;0;Regular Season;0;0;0;0;0;0;0;0;0;0
10741;1972;2;18;Pacific Coliseum;0;131;123;0;0;0;0;0;0;0;0;0;0;0;0;;;;0;0;0;0;0;0;0;0;0;0;0;0;0;0;0;0;0;0;0;0;0;0;0;0;Regular Season;0;0;0;0;0;0;0;0;0;0
10742;1972;2;19;The Forum;0;118;131;0;0;0;0;0;0;0;0;0;0;0;0;;;;0;0;0;0;0;0;0;0;0;0;0;0;0;0;0;0;0;0;0;0;0;0;0;0;Regular Season;0;0;0;0;0;0;0;0;0;0
10743;1972;2;19;The Met Center;0;119;5;0;0;0;0;0;0;0;0;0;0;0;0;;;;0;0;0;0;0;0;0;0;0;0;0;0;0;0;0;0;0;0;0;0;0;0;0;0;Regular Season;0;0;0;0;0;0;0;0;0;0
10744;1972;2;19;Montreal Forum;0;0;121;0;0;0;0;0;0;0;0;0;0;0;0;;;;0;0;0;0;0;0;0;0;0;0;0;0;0;0;0;0;0;0;0;0;0;0;0;0;Regular Season;0;0;0;0;0;0;0;0;0;0
10745;1972;2;19;Pittsburgh Civic Arena;0;122;9;0;0;0;0;0;0;0;0;0;0;0;0;;;;0;0;0;0;0;0;0;0;0;0;0;0;0;0;0;0;0;0;0;0;0;0;0;0;Regular Season;0;0;0;0;0;0;0;0;0;0
10746;1972;2;19;Maple Leaf Gardens;0;3;130;0;0;0;0;0;0;0;0;0;0;0;0;;;;0;0;0;0;0;0;0;0;0;0;0;0;0;0;0;0;0;0;0;0;0;0;0;0;Regular Season;0;0;0;0;0;0;0;0;0;0
10747;1972;2;20;Buffalo Memorial Auditorium;0;130;0;0;0;0;0;0;0;0;0;0;0;0;0;;;;0;0;0;0;0;0;0;0;0;0;0;0;0;0;0;0;0;0;0;0;0;0;0;0;Regular Season;0;0;0;0;0;0;0;0;0;0
10748;1972;2;20;Chicago Stadium;0;8;5;0;0;0;0;0;0;0;0;0;0;0;0;;;;0;0;0;0;0;0;0;0;0;0;0;0;0;0;0;0;0;0;0;0;0;0;0;0;Regular Season;0;0;0;0;0;0;0;0;0;0
10749;1972;2;20;Oakland Coliseum Arena;0;120;123;0;0;0;0;0;0;0;0;0;0;0;0;;;;0;0;0;0;0;0;0;0;0;0;0;0;0;0;0;0;0;0;0;0;0;0;0;0;Regular Season;0;0;0;0;0;0;0;0;0;0
10750;1972;2;20;The Met Center;0;119;122;0;0;0;0;0;0;0;0;0;0;0;0;;;;0;0;0;0;0;0;0;0;0;0;0;0;0;0;0;0;0;0;0;0;0;0;0;0;Regular Season;0;0;0;0;0;0;0;0;0;0
10751;1972;2;20;Madison Square Garden;0;10;9;0;0;0;0;0;0;0;0;0;0;0;0;;;;0;0;0;0;0;0;0;0;0;0;0;0;0;0;0;0;0;0;0;0;0;0;0;0;Regular Season;0;0;0;0;0;0;0;0;0;0
10752;1972;2;20;The Spectrum;0;121;3;0;0;0;0;0;0;0;0;0;0;0;0;;;;0;0;0;0;0;0;0;0;0;0;0;0;0;0;0;0;0;0;0;0;0;0;0;0;Regular Season;0;0;0;0;0;0;0;0;0;0
10753;1972;2;22;Olympia Stadium;0;9;3;0;0;0;0;0;0;0;0;0;0;0;0;;;;0;0;0;0;0;0;0;0;0;0;0;0;0;0;0;0;0;0;0;0;0;0;0;0;Regular Season;0;0;0;0;0;0;0;0;0;0
10754;1972;2;22;Montreal Forum;0;0;10;0;0;0;0;0;0;0;0;0;0;0;0;;;;0;0;0;0;0;0;0;0;0;0;0;0;0;0;0;0;0;0;0;0;0;0;0;0;Regular Season;0;0;0;0;0;0;0;0;0;0
10755;1972;2;22;Pacific Coliseum;0;131;5;0;0;0;0;0;0;0;0;0;0;0;0;;;;0;0;0;0;0;0;0;0;0;0;0;0;0;0;0;0;0;0;0;0;0;0;0;0;Regular Season;0;0;0;0;0;0;0;0;0;0
10756;1972;2;23;Chicago Stadium;0;8;130;0;0;0;0;0;0;0;0;0;0;0;0;;;;0;0;0;0;0;0;0;0;0;0;0;0;0;0;0;0;0;0;0;0;0;0;0;0;Regular Season;0;0;0;0;0;0;0;0;0;0
10757;1972;2;23;Oakland Coliseum Arena;0;120;5;0;0;0;0;0;0;0;0;0;0;0;0;;;;0;0;0;0;0;0;0;0;0;0;0;0;0;0;0;0;0;0;0;0;0;0;0;0;Regular Season;0;0;0;0;0;0;0;0;0;0
10758;1972;2;23;The Forum;0;118;123;0;0;0;0;0;0;0;0;0;0;0;0;;;;0;0;0;0;0;0;0;0;0;0;0;0;0;0;0;0;0;0;0;0;0;0;0;0;Regular Season;0;0;0;0;0;0;0;0;0;0
10759;1972;2;23;Madison Square Garden;0;10;121;0;0;0;0;0;0;0;0;0;0;0;0;;;;0;0;0;0;0;0;0;0;0;0;0;0;0;0;0;0;0;0;0;0;0;0;0;0;Regular Season;0;0;0;0;0;0;0;0;0;0
10760;1972;2;23;Maple Leaf Gardens;0;3;122;0;0;0;0;0;0;0;0;0;0;0;0;;;;0;0;0;0;0;0;0;0;0;0;0;0;0;0;0;0;0;0;0;0;0;0;0;0;Regular Season;0;0;0;0;0;0;0;0;0;0
10761;1972;2;24;Buffalo Memorial Auditorium;0;130;8;0;0;0;0;0;0;0;0;0;0;0;0;;;;0;0;0;0;0;0;0;0;0;0;0;0;0;0;0;0;0;0;0;0;0;0;0;0;Regular Season;0;0;0;0;0;0;0;0;0;0
10762;1972;2;24;Olympia Stadium;0;9;131;0;0;0;0;0;0;0;0;0;0;0;0;;;;0;0;0;0;0;0;0;0;0;0;0;0;0;0;0;0;0;0;0;0;0;0;0;0;Regular Season;0;0;0;0;0;0;0;0;0;0
10763;1972;2;24;The Met Center;0;119;0;0;0;0;0;0;0;0;0;0;0;0;0;;;;0;0;0;0;0;0;0;0;0;0;0;0;0;0;0;0;0;0;0;0;0;0;0;0;Regular Season;0;0;0;0;0;0;0;0;0;0
10764;1972;2;26;Chicago Stadium;0;8;120;0;0;0;0;0;0;0;0;0;0;0;0;;;;0;0;0;0;0;0;0;0;0;0;0;0;0;0;0;0;0;0;0;0;0;0;0;0;Regular Season;0;0;0;0;0;0;0;0;0;0
10765;1972;2;26;The Forum;0;118;5;0;0;0;0;0;0;0;0;0;0;0;0;;;;0;0;0;0;0;0;0;0;0;0;0;0;0;0;0;0;0;0;0;0;0;0;0;0;Regular Season;0;0;0;0;0;0;0;0;0;0
10766;1972;2;26;The Met Center;0;119;123;0;0;0;0;0;0;0;0;0;0;0;0;;;;0;0;0;0;0;0;0;0;0;0;0;0;0;0;0;0;0;0;0;0;0;0;0;0;Regular Season;0;0;0;0;0;0;0;0;0;0
10767;1972;2;26;Montreal Forum;0;0;9;0;0;0;0;0;0;0;0;0;0;0;0;;;;0;0;0;0;0;0;0;0;0;0;0;0;0;0;0;0;0;0;0;0;0;0;0;0;Regular Season;0;0;0;0;0;0;0;0;0;0
10768;1972;2;26;Pittsburgh Civic Arena;0;122;121;0;0;0;0;0;0;0;0;0;0;0;0;;;;0;0;0;0;0;0;0;0;0;0;0;0;0;0;0;0;0;0;0;0;0;0;0;0;Regular Season;0;0;0;0;0;0;0;0;0;0
10769;1972;2;26;Maple Leaf Gardens;0;3;131;0;0;0;0;0;0;0;0;0;0;0;0;;;;0;0;0;0;0;0;0;0;0;0;0;0;0;0;0;0;0;0;0;0;0;0;0;0;Regular Season;0;0;0;0;0;0;0;0;0;0
10770;1972;2;27;Buffalo Memorial Auditorium;0;130;120;0;0;0;0;0;0;0;0;0;0;0;0;;;;0;0;0;0;0;0;0;0;0;0;0;0;0;0;0;0;0;0;0;0;0;0;0;0;Regular Season;0;0;0;0;0;0;0;0;0;0
10771;1972;2;27;Chicago Stadium;0;8;131;0;0;0;0;0;0;0;0;0;0;0;0;;;;0;0;0;0;0;0;0;0;0;0;0;0;0;0;0;0;0;0;0;0;0;0;0;0;Regular Season;0;0;0;0;0;0;0;0;0;0
10772;1972;2;27;Olympia Stadium;0;9;121;0;0;0;0;0;0;0;0;0;0;0;0;;;;0;0;0;0;0;0;0;0;0;0;0;0;0;0;0;0;0;0;0;0;0;0;0;0;Regular Season;0;0;0;0;0;0;0;0;0;0
10773;1972;2;27;Montreal Forum;0;0;122;0;0;0;0;0;0;0;0;0;0;0;0;;;;0;0;0;0;0;0;0;0;0;0;0;0;0;0;0;0;0;0;0;0;0;0;0;0;Regular Season;0;0;0;0;0;0;0;0;0;0
10774;1972;2;27;Madison Square Garden;0;10;123;0;0;0;0;0;0;0;0;0;0;0;0;;;;0;0;0;0;0;0;0;0;0;0;0;0;0;0;0;0;0;0;0;0;0;0;0;0;Regular Season;0;0;0;0;0;0;0;0;0;0
10775;1972;2;29;Olympia Stadium;0;9;131;0;0;0;0;0;0;0;0;0;0;0;0;;;;0;0;0;0;0;0;0;0;0;0;0;0;0;0;0;0;0;0;0;0;0;0;0;0;Regular Season;0;0;0;0;0;0;0;0;0;0
10776;1972;3;1;The Forum;0;118;8;0;0;0;0;0;0;0;0;0;0;0;0;;;;0;0;0;0;0;0;0;0;0;0;0;0;0;0;0;0;0;0;0;0;0;0;0;0;Regular Season;0;0;0;0;0;0;0;0;0;0
10777;1972;3;1;Montreal Forum;0;0;130;0;0;0;0;0;0;0;0;0;0;0;0;;;;0;0;0;0;0;0;0;0;0;0;0;0;0;0;0;0;0;0;0;0;0;0;0;0;Regular Season;0;0;0;0;0;0;0;0;0;0
10778;1972;3;1;Madison Square Garden;0;10;120;0;0;0;0;0;0;0;0;0;0;0;0;;;;0;0;0;0;0;0;0;0;0;0;0;0;0;0;0;0;0;0;0;0;0;0;0;0;Regular Season;0;0;0;0;0;0;0;0;0;0
10779;1972;3;1;St. Louis Arena;0;123;3;0;0;0;0;0;0;0;0;0;0;0;0;;;;0;0;0;0;0;0;0;0;0;0;0;0;0;0;0;0;0;0;0;0;0;0;0;0;Regular Season;0;0;0;0;0;0;0;0;0;0
10780;1972;3;2;Boston Garden;0;5;131;0;0;0;0;0;0;0;0;0;0;0;0;;;;0;0;0;0;0;0;0;0;0;0;0;0;0;0;0;0;0;0;0;0;0;0;0;0;Regular Season;0;0;0;0;0;0;0;0;0;0
10781;1972;3;2;Buffalo Memorial Auditorium;0;130;10;0;0;0;0;0;0;0;0;0;0;0;0;;;;0;0;0;0;0;0;0;0;0;0;0;0;0;0;0;0;0;0;0;0;0;0;0;0;Regular Season;0;0;0;0;0;0;0;0;0;0
10782;1972;3;2;The Spectrum;0;121;119;0;0;0;0;0;0;0;0;0;0;0;0;;;;0;0;0;0;0;0;0;0;0;0;0;0;0;0;0;0;0;0;0;0;0;0;0;0;Regular Season;0;0;0;0;0;0;0;0;0;0
10783;1972;3;2;Pittsburgh Civic Arena;0;122;9;0;0;0;0;0;0;0;0;0;0;0;0;;;;0;0;0;0;0;0;0;0;0;0;0;0;0;0;0;0;0;0;0;0;0;0;0;0;Regular Season;0;0;0;0;0;0;0;0;0;0
10784;1972;3;3;Oakland Coliseum Arena;0;120;8;0;0;0;0;0;0;0;0;0;0;0;0;;;;0;0;0;0;0;0;0;0;0;0;0;0;0;0;0;0;0;0;0;0;0;0;0;0;Regular Season;0;0;0;0;0;0;0;0;0;0
10785;1972;3;4;Olympia Stadium;0;9;5;0;0;0;0;0;0;0;0;0;0;0;0;;;;0;0;0;0;0;0;0;0;0;0;0;0;0;0;0;0;0;0;0;0;0;0;0;0;Regular Season;0;0;0;0;0;0;0;0;0;0
10786;1972;3;4;Montreal Forum;0;0;131;0;0;0;0;0;0;0;0;0;0;0;0;;;;0;0;0;0;0;0;0;0;0;0;0;0;0;0;0;0;0;0;0;0;0;0;0;0;Regular Season;0;0;0;0;0;0;0;0;0;0
10787;1972;3;4;The Spectrum;0;121;123;0;0;0;0;0;0;0;0;0;0;0;0;;;;0;0;0;0;0;0;0;0;0;0;0;0;0;0;0;0;0;0;0;0;0;0;0;0;Regular Season;0;0;0;0;0;0;0;0;0;0
10788;1972;3;4;Pittsburgh Civic Arena;0;122;119;0;0;0;0;0;0;0;0;0;0;0;0;;;;0;0;0;0;0;0;0;0;0;0;0;0;0;0;0;0;0;0;0;0;0;0;0;0;Regular Season;0;0;0;0;0;0;0;0;0;0
10789;1972;3;4;Maple Leaf Gardens;0;3;118;0;0;0;0;0;0;0;0;0;0;0;0;;;;0;0;0;0;0;0;0;0;0;0;0;0;0;0;0;0;0;0;0;0;0;0;0;0;Regular Season;0;0;0;0;0;0;0;0;0;0
10790;1972;3;5;Boston Garden;0;5;118;0;0;0;0;0;0;0;0;0;0;0;0;;;;0;0;0;0;0;0;0;0;0;0;0;0;0;0;0;0;0;0;0;0;0;0;0;0;Regular Season;0;0;0;0;0;0;0;0;0;0
10791;1972;3;5;Buffalo Memorial Auditorium;0;130;123;0;0;0;0;0;0;0;0;0;0;0;0;;;;0;0;0;0;0;0;0;0;0;0;0;0;0;0;0;0;0;0;0;0;0;0;0;0;Regular Season;0;0;0;0;0;0;0;0;0;0
10792;1972;3;5;Olympia Stadium;0;9;122;0;0;0;0;0;0;0;0;0;0;0;0;;;;0;0;0;0;0;0;0;0;0;0;0;0;0;0;0;0;0;0;0;0;0;0;0;0;Regular Season;0;0;0;0;0;0;0;0;0;0
10793;1972;3;5;The Met Center;0;119;8;0;0;0;0;0;0;0;0;0;0;0;0;;;;0;0;0;0;0;0;0;0;0;0;0;0;0;0;0;0;0;0;0;0;0;0;0;0;Regular Season;0;0;0;0;0;0;0;0;0;0
10794;1972;3;5;Madison Square Garden;0;10;131;0;0;0;0;0;0;0;0;0;0;0;0;;;;0;0;0;0;0;0;0;0;0;0;0;0;0;0;0;0;0;0;0;0;0;0;0;0;Regular Season;0;0;0;0;0;0;0;0;0;0
10795;1972;3;5;The Spectrum;0;121;0;0;0;0;0;0;0;0;0;0;0;0;0;;;;0;0;0;0;0;0;0;0;0;0;0;0;0;0;0;0;0;0;0;0;0;0;0;0;Regular Season;0;0;0;0;0;0;0;0;0;0
10796;1972;3;7;St. Louis Arena;0;123;118;0;0;0;0;0;0;0;0;0;0;0;0;;;;0;0;0;0;0;0;0;0;0;0;0;0;0;0;0;0;0;0;0;0;0;0;0;0;Regular Season;0;0;0;0;0;0;0;0;0;0
10797;1972;3;8;Oakland Coliseum Arena;0;120;130;0;0;0;0;0;0;0;0;0;0;0;0;;;;0;0;0;0;0;0;0;0;0;0;0;0;0;0;0;0;0;0;0;0;0;0;0;0;Regular Season;0;0;0;0;0;0;0;0;0;0
10798;1972;3;8;The Met Center;0;119;5;0;0;0;0;0;0;0;0;0;0;0;0;;;;0;0;0;0;0;0;0;0;0;0;0;0;0;0;0;0;0;0;0;0;0;0;0;0;Regular Season;0;0;0;0;0;0;0;0;0;0
10799;1972;3;8;Madison Square Garden;0;10;8;0;0;0;0;0;0;0;0;0;0;0;0;;;;0;0;0;0;0;0;0;0;0;0;0;0;0;0;0;0;0;0;0;0;0;0;0;0;Regular Season;0;0;0;0;0;0;0;0;0;0
10800;1972;3;8;Pittsburgh Civic Arena;0;122;0;0;0;0;0;0;0;0;0;0;0;0;0;;;;0;0;0;0;0;0;0;0;0;0;0;0;0;0;0;0;0;0;0;0;0;0;0;0;Regular Season;0;0;0;0;0;0;0;0;0;0
10801;1972;3;8;Maple Leaf Gardens;0;3;9;0;0;0;0;0;0;0;0;0;0;0;0;;;;0;0;0;0;0;0;0;0;0;0;0;0;0;0;0;0;0;0;0;0;0;0;0;0;Regular Season;0;0;0;0;0;0;0;0;0;0
10802;1972;3;8;Pacific Coliseum;0;131;121;0;0;0;0;0;0;0;0;0;0;0;0;;;;0;0;0;0;0;0;0;0;0;0;0;0;0;0;0;0;0;0;0;0;0;0;0;0;Regular Season;0;0;0;0;0;0;0;0;0;0
10803;1972;3;9;The Forum;0;118;121;0;0;0;0;0;0;0;0;0;0;0;0;;;;0;0;0;0;0;0;0;0;0;0;0;0;0;0;0;0;0;0;0;0;0;0;0;0;Regular Season;0;0;0;0;0;0;0;0;0;0
10804;1972;3;9;St. Louis Arena;0;123;0;0;0;0;0;0;0;0;0;0;0;0;0;;;;0;0;0;0;0;0;0;0;0;0;0;0;0;0;0;0;0;0;0;0;0;0;0;0;Regular Season;0;0;0;0;0;0;0;0;0;0
10805;1972;3;10;Pacific Coliseum;0;131;130;0;0;0;0;0;0;0;0;0;0;0;0;;;;0;0;0;0;0;0;0;0;0;0;0;0;0;0;0;0;0;0;0;0;0;0;0;0;Regular Season;0;0;0;0;0;0;0;0;0;0
10806;1972;3;11;Olympia Stadium;0;9;10;0;0;0;0;0;0;0;0;0;0;0;0;;;;0;0;0;0;0;0;0;0;0;0;0;0;0;0;0;0;0;0;0;0;0;0;0;0;Regular Season;0;0;0;0;0;0;0;0;0;0
10807;1972;3;11;The Forum;0;118;130;0;0;0;0;0;0;0;0;0;0;0;0;;;;0;0;0;0;0;0;0;0;0;0;0;0;0;0;0;0;0;0;0;0;0;0;0;0;Regular Season;0;0;0;0;0;0;0;0;0;0
10808;1972;3;11;Montreal Forum;0;0;8;0;0;0;0;0;0;0;0;0;0;0;0;;;;0;0;0;0;0;0;0;0;0;0;0;0;0;0;0;0;0;0;0;0;0;0;0;0;Regular Season;0;0;0;0;0;0;0;0;0;0
10809;1972;3;11;Pittsburgh Civic Arena;0;122;5;0;0;0;0;0;0;0;0;0;0;0;0;;;;0;0;0;0;0;0;0;0;0;0;0;0;0;0;0;0;0;0;0;0;0;0;0;0;Regular Season;0;0;0;0;0;0;0;0;0;0
10810;1972;3;11;St. Louis Arena;0;123;121;0;0;0;0;0;0;0;0;0;0;0;0;;;;0;0;0;0;0;0;0;0;0;0;0;0;0;0;0;0;0;0;0;0;0;0;0;0;Regular Season;0;0;0;0;0;0;0;0;0;0
10811;1972;3;11;Maple Leaf Gardens;0;3;120;0;0;0;0;0;0;0;0;0;0;0;0;;;;0;0;0;0;0;0;0;0;0;0;0;0;0;0;0;0;0;0;0;0;0;0;0;0;Regular Season;0;0;0;0;0;0;0;0;0;0
10812;1972;3;12;Boston Garden;0;5;122;0;0;0;0;0;0;0;0;0;0;0;0;;;;0;0;0;0;0;0;0;0;0;0;0;0;0;0;0;0;0;0;0;0;0;0;0;0;Regular Season;0;0;0;0;0;0;0;0;0;0
10813;1972;3;12;Olympia Stadium;0;9;8;0;0;0;0;0;0;0;0;0;0;0;0;;;;0;0;0;0;0;0;0;0;0;0;0;0;0;0;0;0;0;0;0;0;0;0;0;0;Regular Season;0;0;0;0;0;0;0;0;0;0
10814;1972;3;12;The Met Center;0;119;3;0;0;0;0;0;0;0;0;0;0;0;0;;;;0;0;0;0;0;0;0;0;0;0;0;0;0;0;0;0;0;0;0;0;0;0;0;0;Regular Season;0;0;0;0;0;0;0;0;0;0
10815;1972;3;12;Madison Square Garden;0;10;120;0;0;0;0;0;0;0;0;0;0;0;0;;;;0;0;0;0;0;0;0;0;0;0;0;0;0;0;0;0;0;0;0;0;0;0;0;0;Regular Season;0;0;0;0;0;0;0;0;0;0
10816;1972;3;13;Montreal Forum;0;0;121;0;0;0;0;0;0;0;0;0;0;0;0;;;;0;0;0;0;0;0;0;0;0;0;0;0;0;0;0;0;0;0;0;0;0;0;0;0;Regular Season;0;0;0;0;0;0;0;0;0;0
10817;1972;3;14;The Met Center;0;119;130;0;0;0;0;0;0;0;0;0;0;0;0;;;;0;0;0;0;0;0;0;0;0;0;0;0;0;0;0;0;0;0;0;0;0;0;0;0;Regular Season;0;0;0;0;0;0;0;0;0;0
10818;1972;3;14;Pacific Coliseum;0;131;122;0;0;0;0;0;0;0;0;0;0;0;0;;;;0;0;0;0;0;0;0;0;0;0;0;0;0;0;0;0;0;0;0;0;0;0;0;0;Regular Season;0;0;0;0;0;0;0;0;0;0
10819;1972;3;15;Chicago Stadium;0;8;10;0;0;0;0;0;0;0;0;0;0;0;0;;;;0;0;0;0;0;0;0;0;0;0;0;0;0;0;0;0;0;0;0;0;0;0;0;0;Regular Season;0;0;0;0;0;0;0;0;0;0
10820;1972;3;15;Oakland Coliseum Arena;0;120;118;0;0;0;0;0;0;0;0;0;0;0;0;;;;0;0;0;0;0;0;0;0;0;0;0;0;0;0;0;0;0;0;0;0;0;0;0;0;Regular Season;0;0;0;0;0;0;0;0;0;0
10821;1972;3;15;Maple Leaf Gardens;0;3;0;0;0;0;0;0;0;0;0;0;0;0;0;;;;0;0;0;0;0;0;0;0;0;0;0;0;0;0;0;0;0;0;0;0;0;0;0;0;Regular Season;0;0;0;0;0;0;0;0;0;0
10822;1972;3;16;Olympia Stadium;0;9;10;0;0;0;0;0;0;0;0;0;0;0;0;;;;0;0;0;0;0;0;0;0;0;0;0;0;0;0;0;0;0;0;0;0;0;0;0;0;Regular Season;0;0;0;0;0;0;0;0;0;0
10823;1972;3;16;The Forum;0;118;5;0;0;0;0;0;0;0;0;0;0;0;0;;;;0;0;0;0;0;0;0;0;0;0;0;0;0;0;0;0;0;0;0;0;0;0;0;0;Regular Season;0;0;0;0;0;0;0;0;0;0
10824;1972;3;16;The Met Center;0;119;131;0;0;0;0;0;0;0;0;0;0;0;0;;;;0;0;0;0;0;0;0;0;0;0;0;0;0;0;0;0;0;0;0;0;0;0;0;0;Regular Season;0;0;0;0;0;0;0;0;0;0
10825;1972;3;16;The Spectrum;0;121;130;0;0;0;0;0;0;0;0;0;0;0;0;;;;0;0;0;0;0;0;0;0;0;0;0;0;0;0;0;0;0;0;0;0;0;0;0;0;Regular Season;0;0;0;0;0;0;0;0;0;0
10826;1972;3;17;Buffalo Memorial Auditorium;0;130;131;0;0;0;0;0;0;0;0;0;0;0;0;;;;0;0;0;0;0;0;0;0;0;0;0;0;0;0;0;0;0;0;0;0;0;0;0;0;Regular Season;0;0;0;0;0;0;0;0;0;0
10827;1972;3;17;Oakland Coliseum Arena;0;120;123;0;0;0;0;0;0;0;0;0;0;0;0;;;;0;0;0;0;0;0;0;0;0;0;0;0;0;0;0;0;0;0;0;0;0;0;0;0;Regular Season;0;0;0;0;0;0;0;0;0;0
10828;1972;3;18;The Forum;0;118;122;0;0;0;0;0;0;0;0;0;0;0;0;;;;0;0;0;0;0;0;0;0;0;0;0;0;0;0;0;0;0;0;0;0;0;0;0;0;Regular Season;0;0;0;0;0;0;0;0;0;0
10829;1972;3;18;Montreal Forum;0;0;119;0;0;0;0;0;0;0;0;0;0;0;0;;;;0;0;0;0;0;0;0;0;0;0;0;0;0;0;0;0;0;0;0;0;0;0;0;0;Regular Season;0;0;0;0;0;0;0;0;0;0
10830;1972;3;18;The Spectrum;0;121;10;0;0;0;0;0;0;0;0;0;0;0;0;;;;0;0;0;0;0;0;0;0;0;0;0;0;0;0;0;0;0;0;0;0;0;0;0;0;Regular Season;0;0;0;0;0;0;0;0;0;0
10831;1972;3;18;Maple Leaf Gardens;0;3;8;0;0;0;0;0;0;0;0;0;0;0;0;;;;0;0;0;0;0;0;0;0;0;0;0;0;0;0;0;0;0;0;0;0;0;0;0;0;Regular Season;0;0;0;0;0;0;0;0;0;0
10832;1972;3;19;Boston Garden;0;5;119;0;0;0;0;0;0;0;0;0;0;0;0;;;;0;0;0;0;0;0;0;0;0;0;0;0;0;0;0;0;0;0;0;0;0;0;0;0;Regular Season;0;0;0;0;0;0;0;0;0;0
10833;1972;3;19;Chicago Stadium;0;8;130;0;0;0;0;0;0;0;0;0;0;0;0;;;;0;0;0;0;0;0;0;0;0;0;0;0;0;0;0;0;0;0;0;0;0;0;0;0;Regular Season;0;0;0;0;0;0;0;0;0;0
10834;1972;3;19;Oakland Coliseum Arena;0;120;122;0;0;0;0;0;0;0;0;0;0;0;0;;;;0;0;0;0;0;0;0;0;0;0;0;0;0;0;0;0;0;0;0;0;0;0;0;0;Regular Season;0;0;0;0;0;0;0;0;0;0
10835;1972;3;19;Olympia Stadium;0;9;0;0;0;0;0;0;0;0;0;0;0;0;0;;;;0;0;0;0;0;0;0;0;0;0;0;0;0;0;0;0;0;0;0;0;0;0;0;0;Regular Season;0;0;0;0;0;0;0;0;0;0
10836;1972;3;19;Madison Square Garden;0;10;3;0;0;0;0;0;0;0;0;0;0;0;0;;;;0;0;0;0;0;0;0;0;0;0;0;0;0;0;0;0;0;0;0;0;0;0;0;0;Regular Season;0;0;0;0;0;0;0;0;0;0
10837;1972;3;19;Pacific Coliseum;0;131;123;0;0;0;0;0;0;0;0;0;0;0;0;;;;0;0;0;0;0;0;0;0;0;0;0;0;0;0;0;0;0;0;0;0;0;0;0;0;Regular Season;0;0;0;0;0;0;0;0;0;0
10838;1972;3;21;The Met Center;0;119;120;0;0;0;0;0;0;0;0;0;0;0;0;;;;0;0;0;0;0;0;0;0;0;0;0;0;0;0;0;0;0;0;0;0;0;0;0;0;Regular Season;0;0;0;0;0;0;0;0;0;0
10839;1972;3;21;Pacific Coliseum;0;131;9;0;0;0;0;0;0;0;0;0;0;0;0;;;;0;0;0;0;0;0;0;0;0;0;0;0;0;0;0;0;0;0;0;0;0;0;0;0;Regular Season;0;0;0;0;0;0;0;0;0;0
10840;1972;3;22;The Forum;0;118;9;0;0;0;0;0;0;0;0;0;0;0;0;;;;0;0;0;0;0;0;0;0;0;0;0;0;0;0;0;0;0;0;0;0;0;0;0;0;Regular Season;0;0;0;0;0;0;0;0;0;0
10841;1972;3;22;Montreal Forum;0;0;3;0;0;0;0;0;0;0;0;0;0;0;0;;;;0;0;0;0;0;0;0;0;0;0;0;0;0;0;0;0;0;0;0;0;0;0;0;0;Regular Season;0;0;0;0;0;0;0;0;0;0
10842;1972;3;22;Pittsburgh Civic Arena;0;122;130;0;0;0;0;0;0;0;0;0;0;0;0;;;;0;0;0;0;0;0;0;0;0;0;0;0;0;0;0;0;0;0;0;0;0;0;0;0;Regular Season;0;0;0;0;0;0;0;0;0;0
10843;1972;3;22;St. Louis Arena;0;123;120;0;0;0;0;0;0;0;0;0;0;0;0;;;;0;0;0;0;0;0;0;0;0;0;0;0;0;0;0;0;0;0;0;0;0;0;0;0;Regular Season;0;0;0;0;0;0;0;0;0;0
10844;1972;3;23;Boston Garden;0;5;10;0;0;0;0;0;0;0;0;0;0;0;0;;;;0;0;0;0;0;0;0;0;0;0;0;0;0;0;0;0;0;0;0;0;0;0;0;0;Regular Season;0;0;0;0;0;0;0;0;0;0
10845;1972;3;23;Buffalo Memorial Auditorium;0;130;119;0;0;0;0;0;0;0;0;0;0;0;0;;;;0;0;0;0;0;0;0;0;0;0;0;0;0;0;0;0;0;0;0;0;0;0;0;0;Regular Season;0;0;0;0;0;0;0;0;0;0
10846;1972;3;23;The Spectrum;0;121;8;0;0;0;0;0;0;0;0;0;0;0;0;;;;0;0;0;0;0;0;0;0;0;0;0;0;0;0;0;0;0;0;0;0;0;0;0;0;Regular Season;0;0;0;0;0;0;0;0;0;0
10847;1972;3;24;Pacific Coliseum;0;131;3;0;0;0;0;0;0;0;0;0;0;0;0;;;;0;0;0;0;0;0;0;0;0;0;0;0;0;0;0;0;0;0;0;0;0;0;0;0;Regular Season;0;0;0;0;0;0;0;0;0;0
10848;1972;3;25;Boston Garden;0;5;8;0;0;0;0;0;0;0;0;0;0;0;0;;;;0;0;0;0;0;0;0;0;0;0;0;0;0;0;0;0;0;0;0;0;0;0;0;0;Regular Season;0;0;0;0;0;0;0;0;0;0
10849;1972;3;25;The Forum;0;118;3;0;0;0;0;0;0;0;0;0;0;0;0;;;;0;0;0;0;0;0;0;0;0;0;0;0;0;0;0;0;0;0;0;0;0;0;0;0;Regular Season;0;0;0;0;0;0;0;0;0;0
10850;1972;3;25;Montreal Forum;0;0;10;0;0;0;0;0;0;0;0;0;0;0;0;;;;0;0;0;0;0;0;0;0;0;0;0;0;0;0;0;0;0;0;0;0;0;0;0;0;Regular Season;0;0;0;0;0;0;0;0;0;0
10851;1972;3;25;The Spectrum;0;121;120;0;0;0;0;0;0;0;0;0;0;0;0;;;;0;0;0;0;0;0;0;0;0;0;0;0;0;0;0;0;0;0;0;0;0;0;0;0;Regular Season;0;0;0;0;0;0;0;0;0;0
10852;1972;3;25;Pittsburgh Civic Arena;0;122;119;0;0;0;0;0;0;0;0;0;0;0;0;;;;0;0;0;0;0;0;0;0;0;0;0;0;0;0;0;0;0;0;0;0;0;0;0;0;Regular Season;0;0;0;0;0;0;0;0;0;0
10853;1972;3;25;St. Louis Arena;0;123;9;0;0;0;0;0;0;0;0;0;0;0;0;;;;0;0;0;0;0;0;0;0;0;0;0;0;0;0;0;0;0;0;0;0;0;0;0;0;Regular Season;0;0;0;0;0;0;0;0;0;0
10854;1972;3;26;Boston Garden;0;5;0;0;0;0;0;0;0;0;0;0;0;0;0;;;;0;0;0;0;0;0;0;0;0;0;0;0;0;0;0;0;0;0;0;0;0;0;0;0;Regular Season;0;0;0;0;0;0;0;0;0;0
10855;1972;3;26;Buffalo Memorial Auditorium;0;130;122;0;0;0;0;0;0;0;0;0;0;0;0;;;;0;0;0;0;0;0;0;0;0;0;0;0;0;0;0;0;0;0;0;0;0;0;0;0;Regular Season;0;0;0;0;0;0;0;0;0;0
10856;1972;3;26;Chicago Stadium;0;8;123;0;0;0;0;0;0;0;0;0;0;0;0;;;;0;0;0;0;0;0;0;0;0;0;0;0;0;0;0;0;0;0;0;0;0;0;0;0;Regular Season;0;0;0;0;0;0;0;0;0;0
10857;1972;3;26;Madison Square Garden;0;10;119;0;0;0;0;0;0;0;0;0;0;0;0;;;;0;0;0;0;0;0;0;0;0;0;0;0;0;0;0;0;0;0;0;0;0;0;0;0;Regular Season;0;0;0;0;0;0;0;0;0;0
10858;1972;3;26;The Spectrum;0;121;131;0;0;0;0;0;0;0;0;0;0;0;0;;;;0;0;0;0;0;0;0;0;0;0;0;0;0;0;0;0;0;0;0;0;0;0;0;0;Regular Season;0;0;0;0;0;0;0;0;0;0
10859;1972;3;28;Olympia Stadium;0;9;5;0;0;0;0;0;0;0;0;0;0;0;0;;;;0;0;0;0;0;0;0;0;0;0;0;0;0;0;0;0;0;0;0;0;0;0;0;0;Regular Season;0;0;0;0;0;0;0;0;0;0
10860;1972;3;28;The Met Center;0;119;121;0;0;0;0;0;0;0;0;0;0;0;0;;;;0;0;0;0;0;0;0;0;0;0;0;0;0;0;0;0;0;0;0;0;0;0;0;0;Regular Season;0;0;0;0;0;0;0;0;0;0
10861;1972;3;28;St. Louis Arena;0;123;131;0;0;0;0;0;0;0;0;0;0;0;0;;;;0;0;0;0;0;0;0;0;0;0;0;0;0;0;0;0;0;0;0;0;0;0;0;0;Regular Season;0;0;0;0;0;0;0;0;0;0
10862;1972;3;29;Chicago Stadium;0;8;0;0;0;0;0;0;0;0;0;0;0;0;0;;;;0;0;0;0;0;0;0;0;0;0;0;0;0;0;0;0;0;0;0;0;0;0;0;0;Regular Season;0;0;0;0;0;0;0;0;0;0
10863;1972;3;29;The Forum;0;118;131;0;0;0;0;0;0;0;0;0;0;0;0;;;;0;0;0;0;0;0;0;0;0;0;0;0;0;0;0;0;0;0;0;0;0;0;0;0;Regular Season;0;0;0;0;0;0;0;0;0;0
10864;1972;3;29;Madison Square Garden;0;10;9;0;0;0;0;0;0;0;0;0;0;0;0;;;;0;0;0;0;0;0;0;0;0;0;0;0;0;0;0;0;0;0;0;0;0;0;0;0;Regular Season;0;0;0;0;0;0;0;0;0;0
10865;1972;3;29;Pittsburgh Civic Arena;0;122;120;0;0;0;0;0;0;0;0;0;0;0;0;;;;0;0;0;0;0;0;0;0;0;0;0;0;0;0;0;0;0;0;0;0;0;0;0;0;Regular Season;0;0;0;0;0;0;0;0;0;0
10866;1972;3;29;Maple Leaf Gardens;0;3;5;0;0;0;0;0;0;0;0;0;0;0;0;;;;0;0;0;0;0;0;0;0;0;0;0;0;0;0;0;0;0;0;0;0;0;0;0;0;Regular Season;0;0;0;0;0;0;0;0;0;0
10867;1972;3;30;The Spectrum;0;121;130;0;0;0;0;0;0;0;0;0;0;0;0;;;;0;0;0;0;0;0;0;0;0;0;0;0;0;0;0;0;0;0;0;0;0;0;0;0;Regular Season;0;0;0;0;0;0;0;0;0;0
10868;1972;3;31;Oakland Coliseum Arena;0;120;119;0;0;0;0;0;0;0;0;0;0;0;0;;;;0;0;0;0;0;0;0;0;0;0;0;0;0;0;0;0;0;0;0;0;0;0;0;0;Regular Season;0;0;0;0;0;0;0;0;0;0
10869;1972;3;31;Pacific Coliseum;0;131;118;0;0;0;0;0;0;0;0;0;0;0;0;;;;0;0;0;0;0;0;0;0;0;0;0;0;0;0;0;0;0;0;0;0;0;0;0;0;Regular Season;0;0;0;0;0;0;0;0;0;0
10870;1972;4;1;The Forum;0;118;120;0;0;0;0;0;0;0;0;0;0;0;0;;;;0;0;0;0;0;0;0;0;0;0;0;0;0;0;0;0;0;0;0;0;0;0;0;0;Regular Season;0;0;0;0;0;0;0;0;0;0
10871;1972;4;1;Montreal Forum;0;0;5;0;0;0;0;0;0;0;0;0;0;0;0;;;;0;0;0;0;0;0;0;0;0;0;0;0;0;0;0;0;0;0;0;0;0;0;0;0;Regular Season;0;0;0;0;0;0;0;0;0;0
10872;1972;4;1;The Spectrum;0;121;122;0;0;0;0;0;0;0;0;0;0;0;0;;;;0;0;0;0;0;0;0;0;0;0;0;0;0;0;0;0;0;0;0;0;0;0;0;0;Regular Season;0;0;0;0;0;0;0;0;0;0
10873;1972;4;1;St. Louis Arena;0;123;8;0;0;0;0;0;0;0;0;0;0;0;0;;;;0;0;0;0;0;0;0;0;0;0;0;0;0;0;0;0;0;0;0;0;0;0;0;0;Regular Season;0;0;0;0;0;0;0;0;0;0
10874;1972;4;1;Maple Leaf Gardens;0;3;10;0;0;0;0;0;0;0;0;0;0;0;0;;;;0;0;0;0;0;0;0;0;0;0;0;0;0;0;0;0;0;0;0;0;0;0;0;0;Regular Season;0;0;0;0;0;0;0;0;0;0
10875;1972;4;2;Boston Garden;0;5;3;0;0;0;0;0;0;0;0;0;0;0;0;;;;0;0;0;0;0;0;0;0;0;0;0;0;0;0;0;0;0;0;0;0;0;0;0;0;Regular Season;0;0;0;0;0;0;0;0;0;0
10876;1972;4;2;Buffalo Memorial Auditorium;0;130;121;0;0;0;0;0;0;0;0;0;0;0;0;;;;0;0;0;0;0;0;0;0;0;0;0;0;0;0;0;0;0;0;0;0;0;0;0;0;Regular Season;0;0;0;0;0;0;0;0;0;0
10877;1972;4;2;Chicago Stadium;0;8;9;0;0;0;0;0;0;0;0;0;0;0;0;;;;0;0;0;0;0;0;0;0;0;0;0;0;0;0;0;0;0;0;0;0;0;0;0;0;Regular Season;0;0;0;0;0;0;0;0;0;0
10878;1972;4;2;Madison Square Garden;0;10;0;0;0;0;0;0;0;0;0;0;0;0;0;;;;0;0;0;0;0;0;0;0;0;0;0;0;0;0;0;0;0;0;0;0;0;0;0;0;Regular Season;0;0;0;0;0;0;0;0;0;0
10879;1972;4;2;Pittsburgh Civic Arena;0;122;123;0;0;0;0;0;0;0;0;0;0;0;0;;;;0;0;0;0;0;0;0;0;0;0;0;0;0;0;0;0;0;0;0;0;0;0;0;0;Regular Season;0;0;0;0;0;0;0;0;0;0
10880;1972;4;2;Pacific Coliseum;0;131;119;0;0;0;0;0;0;0;0;0;0;0;0;;;;0;0;0;0;0;0;0;0;0;0;0;0;0;0;0;0;0;0;0;0;0;0;0;0;Regular Season;0;0;0;0;0;0;0;0;0;0
10882;1971;9;24;St. Louis Arena;7049;123;131;3;3;1;1;1;0;0;1;1;1;0;0;3862;4926;4346;60;41;30;16;35;23;13;21;4;10;26;22;8;16;12;0;4;7;10;0;0;3;0;5;Pre-Season;14;18;15;11;2;7;12;11;11;0
10884;1971;9;24;Pittsburgh Civic Arena;14512;122;119;7;4;1;3;3;0;0;2;2;0;0;0;5425;5086;5694;54;50;10;9;23;30;11;8;10;7;30;29;10;9;11;0;14;11;7;0;0;3;0;5;Pre-Season;11;18;10;14;1;8;21;14;4;3
10886;1971;9;24;Chicago Stadium;15870;8;118;3;3;1;2;0;0;0;1;0;2;0;0;4369;5685;5401;64;49;19;15;23;10;8;9;9;14;23;24;15;13;15;0;15;8;7;0;0;5;0;7;Pre-Season;10;17;17;9;11;7;16;12;9;5
10888;1971;9;24;The Spectrum;10810;121;10;5;6;1;1;3;0;0;0;3;3;0;0;3885;4731;4158;56;62;29;29;13;21;8;11;15;6;27;38;14;8;13;0;7;16;13;0;2;7;1;7;Pre-Season;8;19;17;9;3;13;25;7;10;7
10890;1971;9;24;Olympia Stadium;14203;9;0;1;5;0;1;0;0;0;2;1;2;0;0;4060;5475;5443;46;46;42;45;21;16;11;6;13;9;16;28;7;11;9;0;10;14;6;0;1;6;1;7;Pre-Season;11;16;13;2;4;8;9;12;14;3
10892;1971;9;24;Oakland Coliseum Arena;7799;120;5;2;2;2;0;0;0;0;0;1;1;0;0;5943;6356;5955;40;45;11;11;26;31;11;7;3;10;15;22;9;8;9;0;4;11;9;0;0;3;0;3;Pre-Season;6;12;10;8;4;10;13;10;11;1
10894;1971;9;24;Maple Leaf Gardens;15520;3;130;2;3;0;2;0;0;0;2;1;0;0;0;5105;5417;6160;58;49;6;12;14;20;7;9;3;7;31;19;10;17;11;0;9;12;5;0;0;6;1;4;Pre-Season;10;18;16;8;6;11;15;11;11;1
10896;1971;9;26;Madison Square Garden;17465;10;123;4;1;2;1;1;0;0;0;0;1;0;0;2831;4367;5461;56;41;22;36;25;16;13;9;10;8;27;23;14;13;10;0;11;8;6;0;1;8;1;6;Pre-Season;5;23;18;8;2;8;12;9;5;7
10898;1971;9;26;Pittsburgh Civic Arena;15189;122;121;10;0;3;5;2;0;0;0;0;0;0;0;4933;6118;4487;47;39;6;0;16;15;8;13;7;10;17;20;11;12;5;0;10;11;5;0;0;0;0;3;Pre-Season;9;14;13;8;3;5;7;16;5;6
10900;1971;9;26;The Forum;15183;118;8;2;5;1;0;1;0;0;2;1;2;0;0;5444;5701;5680;49;67;9;7;24;20;12;3;6;10;24;22;11;10;6;0;18;14;11;0;0;1;1;2;Pre-Season;12;20;12;4;1;8;20;12;13;14
10902;1971;9;26;Pacific Coliseum;9737;131;119;1;0;0;1;0;0;0;0;0;0;0;0;4621;6064;4152;27;57;22;24;26;38;13;12;6;12;18;20;1;6;6;0;16;19;6;0;0;2;0;1;Pre-Season;6;10;6;3;2;5;26;6;15;5
10904;1971;9;26;Boston Garden;10949;5;120;4;1;0;1;3;0;0;0;1;0;0;0;4763;5286;5405;48;37;7;11;24;16;3;10;15;7;18;23;3;17;6;0;10;5;10;0;1;3;0;1;Pre-Season;12;17;7;9;3;5;10;7;6;9
10906;1971;9;26;Buffalo Memorial Auditorium;7804;130;0;4;2;2;0;2;0;0;0;1;1;0;0;4934;5854;5439;45;48;17;23;27;16;6;4;8;8;25;32;5;10;9;0;7;12;3;0;1;9;0;6;Pre-Season;8;21;9;3;4;11;20;9;4;4
10908;1971;9;26;Maple Leaf Gardens;16485;3;9;6;4;2;2;2;0;0;3;1;0;0;0;5641;6401;6379;55;71;32;40;19;27;9;6;9;13;32;41;5;14;11;0;21;14;18;0;0;10;0;11;Pre-Season;11;13;19;6;6;3;28;21;8;11
10910;1971;9;27;Chicago Stadium;12791;8;130;5;4;1;4;0;0;0;1;0;3;0;0;4605;5681;5918;37;43;10;10;18;22;8;12;6;12;25;21;9;12;3;0;11;9;7;0;1;5;1;5;Pre-Season;3;18;11;4;1;6;16;7;10;4
10912;1971;9;27;Maple Leaf Gardens;14143;3;5;5;1;1;4;0;0;0;0;0;1;0;0;6168;5417;4041;44;36;2;6;16;15;8;5;9;10;20;21;10;15;6;0;5;10;4;0;0;3;0;1;Pre-Season;5;12;12;12;3;6;16;7;3;4
10914;1971;9;27;Oakland Coliseum Arena;7903;120;119;4;1;1;2;1;0;0;1;0;0;0;0;5907;6420;5943;50;34;8;6;27;25;13;11;7;8;10;21;11;15;11;0;9;4;2;0;1;3;0;4;Pre-Season;4;14;13;13;6;7;14;4;2;7
10916;1971;9;27;Olympia Stadium;11996;9;131;6;3;2;3;1;0;0;0;2;1;0;0;5260;5898;4723;56;62;26;30;18;17;10;7;7;12;26;25;7;13;16;0;12;16;9;0;1;5;0;3;Pre-Season;9;16;17;6;8;13;19;11;11;8
10918;1971;9;27;Montreal Forum;18200;0;122;5;2;0;2;3;0;0;0;1;1;0;0;5475;5265;4146;54;59;11;15;25;19;10;11;15;4;26;24;10;10;7;0;11;11;10;0;3;5;0;3;Pre-Season;12;17;13;12;0;6;27;16;4;6
10920;1971;9;27;St. Louis Arena;6595;123;118;1;3;0;0;1;0;0;2;1;0;0;0;5871;3862;4761;40;50;7;9;23;29;9;5;10;9;26;17;6;6;9;0;10;14;8;0;0;2;0;1;Pre-Season;4;18;12;5;1;6;17;14;8;5
10922;1971;9;27;The Spectrum;11424;121;10;4;3;2;1;1;0;0;0;0;3;0;0;5868;4729;5957;48;65;6;6;13;12;7;8;8;10;25;20;7;8;12;0;6;17;18;0;0;4;0;3;Pre-Season;10;19;12;4;3;11;19;16;10;9
10924;1971;9;29;Pacific Coliseum;11081;131;120;3;0;1;0;2;0;0;0;0;0;0;0;4621;4926;4739;35;48;13;9;30;30;7;7;7;10;18;24;7;6;3;0;14;9;8;0;0;2;0;4;Pre-Season;12;9;11;3;0;7;15;11;12;3
10926;1971;9;29;The Met Center;6612;119;8;2;3;0;2;0;0;0;0;3;0;0;0;4369;6327;4940;39;43;36;38;28;18;5;13;13;8;17;28;5;11;7;0;6;13;9;0;0;4;0;3;Pre-Season;5;22;6;4;2;7;12;9;7;8
10928;1971;9;29;Boston Garden;10750;5;9;3;4;0;1;2;0;0;1;1;2;0;0;6151;5286;4939;48;48;16;18;23;12;7;6;7;4;21;30;3;5;11;0;11;13;8;0;1;4;0;3;Pre-Season;12;22;10;1;3;7;13;9;12;7
10930;1971;9;29;Montreal Forum;18200;0;3;2;5;1;1;0;0;0;1;4;0;0;0;5398;5246;5077;50;65;11;11;30;16;7;8;9;9;26;24;11;10;10;0;10;14;10;0;1;3;0;3;Pre-Season;6;15;22;5;2;10;19;13;17;6
10932;1971;9;29;Buffalo Memorial Auditorium;8240;130;122;3;6;1;0;2;0;0;4;0;2;0;0;5856;5425;6148;25;42;6;8;15;10;14;15;15;3;26;18;5;7;5;0;10;4;9;0;1;4;0;3;Pre-Season;3;10;8;1;3;8;12;1;17;4
10934;1971;9;29;Madison Square Garden;17209;10;118;2;6;1;0;1;0;0;1;3;2;0;0;4761;5477;6189;55;54;13;23;31;17;6;6;3;17;18;15;10;15;7;0;6;17;7;0;0;4;0;4;Pre-Season;10;21;8;10;6;13;13;13;10;5
10936;1971;9;29;St. Louis Arena;6278;123;121;4;1;1;1;2;0;0;0;1;0;0;0;5196;4922;5094;48;46;13;13;27;19;6;14;12;10;24;24;8;8;8;0;7;12;8;0;0;4;0;4;Pre-Season;9;18;16;3;2;5;16;14;6;5
10938;1971;9;30;Montreal Forum;16622;0;119;6;0;3;2;1;0;0;0;0;0;0;0;5443;5854;5473;40;30;17;25;29;14;12;5;3;12;28;23;13;9;6;0;4;10;4;0;1;5;0;6;Pre-Season;6;11;9;7;7;4;12;4;3;7
10940;1971;9;30;Olympia Stadium;11784;9;130;4;0;1;2;1;0;0;0;0;0;0;0;4598;3695;5898;47;49;14;14;25;19;17;14;9;12;31;27;11;7;8;0;7;10;10;0;0;7;0;7;Pre-Season;9;18;12;5;3;9;22;8;7;3
10942;1971;9;30;Pittsburgh Civic Arena;15132;122;10;2;5;0;2;0;0;0;2;1;2;0;0;2831;5078;5106;69;80;43;51;22;31;15;6;9;7;27;31;8;16;14;0;14;25;13;0;1;3;0;4;Pre-Season;13;28;14;11;3;7;16;25;17;15
10944;1971;9;30;Chicago Stadium;12201;8;5;4;1;1;1;2;0;0;0;1;0;0;0;5288;5447;5273;45;35;28;36;28;25;6;12;7;9;29;17;16;7;13;0;4;5;3;0;2;4;1;4;Pre-Season;4;19;14;7;1;6;20;4;3;2
10946;1971;9;30;The Forum;14381;118;121;4;4;1;1;2;0;0;1;2;1;0;0;5715;5073;5684;53;64;25;29;18;14;8;6;12;3;20;36;6;7;10;0;7;16;19;0;0;2;1;5;Pre-Season;10;23;11;5;4;10;15;13;12;14
10948;1971;9;30;Oakland Coliseum Arena;8320;120;123;1;5;0;1;0;0;0;0;2;3;0;0;5232;3967;4037;38;54;28;10;33;28;8;8;2;10;19;24;9;5;4;0;8;14;16;0;0;0;1;4;Pre-Season;6;11;17;2;2;4;19;15;10;6
10950;1971;9;30;Maple Leaf Gardens;16010;3;131;1;2;1;0;0;0;0;0;2;0;0;0;4758;4938;4378;58;53;23;5;22;16;7;12;10;8;21;27;10;18;12;0;8;14;4;0;0;0;1;4;Pre-Season;5;19;20;5;9;13;21;11;6;2
10952;1971;10;2;Madison Square Garden;17602;10;121;4;0;2;1;1;0;0;0;0;0;0;0;3885;5058;2831;54;39;12;12;40;22;8;8;8;16;20;24;13;12;10;0;5;6;14;0;0;6;0;6;Pre-Season;10;19;17;4;4;6;6;13;11;3
10954;1971;10;2;Pacific Coliseum;12578;131;3;0;3;0;0;0;0;0;2;0;1;0;0;4735;4377;4475;50;60;22;12;23;11;7;15;12;7;18;25;17;7;5;0;10;5;11;0;0;1;0;1;Pre-Season;7;19;18;5;1;9;17;11;15;8
10956;1971;10;2;The Met Center;7011;119;130;0;5;0;0;0;0;0;2;2;1;0;0;5439;4372;6346;24;41;44;40;19;17;3;9;5;6;12;29;3;3;2;0;13;10;7;0;0;5;1;6;Pre-Season;8;11;3;1;1;3;13;9;9;7
10958;1971;10;2;Chicago Stadium;14396;8;122;5;1;2;3;0;0;0;0;0;1;0;0;4940;5444;4605;49;40;17;11;27;18;8;15;18;8;20;19;15;13;4;0;8;4;8;0;1;3;0;1;Pre-Season;4;19;15;9;2;12;12;10;5;1
10960;1971;10;2;St. Louis Arena;7068;123;9;5;3;1;2;2;0;0;0;2;1;0;0;3967;4619;4744;54;60;23;39;36;29;2;14;15;13;27;37;12;9;13;0;10;11;9;0;1;7;0;4;Pre-Season;9;18;18;7;2;8;22;12;10;8
10962;1971;10;2;The Forum;16005;118;120;2;3;1;1;0;0;0;2;0;1;0;0;5096;5278;5955;45;46;8;12;23;23;9;7;12;10;22;23;7;4;8;0;13;5;8;0;1;6;0;4;Pre-Season;12;20;11;1;1;5;19;11;7;4
10964;1971;10;2;Boston Garden;13730;5;0;3;1;0;3;0;0;0;1;0;0;0;0;5405;5443;5659;46;47;23;13;23;23;12;9;10;11;24;16;6;8;8;0;8;10;9;0;0;4;0;4;Pre-Season;10;22;10;2;2;8;17;9;10;3
10966;1971;10;3;Pittsburgh Civic Arena;15040;122;8;6;3;1;2;3;0;0;1;1;1;0;0;4466;5654;5694;40;51;39;23;15;16;11;7;8;14;21;28;10;7;7;0;9;10;7;0;0;4;1;7;Pre-Season;5;15;9;10;1;11;18;11;9;2
10968;1971;10;3;Maple Leaf Gardens;15910;3;118;4;4;3;0;1;0;0;2;1;1;0;0;5402;5715;6128;50;47;13;21;25;12;8;5;6;6;22;25;10;8;7;0;11;6;11;0;1;3;0;4;Pre-Season;14;19;10;3;4;9;11;13;12;2
10970;1971;10;3;Pacific Coliseum;11034;131;5;1;6;1;0;0;0;0;3;0;3;0;0;5286;5082;6146;52;40;2;4;26;20;6;5;7;13;24;20;9;14;2;0;8;5;11;0;1;2;1;1;Pre-Season;8;22;13;7;2;8;11;9;10;2
10972;1971;10;3;Montreal Forum;18200;0;121;4;1;2;2;0;0;0;1;0;0;0;0;4756;5075;4060;51;35;18;32;28;20;7;11;12;9;24;23;12;12;7;0;11;4;8;0;1;6;0;4;Pre-Season;8;19;12;10;2;6;12;9;5;3
10974;1971;10;3;Olympia Stadium;12951;9;10;3;3;2;0;1;0;0;1;1;1;0;0;3695;6101;6374;55;51;30;18;21;19;14;14;11;7;25;37;3;11;12;0;9;13;7;0;0;4;0;5;Pre-Season;16;18;12;5;4;7;20;10;9;5
10976;1971;10;3;Oakland Coliseum Arena;7131;120;119;1;3;0;1;0;0;0;1;0;2;0;0;4483;5714;4742;29;42;8;10;25;23;17;13;14;15;23;29;6;8;6;0;13;4;10;0;0;5;0;4;Pre-Season;3;12;10;2;2;9;16;5;5;7
10978;1971;10;3;Buffalo Memorial Auditorium;7202;130;123;3;2;0;2;1;0;0;0;0;2;0;0;6183;4346;6346;43;42;23;27;26;22;9;12;11;6;28;25;6;14;9;0;5;8;9;0;0;7;0;4;Pre-Season;6;17;12;5;3;12;14;10;6;0
