Game Id;Period;Time;Scorer;Assist 1;Assist 2;TeamId;Note;SQ
7845;1;615;3885;4149;4743;5;ES;1
7845;1;874;4471;;;5;ES;3
7845;2;323;4723;4939;4139;9;ES;3
7845;3;11;4374;;;5;ES;4
7845;3;1077;4146;5082;5659;5;ES;2
7845;3;1112;4619;5260;3883;9;ES;1
7845;3;1196;4471;3885;;5;ES, ENG;1
7846;1;327;4940;5680;4605;8;ES;4
7846;1;825;5196;3967;4366;123;ES;1
7846;2;37;3433;4760;4353;8;ES;3
7846;2;386;4940;4353;5701;8;ES;3
7846;2;1043;4760;5061;4372;8;ES;1
7847;2;598;3867;4734;4061;119;ES;3
7847;2;894;4759;;;120;SH;2
7847;3;487;5458;5238;4065;120;ES;2
7848;1;58;4060;5475;5265;0;ES;3
7848;1;128;5075;4756;5265;0;PP;3
7848;1;639;3328;4941;4763;0;ES;3
7848;3;541;4380;5092;5265;0;ES;3
7848;3;959;4349;5475;4756;0;ES;4
7848;3;1072;4349;4160;5107;0;ES;3
7848;3;1199;4354;5654;5678;122;ES;4
7849;1;47;4346;5232;4497;123;ES;2
7849;2;370;4948;4840;4761;118;PP;4
7849;2;920;4473;4922;4465;123;ES;2
7849;3;1164;4473;4465;4357;123;ES;1
7849;3;1198;3862;;;123;ES;4
7850;1;556;4152;4146;3885;5;ES;2
7850;1;806;3337;4471;4743;5;ES;1
7850;1;1121;3885;4743;4373;5;SH;4
7850;2;279;5286;4762;;5;ES;3
7850;2;889;5286;4743;4373;5;ES;1
7851;1;539;3455;4158;4367;10;ES;3
7851;1;944;5288;5701;4940;8;PP;1
7851;2;610;3667;4355;4158;10;ES;3
7851;2;739;4957;5078;4729;10;ES;1
7851;2;969;4381;2831;4729;10;ES;3
7851;3;879;4381;5058;3869;10;ES;3
7852;1;215;4723;4939;5073;9;ES;4
7852;1;1054;4138;3131;5398;3;ES;3
7852;2;658;4601;5417;3450;3;ES;3
7852;2;689;5073;5109;3695;9;ES;1
7852;3;816;4768;4138;3450;3;ES;1
7853;2;591;5416;4737;4751;120;PP;4
7853;2;902;5233;5684;4761;118;ES;3
7854;2;354;4940;5701;5288;8;ES;3
7854;2;687;4353;5061;4351;8;ES;3
7854;3;496;4940;5680;4369;8;ES;3
7854;3;923;4742;4501;5227;119;ES;3
7855;1;600;4729;4158;3869;10;ES;3
7855;2;356;4367;2831;4729;10;ES;1
7855;2;879;4617;3318;4148;121;ES;4
7855;2;1097;4747;4355;4957;10;ES;2
7855;3;323;4355;4747;3053;10;ES;2
7856;1;748;3434;3337;4962;5;ES;3
7856;2;14;3885;4146;4374;5;ES;3
7856;3;537;4374;4373;5659;5;ES;2
7856;3;662;5072;;;120;PP;2
7857;1;273;5473;5475;4349;0;ES;2
7857;1;1020;4763;4380;5092;0;ES;3
7857;1;1172;5075;4380;5473;0;ES;3
7857;2;60;5075;5473;5092;0;ES;3
7857;2;437;3862;4473;3958;123;ES;2
7857;2;1003;4349;4160;5075;0;ES;2
7857;3;833;5232;3958;4346;123;ES;3
7857;3;854;4060;5475;5265;0;ES;3
7857;3;1093;4357;4473;4465;123;ES;1
7858;2;845;5654;4354;4942;122;ES;3
7858;3;28;4601;4475;4377;3;ES;2
7858;3;584;4365;5398;5417;3;ES;2
7858;3;645;4475;5246;3450;3;ES;2
7858;3;1018;4138;4768;4072;3;ES;3
7859;1;1197;5109;4139;;9;PP;1
7859;2;48;5058;5269;;10;ES;2
7859;2;671;4729;2831;4367;10;ES;2
7859;3;368;4488;3695;5094;9;ES;2
7859;3;596;4355;4747;4040;10;ES;3
7860;1;236;5236;;;118;ES;1
7860;1;357;5477;5287;5239;118;ES;2
7860;1;594;4146;;;5;ES;3
7860;1;997;4146;5659;4743;5;ES;3
7860;3;366;4762;4743;4149;5;ES;2
7860;3;1198;4471;4149;4044;5;SH, ENG;3
7861;2;205;4060;5265;5107;0;PP;2
7861;2;800;5075;5107;4756;0;PP;4
7861;3;495;3328;4941;4160;0;ES;3
7862;1;80;5425;3879;5231;121;ES;3
7862;1;140;3685;4617;4148;121;ES;3
7862;1;1181;3957;4721;5425;121;ES;1
7862;2;471;4469;4350;4066;122;ES;4
7862;2;482;5694;4466;4929;122;ES;3
7862;3;1036;4617;4077;4071;121;ES;2
7862;3;1171;4721;4617;4071;121;ES, ENG;1
7863;1;736;5704;4627;3947;119;ES;3
7864;1;319;4466;4469;4942;122;ES;2
7864;1;941;4469;4466;4942;122;ES;2
7864;2;302;4487;4469;4466;122;ES;1
7864;2;1182;4962;3885;4152;5;PP;3
7864;3;148;4374;4762;4373;5;SH;3
7864;3;381;4762;4149;4044;5;ES;3
7864;3;408;4149;5286;5659;5;ES;3
7865;1;26;4490;3967;5232;123;ES;1
7865;1;825;5232;4346;4497;123;ES;3
7865;1;1196;4357;4922;4465;123;ES;3
7865;2;128;3862;4366;3958;123;ES;2
7865;2;456;4751;4494;;120;ES;3
7865;2;953;4346;5232;4366;123;ES;4
7866;1;269;4475;5246;4377;3;ES;2
7866;1;475;4371;5447;5701;8;ES;3
7866;1;904;4365;5398;4768;3;ES;3
7866;1;1159;4371;4940;4353;8;ES;3
7866;2;730;5398;5246;4768;3;ES;2
7866;3;413;4154;3450;4138;3;ES;3
7866;3;433;4369;4940;4351;8;ES;3
7866;3;961;4072;5246;4377;3;ES;4
7866;3;1061;4154;;;3;ES, ENG;2
7867;2;31;4369;4940;4351;8;ES;4
7867;2;488;4065;4751;;120;ES;3
7867;2;567;5701;4353;5061;8;PP;2
7867;3;476;4754;5072;4737;120;PP;1
7868;2;594;3667;4483;4723;9;ES;1
7868;2;612;4139;3695;4619;9;ES;2
7868;2;906;3328;4763;4941;0;ES;3
7869;2;1064;5105;5703;5287;118;PP;1
7869;2;1092;3869;5078;4729;10;ES;1
7870;1;341;5416;5072;4751;120;PP;3
7870;2;1104;4061;;;119;ES;3
7871;1;140;4761;5088;5233;118;ES;2
7871;1;364;5236;4761;4948;118;ES;1
7871;3;590;4761;;;118;ES;3
7871;3;1038;3328;4060;5265;0;ES;4
7871;3;1060;5475;5443;4349;0;ES;1
7871;3;1199;5088;5239;4840;118;ES, ENG;2
7872;1;698;4737;5416;4751;120;PP;3
7872;1;1124;4729;5058;3869;10;PP;3
7872;1;1138;4065;5416;4759;120;ES;3
7872;2;267;5714;4494;4492;120;ES;3
7872;2;601;5461;4040;3869;10;ES;3
7872;2;809;5461;5058;4158;10;ES;1
7872;2;1030;5058;4158;;10;ES;3
7872;3;458;4754;4751;5416;120;PP;1
7872;3;531;5078;4367;5461;10;PP;3
7872;3;562;5058;4381;3455;10;ES;1
7872;3;622;4381;5058;3869;10;ES;3
7872;3;889;4381;3053;5269;10;ES;4
7873;2;385;5061;5447;4760;8;ES;3
7873;2;600;4350;3688;4469;122;ES;2
7873;2;1051;4354;4066;;122;SH;3
7873;3;1100;5694;4466;4609;122;ES;2
7873;3;1184;4350;4487;4469;122;ES, ENG;1
7874;1;47;4601;4768;4475;3;ES;3
7874;1;96;4072;4365;4138;3;ES;2
7874;1;106;4475;4601;5246;3;ES;4
7874;1;343;5232;4357;3967;123;PP;3
7874;1;352;4037;4473;5196;123;ES;3
7874;1;406;4604;3862;5196;123;ES;3
7874;1;916;4601;4768;4475;3;ES;4
7874;2;324;3967;4346;4497;123;ES;3
7874;2;625;5398;4365;4768;3;ES;2
7874;2;759;3862;4604;4922;123;ES;3
7874;3;189;3862;4497;4366;123;ES;4
7874;3;611;5398;4365;4475;3;ES;2
7874;3;987;4365;4154;4377;3;ES;3
7874;3;1190;4072;4154;4348;3;ES, ENG;3
7875;1;312;3862;4465;4490;123;ES;2
7875;2;80;3967;4922;5232;123;PP;3
7875;2;242;4149;4146;4373;5;ES;2
7875;2;751;4374;3885;4146;5;ES;2
7875;3;97;4146;4149;5082;5;ES;4
7875;3;832;4146;4152;4044;5;ES;2
7875;3;909;4152;4374;4044;5;PP;3
7875;3;1197;4149;3337;4471;5;ES;2
7876;2;840;5231;5425;;121;ES;2
7876;2;1053;4721;5425;4502;121;ES;2
7876;3;766;5704;3947;4742;119;ES;3
7877;2;56;5080;4737;5214;120;ES;3
7877;3;199;4060;5475;5265;0;ES;3
7878;2;271;4721;4823;5425;121;ES;4
7878;3;894;3318;5425;3864;121;PP;3
7878;3;1171;5278;5201;5703;118;ES;1
7879;2;265;5058;5461;3869;10;ES;4
7879;2;494;4608;3320;4734;119;ES;1
7879;3;947;5461;4355;4158;10;ES;2
7880;2;38;4469;4350;4487;122;ES;3
7880;2;73;4767;4487;4469;122;ES;1
7880;2;284;4346;3967;4497;123;ES;1
7880;2;600;4922;4473;4465;123;SH;3
7880;2;1107;3967;5232;3136;123;PP;3
7880;3;133;5654;4942;5678;122;ES;3
7880;3;337;5678;4066;5086;122;ES;3
7880;3;1127;4487;4469;4350;122;ES;2
7881;1;58;4146;;;5;ES;4
7881;1;105;4962;4374;4743;5;ES;4
7881;1;678;4146;5286;3337;5;ES;3
7881;1;894;3131;4758;5417;3;ES;4
7881;2;597;4601;4377;5246;3;ES;4
7881;2;727;4149;4471;5082;5;SH;3
7881;2;1081;4758;5246;4601;3;ES;1
7881;3;1039;3885;4146;5082;5;ES;3
7881;3;1196;4044;;;5;ES, ENG;1
7882;1;165;3328;5443;4941;0;ES;1
7882;2;530;4149;4962;3434;5;ES;2
7882;3;1143;4152;3885;4962;5;ES;2
7883;1;498;4939;3695;5109;9;ES;3
7883;2;409;4741;4940;5288;8;ES;3
7883;2;844;4483;4376;5073;9;PP;2
7883;2;920;3667;4139;5244;9;ES;2
7883;2;962;4939;5109;3883;9;ES;3
7883;3;293;3695;4483;;9;ES;2
7883;3;422;4723;4376;4483;9;ES;1
7884;1;511;5246;4154;4768;3;ES;3
7884;1;569;5461;4381;5058;10;ES;2
7884;2;836;4747;;;10;ES;4
7884;2;888;5398;4475;4495;3;ES;3
7884;2;983;5246;3450;4365;3;ES;4
7884;2;1083;5078;4367;2831;10;ES;3
7884;2;1142;4355;5058;4747;10;ES;3
7884;2;1185;4475;5246;4377;3;ES;3
7885;1;246;3685;5425;3856;121;ES;4
7885;1;1080;5458;5080;5072;120;ES;3
7885;2;164;4737;4494;5458;120;ES;2
7885;2;237;4721;4617;3318;121;ES;3
7885;2;699;3685;4502;4071;121;ES;3
7885;2;896;4751;5416;5072;120;PP;2
7885;2;941;5231;4721;4823;121;ES;4
7886;1;54;4940;4369;5701;8;ES;3
7886;2;1196;4371;5288;4369;8;PP;3
7886;3;49;5061;4372;5447;8;ES;2
7887;1;900;4146;4152;4743;5;ES;4
7887;2;213;4152;4762;4743;5;ES;2
7888;2;855;4729;2831;4158;10;ES;2
7888;2;884;5097;4469;3688;122;ES;2
7888;2;1008;4350;;;122;ES;3
7888;3;1046;5654;4354;4929;122;ES;3
7888;3;1181;4469;4767;5694;122;ES, ENG;3
7889;1;340;3685;4617;3957;121;ES;3
7889;1;572;3685;4077;5425;121;PP;3
7889;1;671;4490;3967;4922;123;PP;1
7889;2;328;3862;4490;;123;ES;3
7889;3;541;4346;4604;4357;123;ES;4
7889;3;565;3862;4604;4037;123;ES;1
7889;3;900;3957;4617;;121;ES;3
7890;1;150;4763;4941;3328;0;ES;3
7890;1;573;4601;5246;4348;3;ES;3
7890;1;879;5075;5107;4756;0;PP;4
7890;2;224;3328;;;0;ES;4
7890;2;243;4601;4475;4348;3;ES;2
7890;3;724;4601;4072;3450;3;ES;1
7890;3;752;3328;4763;4474;0;ES;3
7890;3;759;4475;4138;4601;3;ES;2
7891;2;1016;3434;4374;4743;5;ES;3
7891;3;158;4149;3337;3885;5;ES;3
7891;3;1199;4152;4146;3885;5;ES, ENG;2
7892;1;660;2831;4747;4957;10;SH;2
7892;1;980;3957;4730;4721;121;ES;1
7892;1;1092;3053;4729;;10;ES;1
7892;1;1107;4730;3318;4721;121;ES;2
7892;2;657;3053;4747;4381;10;ES;1
7892;2;1089;4158;3869;4381;10;ES;3
7892;3;227;4040;4747;4355;10;ES;3
7892;3;251;5058;5461;4957;10;ES;3
7893;2;71;4594;5238;4737;120;ES;1
7893;3;117;5458;4492;5080;120;ES;3
7893;3;1172;5416;5080;5214;120;SH, ENG;2
7894;1;90;5287;5477;5703;118;PP;2
7894;1;909;5477;5684;5703;118;PP;3
7894;1;938;5654;4487;4466;122;ES;3
7894;1;988;4615;5278;5703;118;ES;2
7895;1;86;5109;4719;3695;9;ES;4
7895;1;529;4060;5107;4380;0;PP;3
7895;1;1037;4060;5107;5265;0;PP;3
7895;2;572;4060;4380;5265;0;ES;3
7895;2;1099;3328;5092;4941;0;ES;3
7895;3;1188;4060;5475;5107;0;ES;2
7896;1;285;3967;4153;4037;123;ES;1
7896;1;420;4926;5045;4742;119;ES;4
7896;2;539;4608;4501;4742;119;ES;3
7896;2;806;4473;4497;4357;123;ES;3
7896;2;1003;4346;4473;4465;123;ES;3
7896;3;1174;4742;5733;4926;119;ES;3
7896;3;1199;4501;4061;3867;119;ES;4
7897;1;204;5417;3450;4601;3;ES;3
7897;1;700;4601;5398;3450;3;ES;2
7897;1;1070;3450;5398;4154;3;ES;1
7897;1;1200;4601;4475;4768;3;ES;2
7897;2;177;3131;4154;4041;3;ES;3
7897;2;626;4601;4475;4041;3;ES;3
7898;1;411;5061;4372;5288;8;ES;3
7898;2;582;4373;4146;3885;5;ES;1
7898;2;611;4940;4369;5288;8;SH;3
7898;2;832;4940;5288;4369;8;ES;2
7898;2;849;4152;4374;4044;5;ES;4
7898;3;1171;5680;4605;4353;8;ES, ENG;2
7899;1;115;3883;4619;4488;9;ES;3
7899;1;1046;4723;4488;4139;9;ES;3
7899;1;1152;4604;4465;4490;123;ES;4
7899;2;363;4723;4376;3695;9;PP;3
7899;3;646;4723;3667;4939;9;ES;2
7899;3;1155;5094;4723;4376;9;ES;3
7900;1;383;3947;5045;4734;119;ES;2
7900;1;814;4381;3869;4957;10;ES;3
7900;2;242;4355;4158;4747;10;ES;3
7900;2;265;5078;4729;2831;10;ES;2
7900;2;1052;2831;3455;4957;10;ES;4
7900;3;42;5078;2831;4729;10;ES;3
7900;3;791;5078;4729;4957;10;ES;2
7901;1;601;4469;4354;4066;122;ES;2
7901;2;80;5654;5678;4354;122;ES;3
7901;2;335;5080;5458;4737;120;ES;3
7901;2;1197;5694;4066;5654;122;ES;4
7901;3;585;4487;;;122;ES;3
7901;3;1196;4609;5694;3688;122;ES;2
7902;1;477;4380;5443;5107;0;ES;2
7902;1;489;5075;4060;5092;0;ES;3
7902;1;866;4941;5475;4380;0;ES;2
7902;2;274;4349;5092;4160;0;ES;4
7902;2;388;4349;4756;4380;0;ES;3
7902;2;876;5075;5473;5107;0;ES;3
7902;2;1070;5107;5475;5092;0;ES;3
7902;2;1192;5265;4380;5473;0;ES;3
7902;3;71;4060;5475;5092;0;ES;3
7902;3;921;3318;4730;3856;121;ES;2
7903;1;246;4743;3434;;5;ES;2
7903;1;856;4374;4743;5286;5;ES;1
7903;1;1070;4146;4152;5659;5;ES;2
7903;2;528;3885;4146;4152;5;ES;3
7903;2;962;5231;3879;5425;121;ES;3
7903;3;954;3885;4152;4146;5;ES;3
7904;2;174;4488;4719;3695;9;ES;3
7904;2;231;5061;5447;;8;ES;3
7904;2;467;5109;3695;4483;9;ES;4
7904;2;978;4940;4369;5288;8;PP;4
7904;2;1197;4939;;;9;ES;4
7904;3;168;3883;3667;5244;9;ES;1
7904;3;499;4723;3667;4939;9;PP;4
7905;1;240;5078;4367;2831;10;PP;3
7905;3;321;2831;5078;4729;10;ES;3
7905;3;658;5088;5105;4761;118;ES;2
7906;1;19;5733;3867;3320;119;ES;2
7906;1;171;4501;4608;4734;119;ES;2
7906;2;773;3131;4154;5414;3;ES;3
7906;2;1025;4501;3947;4061;119;PP;2
7906;3;241;3131;3450;5417;3;PP;2
7906;3;611;4742;;;119;ES;4
7906;3;902;4601;4348;5398;3;ES;4
7907;1;531;5654;5097;4066;122;SH;2
7907;1;1093;4346;4473;4922;123;ES;3
7907;1;1103;5654;5678;4929;122;ES;2
7907;1;1170;3958;5232;4366;123;ES;4
7907;1;1196;4609;5097;4466;122;ES;2
7907;2;97;5654;4354;4767;122;ES;2
7907;2;294;5086;4609;5694;122;ES;2
7907;2;305;4465;4357;4473;123;ES;3
7907;2;1076;4487;4469;4942;122;ES;3
7907;3;61;4609;5694;5086;122;ES;3
7907;3;124;4767;4469;4942;122;ES;1
7907;3;394;5654;4487;4929;122;ES;2
7907;3;807;4604;3958;4366;123;ES;3
7908;1;55;4723;3667;4939;9;ES;3
7908;1;101;4501;5208;4742;119;ES;4
7908;1;710;3883;4939;4719;9;ES;4
7908;2;306;4483;5073;5094;9;ES;4
7908;2;389;4723;3883;4139;9;ES;2
7908;2;491;4627;3867;;119;ES;1
7908;2;1119;4488;3695;5244;9;ES;4
7908;3;1030;4939;4723;3667;9;PP;3
7909;1;192;3328;4941;4756;0;ES;2
7909;1;621;4349;5092;;0;ES;2
7909;1;876;4354;5654;5678;122;ES;2
7909;3;244;4060;5075;;0;PP;2
7909;3;504;5654;4354;5678;122;ES;3
7909;3;510;5075;4160;5107;0;ES;2
7909;3;874;4060;4756;5075;0;PP;3
7909;3;1090;4060;5475;5265;0;ES;2
7910;1;78;4037;3862;4497;123;ES;1
7910;1;500;3967;5232;4490;123;PP;3
7910;1;508;3862;4465;4037;123;ES;3
7910;2;859;4604;;;123;ES;4
7910;2;921;4357;4490;3958;123;ES;2
7910;3;473;3957;3685;4071;121;ES;3
7910;3;1149;4473;4153;4922;123;ES;3
7911;2;418;4492;5080;4065;120;ES;1
7911;2;859;5058;2831;4158;10;ES;3
7911;2;931;4729;4381;5269;10;ES;3
7911;3;1186;4729;5461;4158;10;ES, ENG;2
7912;2;180;5398;4475;3131;3;PP;3
7912;3;675;3131;4138;4348;3;ES;3
7913;2;164;4723;3883;4939;9;ES;3
7913;2;771;4488;4723;4619;9;ES;3
7913;2;1015;5227;4734;4742;119;ES;1
7914;1;584;5475;4380;4756;0;ES;3
7914;1;981;4756;5075;4060;0;PP;1
7914;1;1057;5232;4490;3967;123;PP;3
7914;2;274;4060;5075;5265;0;ES;2
7914;2;614;4941;3328;4160;0;ES;2
7914;2;929;5475;5092;4060;0;ES;2
7914;2;1033;5075;4380;4349;0;ES;3
7914;3;384;3328;4941;5107;0;ES;2
7914;3;546;4349;5075;5473;0;ES;2
7914;3;1008;3328;4349;4160;0;ES;3
7915;1;105;4469;4487;4350;122;ES;2
7915;1;856;4469;4942;5086;122;ES;3
7915;1;1113;4609;5694;4942;122;ES;4
7915;2;513;4354;3688;5678;122;SH;2
7915;2;879;5694;3688;4929;122;ES;2
7915;3;109;4609;4767;5694;122;ES;3
7915;3;664;5097;4942;3688;122;ES;3
7916;3;213;4357;5232;4366;123;ES;3
7916;3;1143;4604;4037;3862;123;ES, ENG;1
7916;3;1199;4465;4473;4346;123;ES;3
7917;1;137;4040;5078;3053;10;ES;3
7917;1;448;3433;4741;5288;8;ES;3
7917;1;519;4940;5288;4369;8;PP;1
7917;1;860;5461;2831;4367;10;PP;1
7917;2;573;4369;4940;4605;8;ES;3
7917;2;983;4353;4372;5288;8;ES;3
7917;2;1165;4369;4371;5680;8;ES;3
7917;3;52;4371;4369;4351;8;ES;3
7918;1;74;5475;4060;5265;0;ES;3
7918;1;827;5094;5109;4483;9;ES;1
7918;1;860;3883;5094;4376;9;ES;2
7918;1;945;3667;4483;4723;9;ES;2
7918;2;12;5075;4060;4160;0;ES;3
7918;2;383;4139;5073;3695;9;ES;2
7918;3;1158;4723;3667;5094;9;ES, ENG;2
7919;1;139;5072;4065;4494;120;ES;1
7919;1;609;4138;4377;4495;3;ES;2
7919;1;911;4365;3450;4138;3;PP;4
7920;3;299;4761;5088;4948;118;ES;3
7920;3;881;5684;5477;5287;118;ES;2
7921;2;400;4469;4767;4487;122;ES;3
7921;2;617;4609;4929;;122;ES;3
7921;3;73;4609;3688;5097;122;PP;3
7921;3;87;4369;4940;5061;8;ES;2
7921;3;379;4369;4605;4371;8;ES;2
7921;3;985;4371;5288;5701;8;PP;2
7922;1;204;4926;4501;4953;119;ES;2
7922;2;37;5425;4502;5231;121;ES;3
7922;3;83;3879;5231;4362;121;ES;3
7922;3;1179;3685;4730;3318;121;ES;3
7923;1;251;2831;5078;3053;10;ES;2
7923;1;953;4604;5232;4357;123;ES;3
7923;2;716;5058;5461;4381;10;ES;1
7923;3;817;3967;4497;4357;123;ES;3
7923;3;924;4381;5461;3869;10;ES;3
7923;3;1163;4158;;;10;ES, ENG;2
7924;1;914;4939;4723;4376;9;PP;4
7924;2;136;5214;4754;5080;120;ES;1
7924;2;309;4494;5214;5714;120;ES;3
7924;2;815;5458;5080;4065;120;ES;3
7924;3;194;4723;3883;4483;9;ES;3
7925;1;43;4146;3885;4152;5;ES;2
7925;1;643;3131;4154;4348;3;ES;1
7925;2;27;5398;4475;4348;3;ES;2
7925;2;388;5398;5414;4601;3;ES;2
7925;2;461;5082;4374;4962;5;ES;1
7925;2;639;4601;4041;4154;3;ES;4
7925;2;977;3885;4146;4373;5;ES;2
7925;3;1130;4374;4471;4373;5;ES;4
7926;1;1161;5105;5684;5477;118;PP;1
7926;2;327;5239;5684;5477;118;ES;1
7926;2;586;5233;5088;4959;118;ES;3
7926;2;600;4723;3667;4483;9;ES;3
7926;2;835;4488;4483;4376;9;ES;3
7926;2;1179;4723;4619;5244;9;ES;4
7926;3;470;4488;5094;3883;9;ES;4
7926;3;893;5477;5236;5703;118;ES;1
7926;3;930;5703;5287;5477;118;PP;1
7926;3;949;5088;;;118;ES;4
7926;3;1004;5105;5684;4924;118;PP;1
7927;1;304;5075;4941;4763;0;ES;2
7927;2;161;4475;4348;4377;3;ES;3
7927;2;273;5475;4763;4474;0;ES;2
7927;2;797;4060;4941;5107;0;ES;2
7927;3;127;5075;4474;5473;0;ES;3
7928;1;733;4149;4762;4743;5;ES;3
7928;1;817;4730;3318;;121;ES;3
7928;1;828;4721;3318;4071;121;ES;2
7928;2;915;3885;4152;5082;5;ES;4
7928;3;606;3337;4146;3885;5;PP;1
7928;3;992;3318;4362;3856;121;ES;2
7929;1;128;5678;5654;5086;122;ES;3
7929;1;416;5678;4929;3688;122;SH;1
7929;1;785;3433;4351;4741;8;ES;2
7929;1;1046;4469;4350;4487;122;ES;2
7929;2;985;5678;3688;4354;122;ES;3
7929;3;817;4609;5694;5086;122;ES;2
7929;3;1005;5447;4940;4351;8;ES;3
7930;2;126;3320;3867;5438;119;ES;2
7930;2;235;5703;5236;5684;118;ES;3
7930;2;758;4501;;;119;PP;3
7930;3;181;5684;5703;5233;118;ES;3
7930;3;1055;5233;;;118;ES;3
7931;1;541;5475;5473;5265;0;ES;2
7931;2;706;4060;5475;5107;0;ES;3
7931;2;736;5072;4737;4751;120;PP;1
7931;2;869;4737;5214;4751;120;ES;4
7932;1;322;4469;4350;4487;122;PP;3
7932;1;511;5678;5654;4354;122;ES;2
7932;1;864;4729;5078;4367;10;PP;2
7932;2;330;4354;5654;3688;122;ES;4
7932;2;629;4350;4487;4942;122;ES;3
7932;2;889;4469;4929;4466;122;PP;3
7932;3;213;4469;4767;4350;122;ES;3
7932;3;531;5078;4367;2831;10;ES;3
7933;1;495;4488;3883;5094;9;ES;4
7933;1;541;4139;5109;5244;9;ES;3
7933;2;910;3667;4939;3695;9;PP;2
7933;2;992;3967;4465;4490;123;ES;1
7933;3;529;5232;3967;5196;123;ES;3
7934;1;772;5398;4601;4377;3;ES;2
7934;1;1171;5447;5061;4351;8;ES;4
7934;2;405;3450;4154;5398;3;ES;1
7935;3;431;5405;4762;5659;5;SH;1
7936;1;850;4475;3450;;3;ES;4
7936;1;1005;5701;4369;5288;8;PP;3
7936;2;69;4940;4369;4371;8;ES;2
7936;2;597;3131;4041;4348;3;ES;4
7936;3;261;4940;5680;4369;8;ES;2
7936;3;541;4353;3433;4137;8;ES;2
7936;3;983;3131;5414;4154;3;ES;4
7937;2;210;4380;5265;;0;ES;3
7937;2;381;3873;4060;5092;0;ES;3
7937;3;533;4040;4381;5058;10;PP;2
7937;3;877;4060;5092;5265;0;ES;3
7937;3;1165;4060;5265;3873;0;ES, ENG;3
7938;1;184;4721;4502;;121;ES;3
7938;1;471;5425;5231;3879;121;ES;3
7938;2;518;4617;4502;5425;121;ES;3
7938;2;1011;5233;4761;5088;118;ES;3
7938;2;1178;4730;4362;3318;121;ES;3
7938;3;1168;5287;4615;5105;118;PP;2
7938;3;1191;5425;4823;4148;121;ES, ENG;3
7939;1;1014;3862;4490;4037;123;SH;4
7939;2;1198;4357;5232;3958;123;ES;3
7939;3;138;4465;4473;3958;123;ES;2
7939;3;168;3862;4497;4604;123;ES;2
7939;3;323;5232;4357;3967;123;ES;3
7939;3;1138;4357;4366;;123;ES;4
7940;1;386;4940;4741;5288;8;ES;2
7940;2;147;3867;;;119;ES;3
7940;2;256;4372;4137;4351;8;ES;4
7940;3;1169;5447;4372;4605;8;ES, ENG;3
7941;1;1019;3695;4619;5109;9;ES;4
7941;2;703;4139;5109;5073;9;ES;3
7941;3;210;4060;5075;5265;0;PP;3
7942;1;222;2831;4729;4158;10;ES;4
7942;1;541;2831;4729;5078;10;ES;2
7942;1;1097;4729;5461;4957;10;ES;2
7942;2;150;4040;5058;4957;10;ES;3
7942;2;930;4158;2831;5058;10;ES;3
7942;2;1196;2831;3053;5269;10;ES;1
7942;3;117;2831;4957;4040;10;ES;2
7943;1;711;4922;4346;;123;ES;2
7943;3;2;4465;4346;4922;123;ES;1
7943;3;290;5232;4604;4346;123;PP;2
7943;3;711;5232;3967;5196;123;ES;2
7944;1;12;4469;4350;4942;122;ES;4
7944;1;370;5417;4365;4138;3;ES;1
7944;1;444;5414;4154;3131;3;ES;1
7944;1;946;3450;3131;5398;3;ES;1
7944;2;8;4475;4601;4495;3;ES;3
7944;2;871;4350;4469;4487;122;ES;3
7944;3;567;4601;4475;4377;3;ES;3
7944;3;582;4138;4365;4072;3;ES;2
7944;3;703;3688;4466;4609;122;ES;1
7944;3;1137;4601;5398;4475;3;ES;3
7945;2;230;5703;5287;5684;118;PP;1
7945;3;16;4962;3434;5082;5;SH;2
7945;3;46;4962;3434;5082;5;SH;2
7945;3;688;4146;5405;3337;5;PP;2
7945;3;1041;4152;4146;4373;5;ES;3
7946;1;668;5425;3685;4077;121;ES;3
7946;2;892;4060;5265;5075;0;PP;3
7946;2;1081;3328;4763;4941;0;ES;2
7946;3;1036;3328;5107;5443;0;ES;3
7947;2;563;5080;5416;4065;120;ES;3
7947;2;945;4487;4466;4609;122;ES;2
7948;1;252;4149;4471;5659;5;SH;2
7948;1;290;5078;4367;2831;10;PP;3
7948;2;164;4152;;;5;PP;2
7949;2;119;3867;5227;4742;119;ES;4
7949;2;195;4060;4380;5075;0;ES;4
7949;2;212;5075;4060;;0;ES;3
7949;2;582;4060;5092;5265;0;PP;3
7949;3;1122;3873;5265;4060;0;ES;3
7950;1;159;5238;4754;;120;ES;4
7950;1;471;5458;5416;;120;ES;3
7950;1;797;3318;5425;4362;121;PP;4
7950;2;727;5425;3957;4362;121;ES;2
7950;3;887;5080;4759;4594;120;ES;3
7950;3;934;4077;3318;;121;PP;2
7951;1;247;4609;4942;;122;ES;3
7951;1;680;4469;4929;4350;122;ES;4
7951;1;1120;5477;5105;5703;118;SH;2
7951;2;817;5233;4761;5239;118;ES;3
7951;2;898;4469;4929;3688;122;ES;3
7951;2;973;5287;5236;5703;118;PP;4
7951;2;1183;5684;5287;5477;118;PP;3
7951;3;35;4469;4487;4350;122;ES;3
7951;3;309;4609;3688;4466;122;ES;3
7951;3;475;5097;4469;4350;122;ES;3
7952;1;1013;4490;3967;4604;123;PP;3
7952;2;217;4369;4371;4351;8;ES;3
7952;3;891;3967;5232;4357;123;ES;1
7952;3;929;3433;4353;4741;8;ES;3
7952;3;946;3862;4604;5196;123;ES;4
7952;3;1002;4490;4346;3967;123;PP;1
7952;3;1087;4465;4346;4922;123;ES, ENG;1
7953;1;339;3667;4939;3695;9;PP;1
7953;1;413;4723;5695;3695;9;ES;3
7953;1;728;4475;3450;4601;3;PP;3
7953;1;737;4138;4377;4072;3;ES;3
7953;1;815;4365;4475;4601;3;PP;1
7953;1;981;3695;;;9;PP;2
7953;2;293;4475;4365;4138;3;PP;2
7953;2;538;3131;4377;5414;3;ES;3
7953;2;807;4365;5417;4138;3;SH;1
7953;3;1090;5398;4601;4377;3;ES;1
7954;1;189;3434;5659;4962;5;ES;2
7954;2;246;3450;3131;4348;3;ES;3
7954;2;491;4601;4768;5398;3;ES;3
7954;2;920;4149;3337;5659;5;ES;2
7955;2;585;4369;4372;4940;8;ES;4
7955;2;1196;4741;;;8;ES;2
7955;3;818;5438;;;119;ES;3
7955;3;1167;4372;5061;5288;8;ES, ENG;1
7956;1;24;4729;3869;4158;10;ES;3
7956;1;40;4729;4158;2831;10;ES;3
7956;1;809;5461;4040;4367;10;ES;2
7956;2;490;5461;5078;4367;10;PP;1
7956;3;893;5078;4729;;10;ES;3
7956;3;982;5461;4040;4367;10;ES;3
7957;1;61;5684;5236;5287;118;ES;3
7957;1;777;5278;5105;5287;118;SH;3
7957;1;964;3957;3856;4617;121;ES;3
7957;2;340;5231;4617;3685;121;ES;2
7957;2;706;5477;5105;5684;118;PP;4
7957;2;1104;5088;5233;5703;118;ES;3
7957;3;861;3685;4362;5425;121;PP;2
7957;3;1197;5477;5684;5236;118;ES, ENG;2
7958;1;162;4060;5107;5075;0;PP;3
7958;2;794;5075;5473;4349;0;ES;3
7958;2;885;5233;5236;4761;118;ES;1
7958;2;1075;5703;5088;5236;118;ES;1
7958;3;440;5239;5477;5684;118;ES;1
7958;3;1012;4060;;;0;ES;4
7958;3;1062;4060;5265;5475;0;ES;3
7959;2;1130;3947;5227;5438;119;ES;3
7959;3;239;5438;;;119;PP;2
7959;3;1144;4734;4953;3867;119;ES, ENG;2
7960;2;524;5078;4381;5269;10;PP;2
7960;2;595;4729;4040;3053;10;ES;3
7960;2;951;4381;5078;4158;10;ES;2
7960;2;1012;4729;3455;3869;10;PP;3
7960;3;146;5461;4729;4367;10;PP;1
7961;1;98;4723;5094;3667;9;ES;2
7961;1;1158;4721;3856;4362;121;ES;2
7961;2;597;4488;5094;4483;9;ES;3
7961;2;1197;5109;3695;5094;9;ES;3
7961;3;113;4939;5109;3667;9;ES;1
7962;2;1011;4487;4942;4767;122;ES;4
7962;2;1066;5417;;;3;ES;4
7962;3;233;4475;4601;;3;PP;2
7962;3;514;4365;5417;3450;3;ES;3
7962;3;1188;4072;5417;4348;3;ES, ENG;2
7963;1;1106;3885;4146;5659;5;ES;3
7963;2;904;3967;4922;4037;123;ES;3
7963;3;671;4357;4465;4604;123;ES;3
7964;1;862;4609;5694;4466;122;ES;4
7964;2;224;4609;5086;;122;ES;4
7964;2;500;4353;3433;4741;8;ES;3
7964;2;792;5061;5447;;8;ES;3
7964;3;58;4469;4487;4350;122;ES;4
7964;3;234;5654;4354;4929;122;ES;3
7964;3;301;4469;4354;4942;122;ES;3
7965;1;440;5109;4619;5094;9;ES;3
7965;2;211;5232;4346;4922;123;PP;3
7965;3;60;4723;4939;4619;9;ES;4
7965;3;435;4357;4465;4604;123;PP;2
7965;3;708;3667;4939;5109;9;ES;1
7965;3;847;4723;4483;4939;9;ES;3
7965;3;1198;3667;;;9;ES, ENG;1
7966;1;839;5075;4763;4756;0;ES;3
7966;2;174;5075;4756;5265;0;PP;4
7966;2;324;4349;5075;5473;0;ES;3
7966;3;799;3328;5473;4349;0;ES;3
7966;3;1200;5107;4756;4060;0;PP;2
7967;1;204;4743;4962;4374;5;ES;1
7967;2;140;4152;;;5;ES;3
7967;2;357;5263;4381;4040;10;ES;2
7967;3;26;5078;4729;2831;10;ES;3
7968;1;893;5654;5086;4466;122;ES;4
7968;3;413;5097;4609;4767;122;ES;4
7968;3;1196;5097;5654;4466;122;ES, ENG;3
7969;1;572;3957;4362;3685;121;ES;3
7969;2;181;3957;4148;4730;121;ES;3
7969;2;320;3967;4490;4922;123;PP;2
7969;2;383;4357;4473;4479;123;ES;3
7969;2;466;4357;4604;;123;ES;4
7969;2;734;4465;3967;4479;123;ES;2
7969;3;246;4730;4071;3318;121;ES;3
7970;1;281;4601;5398;4348;3;ES;4
7970;1;723;4926;5227;3867;119;PP;3
7970;1;1050;5246;4475;;3;ES;3
7970;2;355;4365;5417;4768;3;ES;2
7970;2;566;4601;5246;4475;3;ES;4
7970;2;1173;3867;4926;3320;119;SH;3
7970;3;315;4348;4475;4072;3;ES;1
7971;1;53;5733;3867;4742;119;ES;2
7971;1;69;4608;3947;4501;119;ES;3
7971;2;900;4762;4149;3885;5;ES;2
7971;3;1196;4734;;;119;ES, ENG;1
7972;1;688;5475;4941;4474;0;ES;3
7972;2;351;4941;5107;4763;0;ES;3
7972;3;119;4353;4351;4137;8;ES;4
7972;3;527;3328;4941;4763;0;ES;3
7973;1;62;4939;4376;4723;9;ES;4
7973;1;563;4488;3883;;9;ES;3
7973;2;10;5073;3883;4488;9;ES;1
7973;2;59;4139;4488;4619;9;ES;4
7973;2;376;4730;3957;4071;121;ES;3
7973;2;700;4488;5244;4719;9;ES;2
7973;2;957;3667;4939;5244;9;ES;3
7973;3;494;4723;4376;3695;9;PP;3
7974;1;86;3053;5263;2831;10;ES;2
7974;2;64;4729;3455;2831;10;ES;3
7974;2;538;5461;5078;;10;PP;2
7974;2;653;5461;4367;4040;10;ES;2
7974;2;669;5246;5417;4768;3;ES;3
7974;2;915;5461;5078;4729;10;ES;1
7974;3;755;4729;;;10;ES;2
7975;1;256;4609;5694;3688;122;ES;2
7975;1;638;5714;5238;;120;ES;2
7975;1;928;5654;3688;4929;122;ES;4
7975;1;1189;4466;4066;4609;122;ES;2
7975;2;612;4469;4350;4487;122;ES;3
7975;3;125;5097;5694;4942;122;ES;3
7976;1;138;4502;3685;5231;121;ES;1
7976;1;356;3685;4617;3856;121;ES;4
7976;1;852;5703;4924;5287;118;ES;1
7976;1;1022;4721;4617;4823;121;ES;3
7976;2;720;5236;5287;5684;118;PP;1
7977;1;26;5045;3947;5208;119;PP;1
7977;1;647;5398;4475;4365;3;PP;3
7977;1;1197;4365;5417;5246;3;ES;2
7977;3;368;4742;3320;5733;119;ES;3
7977;3;542;3947;5227;4627;119;ES;3
7977;3;992;5438;4501;4953;119;ES;1
7977;3;1150;3867;5227;;119;ES, ENG;2
7978;1;761;3328;4763;4941;0;ES;3
7978;2;116;4729;4747;4355;10;ES;4
7978;2;597;5075;4380;;0;ES;4
7978;3;1188;3873;5075;5092;0;ES, ENG;3
7979;1;230;4767;5678;5097;122;ES;4
7979;1;664;5094;4483;3695;9;ES;2
7979;1;1045;4354;4350;4066;122;ES;3
7979;2;272;5694;4466;4942;122;ES;2
7979;2;861;5094;5109;4719;9;ES;4
7979;3;716;5654;4767;4354;122;ES;2
7979;3;1196;4609;4942;;122;ES, ENG;2
7980;1;847;4604;4357;;123;ES;2
7980;1;1103;4371;4940;4369;8;PP;3
7980;2;237;3433;4353;5680;8;ES;3
7980;2;571;4137;4371;4369;8;ES;2
7980;2;784;4346;4473;3862;123;ES;3
7980;2;850;5701;4369;5288;8;ES;2
7980;3;1196;4940;4137;4371;8;ES, ENG;1
7981;1;187;4149;4762;3337;5;ES;2
7981;2;76;4374;4962;3337;5;PP;2
7981;2;1060;4060;5265;5092;0;ES;4
7981;3;722;4060;5265;4756;0;PP;3
7981;3;1035;5475;4160;;0;ES;2
7981;3;1197;4763;4941;4380;0;ES, ENG;3
7982;1;285;5078;3053;2831;10;ES;4
7982;2;199;4488;4139;4477;9;ES;3
7982;2;513;5109;3695;5094;9;ES;2
7982;2;821;5461;2831;4729;10;PP;1
7982;2;1057;3695;3883;4719;9;ES;3
7982;2;1193;4139;4723;4477;9;ES;3
7983;1;426;3957;4617;3685;121;ES;2
7983;1;608;4730;4721;3318;121;ES;2
7983;3;275;3685;4077;5425;121;PP;3
7984;2;245;3883;4139;4488;9;ES;2
7984;2;409;3434;4146;;5;ES;2
7984;2;1182;4139;5073;4619;9;ES;3
7984;3;481;4152;4146;4044;5;ES;2
7984;3;833;4723;3695;3667;9;PP;4
7985;2;1063;5438;4061;4734;119;ES;3
7985;3;731;4840;4761;5088;118;ES;1
7986;1;471;5075;3873;4349;0;ES;4
7986;1;772;5265;;;0;ES;2
7986;2;168;4349;3873;4380;0;ES;3
7986;2;419;5075;4756;4060;0;PP;3
7986;2;842;4940;4353;4371;8;ES;2
7986;2;971;5475;3873;4349;0;ES;3
7986;2;1018;4060;5265;5092;0;ES;2
7986;3;305;4349;;;0;ES;4
7986;3;861;5475;5443;4160;0;ES;2
7986;3;906;3873;4349;5075;0;ES;2
7986;3;931;4372;5447;5061;8;ES;4
7987;1;16;4357;5232;4490;123;ES;2
7987;1;813;4604;4357;3862;123;ES;2
7987;3;509;5654;4354;5678;122;ES;3
7987;3;1051;4487;4942;4350;122;PP;2
7988;1;443;4475;;;3;ES;4
7988;1;1054;4138;5417;3450;3;SH;1
7988;2;260;4957;4729;4747;10;SH;2
7988;3;308;4040;5078;3869;10;ES;2
7988;3;466;4365;5417;4768;3;ES;3
7988;3;989;4365;5417;5246;3;ES;3
7988;3;1129;4475;4601;4348;3;ES, ENG;2
7989;1;659;4146;5659;4373;5;ES;3
7989;1;1098;4371;4353;4760;8;SH;3
7989;1;1147;5701;4741;;8;ES;2
7989;2;276;4962;4149;3337;5;ES;3
7989;2;676;4940;4369;4741;8;ES;2
7989;2;690;5405;4149;4373;5;ES;3
7989;3;346;4962;;;5;ES;3
7989;3;1136;4940;5447;4371;8;ES;2
7990;2;108;4957;4355;3455;10;ES;3
7990;3;867;2831;4957;5078;10;ES;3
7991;1;53;4501;4061;5045;119;PP;2
7991;1;1150;4608;5045;4501;119;ES;3
7991;3;1076;4501;5208;3947;119;ES;4
7991;3;1197;5238;3452;4065;120;ES;4
7992;1;358;4721;4730;3318;121;ES;1
7992;2;919;5425;4362;;121;ES;4
7992;2;1100;4071;4721;3957;121;ES;1
7993;1;386;4138;4365;4348;3;SH;3
7993;1;467;4475;4768;4348;3;PP;1
7993;1;1043;4609;4466;4942;122;ES;2
7993;1;1133;5417;4138;;3;SH;4
7993;2;384;5694;4942;4466;122;ES;3
7993;2;843;4138;5417;;3;SH;3
7993;3;11;4154;4348;3131;3;ES;2
7993;3;748;4601;4475;4377;3;ES;3
7993;3;1124;4354;4942;5654;122;ES;2
7994;1;40;4346;5232;3967;123;ES;3
7994;1;87;4372;5447;4765;8;ES;1
7994;2;144;4465;3136;4481;123;ES;3
7994;2;525;5701;;;8;ES;2
7994;2;836;4604;3862;4490;123;ES;2
7994;2;896;3136;4346;4922;123;ES;3
7994;3;1166;4481;5232;4346;123;ES, ENG;1
7995;1;686;4939;3667;4376;9;PP;4
7995;3;393;4723;4477;4939;9;PP;3
7996;1;979;4929;4609;4466;122;PP;2
7996;1;1193;3867;;;119;ES;2
7996;2;872;4354;4609;5097;122;ES;3
7996;2;988;5654;4767;4942;122;ES;3
7996;3;1061;4469;5086;4487;122;ES;3
7996;3;1196;5678;5654;;122;ES;1
7997;1;454;2831;3053;3869;10;ES;2
7997;1;652;4962;3337;4374;5;ES;3
7997;1;941;2831;4158;;10;ES;4
7997;3;766;5461;4367;5078;10;ES;2
7998;2;292;3328;5107;4941;0;SH;3
7998;2;595;4475;5398;4601;3;ES;2
7998;3;584;4349;3873;5075;0;ES;2
7998;3;1196;4349;5107;5075;0;ES, ENG;1
7999;1;394;4380;3873;4474;0;ES;3
7999;1;843;4346;5232;3136;123;ES;3
7999;1;1102;5075;4756;5107;0;PP;3
7999;2;287;5075;4474;4349;0;ES;3
7999;2;393;4060;4941;5475;0;ES;1
7999;2;538;5075;5107;5092;0;ES;3
7999;2;725;4474;5443;3873;0;ES;1
7999;2;971;5075;4349;3873;0;ES;3
8000;2;880;3695;4139;4939;9;ES;2
8000;3;79;4488;4376;4139;9;ES;2
8000;3;726;5109;3883;5073;9;ES;4
8001;1;1057;4730;4502;4721;121;ES;3
8001;2;91;5398;3450;3131;3;ES;4
8001;2;202;5246;4475;4601;3;ES;2
8001;2;229;5231;5425;4502;121;ES;2
8001;2;465;3879;5425;4071;121;ES;3
8001;3;810;4601;;;3;ES;4
8001;3;1199;5398;;;3;ES;4
8002;1;1173;4146;;;5;SH;3
8002;2;671;5082;3434;4374;5;ES;1
8002;3;529;4353;4741;3433;8;ES;3
8002;3;1071;4353;3433;4371;8;ES;2
8003;1;423;4723;4477;5073;9;PP;4
8003;1;436;5109;5094;5244;9;ES;2
8003;1;452;4139;4488;5244;9;ES;2
8003;3;43;3883;5094;4139;9;PP;2
8003;3;359;3695;;;9;ES;2
8004;1;247;4734;5045;4608;119;SH;3
8004;3;1167;4742;4501;5208;119;ES, ENG;2
8005;1;383;4380;5075;4060;0;PP;1
8005;1;614;5265;3873;5092;0;ES;3
8005;1;632;3873;5265;4349;0;ES;2
8005;1;685;4721;4730;3318;121;ES;3
8005;2;23;3318;5425;4077;121;PP;3
8005;2;57;5475;;;0;ES;4
8005;2;865;5231;3879;4148;121;ES;3
8005;3;718;5075;;;0;ES;4
8006;1;223;4469;4487;4350;122;ES;3
8006;1;270;5678;;;122;ES;3
8006;2;143;5477;5684;5703;118;PP;3
8006;2;437;5477;5684;5703;118;PP;3
8006;2;571;5694;4609;4066;122;ES;3
8006;3;607;5703;5477;4761;118;ES;2
8006;3;632;4469;4350;5086;122;ES;2
8007;1;360;5398;4601;4041;3;ES;1
8007;1;592;5398;4601;5246;3;ES;2
8007;1;675;4365;3450;4601;3;ES;4
8007;2;895;4601;4365;3450;3;PP;2
8007;2;1122;4377;3450;4475;3;ES;3
8007;3;816;4601;4475;4495;3;ES;4
8007;3;869;4601;4475;5398;3;ES;3
8008;1;239;4350;4942;4469;122;PP;3
8008;1;810;5654;5678;4354;122;ES;3
8008;1;874;5405;4149;4762;5;ES;3
8008;2;651;5654;5097;4767;122;ES;2
8008;2;1101;4762;4743;3885;5;ES;1
8008;2;1198;4942;5694;4767;122;SH;4
8008;3;603;3885;4152;4146;5;ES;3
8008;3;935;4962;5405;3434;5;ES;2
8008;3;1012;4471;4762;3337;5;ES;2
8009;1;366;4369;4371;4940;8;PP;3
8009;2;341;4940;4605;4372;8;ES;2
8009;3;921;4751;4737;4594;120;ES;2
8010;1;833;4501;3320;5208;119;ES;3
8010;1;856;3883;4719;4376;9;ES;2
8010;1;959;4939;4723;5260;9;ES;1
8010;2;628;4723;3695;5073;9;PP;2
8010;3;651;4501;3947;5208;119;PP;2
8010;3;1180;3695;5109;4139;9;ES, ENG;1
8011;1;726;4355;4747;4367;10;ES;3
8011;1;936;4040;5269;3053;10;ES;3
8011;1;987;2831;4957;3455;10;ES;3
8011;2;134;4040;5461;4158;10;ES;2
8011;2;638;3957;4617;;121;ES;3
8011;2;938;5078;4367;3455;10;ES;3
8011;3;310;4729;2831;5078;10;ES;3
8011;3;792;3869;4158;4729;10;ES;2
8011;3;1010;2831;4957;4367;10;ES;3
8012;1;509;4473;;;123;ES;3
8012;1;583;4346;3136;3967;123;PP;3
8012;2;537;3967;4497;5232;123;ES;4
8012;2;839;3967;4366;4346;123;ES;2
8012;3;53;4473;4357;4481;123;ES;2
8013;2;388;4061;4734;4926;119;ES;3
8013;2;476;3947;4953;4501;119;ES;4
8013;2;741;4751;5714;4754;120;ES;3
8013;2;1148;4061;4734;4926;119;ES;2
8013;3;18;3452;4065;5238;120;ES;2
8013;3;503;4926;4742;4734;119;ES;1
8013;3;1141;4926;4061;5045;119;ES;2
8014;1;213;5654;4354;4767;122;ES;3
8014;2;348;3685;4362;5425;121;PP;2
8014;2;1079;5231;3879;4362;121;ES;4
8014;3;399;4929;3688;4466;122;ES;1
8014;3;953;5654;5678;5086;122;ES;3
8015;1;55;5475;5107;4060;0;ES;3
8015;1;167;3328;4941;4756;0;ES;2
8015;1;652;4763;5075;4349;0;ES;1
8015;2;255;4763;4941;3328;0;ES;2
8015;2;877;5477;5287;5703;118;PP;4
8015;3;218;4380;3328;4756;0;ES;2
8015;3;284;5239;4615;5287;118;ES;1
8015;3;1050;4060;4756;5107;0;PP;3
8016;1;112;5078;4040;2831;10;ES;3
8016;1;654;5269;2831;;10;ES;3
8016;2;115;5288;4369;4940;8;PP;1
8016;2;606;4367;4747;5263;10;ES;2
8016;2;1140;4371;5701;5288;8;PP;4
8016;3;1144;4381;4040;3869;10;ES, ENG;3
8016;3;1198;2831;;;10;ES, ENG;2
8016;3;1199;4729;4355;;10;ES;1
8017;1;1119;4601;4475;4041;3;ES;2
8017;2;94;4494;5214;;120;ES;3
8017;2;127;4601;5398;4348;3;ES;2
8017;2;363;4365;5398;4475;3;ES;2
8017;2;488;4494;4737;;120;PP;3
8017;2;752;5398;4475;4768;3;ES;2
8017;2;817;4377;5246;;3;ES;1
8017;2;1185;5246;4365;4138;3;ES;4
8018;1;396;5088;5236;4924;118;ES;3
8018;1;615;5477;5105;4924;118;SH;3
8018;2;780;4471;4743;4493;5;ES;3
8018;3;312;4044;4146;5082;5;PP;1
8018;3;1064;4962;3434;4149;5;ES;2
8019;1;245;5094;3695;4477;9;ES;1
8019;1;387;4765;5701;4372;8;ES;4
8019;2;623;4723;4376;3695;9;PP;3
8019;3;934;5094;4723;5073;9;ES;2
8020;1;458;3947;4608;4953;119;ES;3
8020;2;331;4721;3318;4071;121;ES;3
8020;3;51;5231;3879;5425;121;ES;3
8021;2;1169;4366;3967;4357;123;PP;4
8021;2;1198;4037;4346;5074;123;ES;3
8021;2;1199;4366;4346;4481;123;ES;1
8022;1;1199;3856;4617;4362;121;ES;1
8022;2;116;5233;5236;5684;118;ES;2
8022;2;518;4502;5425;4721;121;ES;1
8022;2;1097;4615;5684;5287;118;PP;1
8023;2;315;3885;4149;4373;5;SH;2
8023;2;445;5475;4349;5107;0;ES;3
8023;2;565;3434;4962;3337;5;ES;3
8023;2;670;4152;5082;4146;5;PP;3
8023;2;743;4060;5075;4756;0;PP;3
8023;2;968;4763;4941;5107;0;ES;2
8023;2;1196;5286;4373;4762;5;ES;3
8024;2;148;4926;5045;4061;119;ES;3
8024;2;175;5694;4942;4767;122;ES;3
8024;2;303;4350;4469;4487;122;PP;4
8024;2;464;4609;;;122;ES;3
8024;3;1196;4469;4487;4942;122;ES, ENG;2
8025;1;622;4490;4604;4037;123;ES;1
8025;1;754;2831;4158;3869;10;ES;2
8025;1;889;5232;4357;4922;123;PP;4
8025;2;807;4040;4729;4957;10;ES;2
8025;2;892;4381;5461;4957;10;ES;3
8025;3;419;5461;4040;4158;10;ES;2
8025;3;619;2831;5078;3869;10;ES;2
8026;1;41;4475;4601;5398;3;ES;4
8026;1;85;3883;4945;4139;9;ES;3
8026;1;645;3883;4376;;9;ES;4
8026;2;86;5246;3450;;3;ES;2
8026;2;376;5094;5109;3695;9;ES;3
8026;3;367;4601;4475;4495;3;ES;2
8026;3;663;4041;4348;4601;3;PP;2
8026;3;797;5094;4945;5073;9;ES;2
8027;1;458;5075;4060;4160;0;PP;3
8027;1;754;4962;4493;5286;5;ES;2
8027;1;1111;3885;4044;4152;5;PP;4
8027;2;16;4060;5475;4380;0;ES;3
8027;2;122;5082;3885;4044;5;PP;4
8027;2;223;4941;4763;5107;0;ES;2
8027;2;709;4349;3328;5092;0;ES;3
8027;2;851;4149;3434;5082;5;ES;4
8027;2;955;3434;4149;4044;5;ES;2
8027;3;477;4941;4763;4474;0;ES;3
8028;1;239;5447;4137;4760;8;ES;1
8028;1;397;4929;4487;4350;122;ES;1
8028;1;462;5654;5097;4354;122;ES;3
8028;1;830;5447;4137;4372;8;ES;1
8028;1;1022;5694;4767;4350;122;ES;3
8028;1;1063;4466;4942;4609;122;ES;3
8028;2;937;4469;3688;4929;122;ES;3
8028;2;1197;4609;4466;3688;122;ES;3
8028;3;636;4487;3688;5654;122;ES;3
8029;1;426;4475;;;3;PP;4
8029;1;755;4939;4723;5260;9;PP;2
8029;1;1185;5398;4365;4495;3;SH;2
8029;2;416;5260;4939;4376;9;ES;2
8029;2;468;4723;5235;4939;9;ES;3
8029;2;931;5094;5695;5235;9;ES;3
8029;3;600;4939;4139;5260;9;ES;1
8029;3;693;5235;4619;5244;9;ES;3
8031;1;992;3318;5425;3685;121;PP;3
8031;2;310;4480;5072;5214;120;ES;3
8032;2;473;4152;4044;3885;5;PP;2
8032;2;843;3885;4146;4152;5;ES;2
8032;2;936;5082;4149;3434;5;ES;1
8032;3;37;5238;5080;4360;120;PP;1
8032;3;163;4493;4762;4373;5;ES;1
8032;3;1200;4493;;;5;ES;4
8033;1;31;4369;4940;5288;8;ES;2
8033;1;279;5447;;;8;ES;1
8033;2;13;4369;4940;4137;8;ES;4
8033;2;411;4741;4940;4351;8;SH;4
8033;2;500;5246;4154;4041;3;ES;3
8033;3;650;4765;5447;5701;8;ES;2
8033;3;1086;4072;4138;4041;3;ES;3
8034;1;79;3862;4357;4473;123;ES;2
8034;1;894;5704;5733;4627;119;ES;3
8034;2;1110;5733;5045;4742;119;ES;2
8034;3;39;4061;3867;4608;119;ES;2
8034;3;1051;5733;4608;5045;119;ES;2
8035;1;121;4355;3455;3053;10;SH;4
8035;1;1123;4823;5231;;121;ES;1
8035;2;422;4721;3318;4730;121;ES;3
8035;2;585;4158;5269;4729;10;ES;1
8035;2;740;3957;4617;4502;121;ES;3
8035;3;77;5078;4729;;10;ES;3
8035;3;282;4381;4040;5269;10;ES;3
8036;1;350;5235;4945;4139;9;ES;4
8036;1;519;5260;4723;;9;ES;1
8036;1;1086;4723;3695;4939;9;ES;3
8036;3;750;5654;4942;4354;122;ES;3
8036;3;819;4376;4139;4945;9;ES;1
8037;1;371;5236;5233;5703;118;ES;1
8037;1;625;5208;4501;3867;119;ES;1
8037;2;276;5438;;;119;SH;3
8037;2;521;5088;5233;5278;118;ES;3
8037;2;602;5477;5287;4959;118;ES;4
8037;2;768;4761;4840;5684;118;SH;3
8037;2;932;5233;5287;4959;118;ES;2
8037;3;44;4761;4948;;118;PP;2
8037;3;622;5278;;;118;ES;3
8038;2;145;4601;4377;5246;3;ES;3
8038;2;403;3450;4601;4365;3;PP;1
8038;3;474;5075;4060;5107;0;PP;4
8038;3;940;4060;5443;5107;0;ES;2
8039;1;259;5269;3053;2831;10;ES;2
8039;1;1093;4747;3053;3455;10;ES;4
8039;3;151;4751;5080;4065;120;ES;3
8039;3;823;4754;4737;4751;120;PP;1
8039;3;1033;4355;4040;4367;10;PP;2
8039;3;1178;5263;4355;3053;10;ES, ENG;2
8040;1;1003;4609;4350;4066;122;ES;3
8040;2;59;5654;4487;5097;122;ES;3
8041;1;575;3685;3318;5425;121;PP;4
8041;1;1002;4945;5695;4619;9;ES;3
8041;1;1146;4723;4939;4719;9;ES;2
8041;2;191;5235;4945;4139;9;ES;1
8041;2;204;5094;3695;5244;9;ES;2
8041;2;323;4723;5260;4719;9;ES;1
8041;2;411;5231;3879;4502;121;ES;3
8041;3;58;4617;4730;4071;121;SH;4
8041;3;232;5073;4139;5094;9;PP;1
8041;3;690;5109;5094;4619;9;ES;4
8041;3;815;4945;4477;5244;9;SH;3
8041;3;1036;5109;3695;4619;9;ES;2
8043;1;954;4060;5265;5107;0;ES;2
8043;1;997;5475;5265;4060;0;ES;2
8043;2;590;4349;4756;5075;0;ES;2
8043;2;768;5265;3873;4160;0;ES;1
8043;3;1098;4060;5475;4349;0;ES;2
8043;3;1198;4060;5265;5075;0;ES;4
8044;3;334;5678;5097;3688;122;SH;4
8044;3;465;4469;3688;5097;122;ES;3
8044;3;1185;4469;4487;4466;122;ES, ENG;1
8045;2;231;4152;3885;4146;5;ES;3
8045;2;798;4493;4762;3337;5;ES;3
8045;2;982;3967;5232;;123;ES;3
8045;3;53;3885;4743;4146;5;ES;2
8045;3;558;4146;4493;5082;5;ES;3
8046;1;176;5246;4365;4768;3;ES;2
8046;1;739;4475;4377;;3;ES;4
8046;2;104;5246;5414;4348;3;PP;2
8047;2;14;4948;5239;4615;118;ES;3
8047;3;495;5105;5278;4959;118;ES;1
8047;3;781;4353;3433;4605;8;ES;4
8048;1;77;4939;4723;4376;9;ES;2
8048;1;157;4044;4152;3885;5;ES;1
8048;1;783;5082;4044;4146;5;PP;2
8048;2;695;3885;4146;4743;5;ES;3
8048;2;801;3695;5109;4477;9;ES;1
8048;3;134;4723;5260;4939;9;ES;2
8048;3;1177;4471;4962;3337;5;ES;4
8049;2;481;3873;5107;5265;0;PP;3
8049;2;1091;5078;3053;5263;10;ES;2
8049;2;1127;5075;4756;5107;0;PP;3
8049;3;701;5075;4349;5107;0;ES;3
8049;3;820;4355;3455;3053;10;SH;2
8050;1;673;3318;4077;5425;121;PP;1
8050;2;328;4754;4759;4494;120;ES;2
8050;3;661;4494;4737;;120;PP;3
8051;1;16;4723;4939;4376;9;ES;3
8051;1;267;4139;5235;4619;9;ES;2
8051;3;139;5235;3695;4376;9;PP;1
8052;1;675;4060;5265;5075;0;PP;3
8052;1;717;5475;4160;5107;0;ES;3
8052;1;1039;4941;3873;3328;0;ES;2
8052;2;800;5694;4609;;122;ES;1
8052;2;881;4060;5475;5265;0;ES;3
8052;2;1110;4380;3328;4941;0;ES;1
8052;3;13;4609;5694;5086;122;ES;3
8052;3;907;3328;3873;4941;0;ES;3
8053;1;467;5109;5260;4939;9;ES;3
8053;1;951;4605;4353;4351;8;PP;1
8053;2;402;5701;;;8;ES;2
8053;2;747;4369;4137;4371;8;ES;4
8053;2;756;5235;4139;4945;9;ES;1
8053;2;845;5701;4353;3433;8;ES;2
8053;2;1088;4940;4371;4369;8;PP;2
8053;3;129;4369;4940;5701;8;PP;3
8054;2;189;4357;4465;;123;ES;4
8054;2;295;4490;4922;3967;123;PP;1
8054;2;400;4346;4473;5232;123;ES;2
8055;1;217;4475;5246;4348;3;ES;1
8055;1;647;4365;4475;4138;3;ES;2
8055;2;56;5417;3131;3450;3;ES;3
8055;2;672;4475;4348;;3;ES;4
8055;3;439;3131;5246;3450;3;ES;2
8055;3;1162;4759;4751;4618;120;ES;1
8056;1;122;5654;4066;5086;122;ES;4
8056;2;102;5075;4756;4060;0;PP;3
8056;2;281;5097;4354;4929;122;ES;3
8056;2;381;5265;4060;;0;ES;3
8056;3;999;5265;;;0;ES;3
8056;3;1183;5443;3873;4160;0;SH, ENG;2
8057;1;85;5078;4729;2831;10;ES;2
8057;1;492;3885;4743;;5;ES;2
8057;2;449;4355;4158;4381;10;PP;2
8057;3;616;4367;2831;4729;10;ES;1
8057;3;1036;4040;4747;4355;10;ES;2
8058;1;72;5701;4371;4369;8;PP;2
8058;1;293;3685;3879;4823;121;ES;4
8058;1;391;4741;4353;3433;8;ES;4
8058;1;697;5425;4077;5231;121;ES;3
8058;2;1087;3318;4071;4617;121;ES;2
8058;3;1168;4730;3685;3318;121;ES, ENG;3
8058;3;1187;5231;4077;3856;121;ES, ENG;2
8059;2;112;4490;4922;4346;123;PP;1
8059;2;1198;5232;4497;3967;123;ES;3
8060;1;87;3885;4146;4152;5;ES;3
8060;1;1091;5227;3947;;119;ES;2
8060;1;1110;5704;;;119;ES;4
8060;2;450;4146;3885;4373;5;ES;2
8060;3;169;3867;5704;5045;119;ES;1
8061;1;341;4369;;;8;PP;4
8061;1;546;5107;5265;4060;0;PP;1
8061;1;630;5107;5075;;0;ES;2
8061;2;793;4941;4756;4763;0;ES;2
8061;3;523;4369;4940;4137;8;ES;3
8061;3;768;5075;;;0;ES;4
8061;3;1125;4756;;;0;SH, ENG;2
8062;1;858;3318;4362;3685;121;PP;3
8062;2;1062;5425;3685;;121;PP;3
8062;3;264;4609;5678;3688;122;ES;3
8062;3;796;4823;5425;3879;121;ES;1
8063;1;459;5232;3136;4346;123;PP;4
8063;2;59;4477;5094;5073;9;ES;1
8063;2;193;5235;5073;4139;9;ES;3
8063;2;587;4723;4139;4619;9;ES;3
8063;3;150;5235;4139;4376;9;ES;3
8063;3;477;4139;5244;5235;9;ES;3
8063;3;897;4153;3862;4497;123;ES;2
8064;1;134;4138;5417;4768;3;ES;2
8064;1;268;4138;3131;4768;3;ES;1
8064;1;943;3131;5417;4768;3;ES;3
8064;2;612;4601;4475;4495;3;ES;3
8064;3;35;4729;;;10;PP;4
8064;3;711;4729;;;10;ES;4
8065;1;564;4351;;;8;PP;3
8065;1;777;3433;4605;4353;8;PP;2
8065;2;531;5701;;;8;PP;4
8065;2;582;3873;4160;4474;0;ES;2
8065;3;458;4060;4756;5107;0;PP;3
8065;3;951;5265;5475;4060;0;ES;3
8065;3;1050;4060;5075;4349;0;ES;4
8065;3;1165;3873;5075;5265;0;ES, ENG;2
8066;3;732;4354;4942;4767;122;ES;3
8066;3;1199;4354;4350;5654;122;ES, ENG;4
8067;1;285;5078;5461;4729;10;ES;4
8067;1;350;4742;4926;3320;119;ES;3
8067;1;363;5078;3053;2831;10;ES;4
8067;1;386;5078;4729;2831;10;ES;2
8067;1;424;3867;4608;4061;119;ES;3
8067;1;852;4953;5045;;119;ES;4
8067;1;1019;5269;3455;4957;10;SH;1
8067;2;481;3867;5208;3947;119;SH;3
8067;3;617;5704;3947;5045;119;PP;3
8067;3;811;5078;4381;5269;10;SH;3
8068;3;1197;4065;4494;4751;120;ES;2
8068;3;1199;5238;4480;;120;ES;1
8069;2;181;4138;4938;5398;3;ES;3
8069;2;999;4721;4502;4071;121;SH;3
8069;3;1023;4475;4365;;3;ES;2
8070;1;618;4061;4627;4608;119;ES;1
8070;1;783;4763;5475;5092;0;ES;4
8070;2;888;5227;4061;3947;119;PP;1
8071;1;192;4924;5703;5477;118;ES;2
8071;1;638;5233;4761;4840;118;ES;2
8071;1;1100;4604;4465;4357;123;ES;2
8071;2;162;4615;5477;5287;118;PP;1
8071;2;445;4357;4490;4922;123;PP;3
8071;2;457;4346;3967;5057;123;ES;2
8071;2;957;5232;4346;3967;123;ES;2
8071;3;113;5477;5105;5287;118;PP;3
8071;3;641;4761;5287;5684;118;ES;3
8071;3;1101;5232;;;123;ES;3
8071;3;1141;5233;5287;5239;118;ES;3
8072;1;975;5288;5701;4369;8;SH;1
8072;3;390;4741;3433;5288;8;ES;1
8072;3;1165;4940;4369;5701;8;PP, ENG;2
8073;1;150;4041;3450;4365;3;ES;1
8073;1;275;3957;3685;4071;121;ES;2
8073;2;72;3131;5246;4348;3;PP;2
8073;2;191;4601;4348;;3;ES;3
8073;3;164;4601;4348;4475;3;ES;3
8073;3;456;3131;5246;4154;3;ES;2
8073;3;696;4072;4475;5246;3;ES;2
8073;3;807;3450;4041;4138;3;ES;4
8073;3;861;3450;4348;3131;3;SH;2
8073;3;918;3450;4365;4768;3;SH;2
8074;1;65;4601;4475;4365;3;PP;4
8074;1;725;4138;4154;4072;3;ES;3
8074;2;248;4146;3885;3337;5;ES;2
8074;2;352;4601;5417;4495;3;ES;3
8074;2;428;5246;5417;4041;3;ES;3
8074;3;383;4138;4154;4495;3;SH;4
8075;1;569;4939;5109;4477;9;ES;2
8075;2;157;4761;5088;5105;118;ES;3
8075;2;458;5094;4619;4945;9;ES;4
8075;2;1131;5703;5477;5684;118;ES;1
8075;3;1047;4939;3695;4723;9;PP;3
8076;1;46;4060;5107;5075;0;PP;3
8076;1;362;3873;4160;5075;0;ES;1
8076;1;1134;4360;5214;4606;120;ES;2
8076;3;398;4060;4756;5107;0;PP;3
8076;3;1103;4060;5075;5092;0;ES;2
8077;1;12;5078;4729;2831;10;ES;3
8077;1;353;3957;4071;;121;ES;2
8077;1;684;3685;4617;3957;121;ES;2
8077;2;415;5058;;;10;PP;4
8077;2;1166;5231;3879;4362;121;ES;2
8077;3;679;5078;5461;;10;PP;3
8077;3;815;5461;5058;4381;10;ES;3
8078;1;339;4469;4350;4487;122;ES;3
8078;1;703;4609;4929;4466;122;ES;3
8078;2;221;5704;4627;3947;119;ES;3
8078;2;231;5654;5678;;122;ES;2
8079;1;739;5094;4139;5109;9;ES;2
8079;1;923;2831;;;10;ES;3
8079;2;133;4945;4139;5235;9;ES;3
8079;2;295;4367;5078;2831;10;PP;2
8079;2;502;4945;5235;5244;9;ES;2
8079;2;934;4729;2831;3053;10;ES;2
8079;2;948;3695;4376;5109;9;ES;2
8079;3;454;4723;3695;4939;9;PP;3
8079;3;962;4729;4040;4367;10;ES;2
8079;3;1021;3695;5094;4376;9;ES;2
8080;1;633;5425;3879;4148;121;ES;2
8080;1;740;3947;4501;5045;119;PP;2
8080;1;842;5425;3318;4502;121;ES;3
8080;2;547;4926;5208;4742;119;ES;4
8080;2;596;3957;3685;4617;121;ES;2
8080;2;851;3947;5227;4061;119;PP;4
8080;2;1084;3879;4148;5231;121;ES;4
8080;2;1200;4502;3318;3685;121;PP;2
8080;3;1191;4721;3856;4617;121;ES, ENG;2
8081;1;75;4060;5475;5265;0;ES;2
8081;2;1123;4060;4380;;0;SH;3
8081;3;426;4060;5265;4756;0;PP;3
8081;3;479;5475;4349;4160;0;ES;3
8081;3;540;4060;5475;5092;0;ES;2
8082;1;162;5097;4609;4466;122;ES;2
8082;1;649;5694;4466;3688;122;ES;2
8082;1;974;4469;4487;5086;122;ES;3
8082;2;629;5654;4354;4929;122;ES;4
8082;2;793;4759;4751;4754;120;ES;1
8082;3;805;4350;5694;3688;122;ES;2
8083;1;1189;4605;5680;4940;8;ES;1
8083;2;399;4940;5680;5701;8;ES;4
8083;3;52;4940;4371;4369;8;ES;2
8083;3;930;4346;5232;4604;123;ES;3
8084;1;23;3450;4601;;3;ES;2
8084;2;164;5477;5703;5287;118;PP;4
8084;2;212;5246;;;3;ES;4
8084;2;626;5398;4365;5417;3;ES;1
8084;3;756;4377;4495;4072;3;SH;1
8084;3;1200;3131;3450;4475;3;ES;4
8085;1;501;5286;4146;4743;5;ES;3
8085;2;243;5654;4942;4354;122;ES;3
8085;2;274;4466;5694;3688;122;ES;2
8085;3;93;5694;4350;4929;122;ES;3
8085;3;749;3885;4152;4146;5;ES;2
8085;3;1196;4767;;;122;ES, ENG;1
8085;3;1199;5097;4469;4942;122;ES;1
8086;1;869;4948;5105;5278;118;ES;3
8086;1;1065;4351;;;8;ES;2
8086;2;187;4615;5477;5703;118;ES;3
8086;2;205;4353;4137;3433;8;ES;2
8086;2;680;4761;5088;5105;118;PP;3
8086;2;981;5684;4948;5239;118;ES;3
8086;3;152;3433;4741;4353;8;ES;2
8086;3;253;4741;4940;4351;8;ES;2
8086;3;732;4369;5701;;8;PP;3
8086;3;743;4948;5105;5684;118;ES;4
8087;1;119;5109;4619;5244;9;ES;4
8087;2;1062;4494;4618;4751;120;PP;3
8087;3;582;4723;4376;3695;9;PP;4
8088;1;1105;5232;4357;4922;123;PP;3
8088;2;459;3947;5438;4953;119;ES;3
8088;2;659;4501;5208;5045;119;PP;2
8088;2;960;5232;5196;;123;ES;3
8088;3;250;5733;4608;5045;119;ES;2
8088;3;508;4501;;;119;ES;2
8088;3;1198;3320;4926;;119;ES;1
8089;1;93;5078;5461;2831;10;PP;3
8089;3;13;5684;5287;5239;118;ES;2
8089;3;398;5287;5703;5477;118;ES;1
8090;2;542;5654;4354;5678;122;ES;3
8090;2;689;4469;4350;4942;122;ES;3
8090;2;931;4469;4487;4066;122;ES;2
8091;1;568;4939;4723;5260;9;ES;2
8091;2;102;5260;5073;4723;9;ES;4
8091;2;573;4723;5260;5244;9;ES;3
8091;3;72;3328;5443;4160;0;ES;2
8091;3;1130;5075;5265;5107;0;PP;3
8092;1;190;5238;4494;4754;120;SH;2
8092;3;614;5080;4065;4754;120;PP;2
8092;3;758;4371;4369;5701;8;PP;3
8092;3;1004;4065;4751;4754;120;ES;3
8092;3;1135;5080;4754;4751;120;ES, ENG;1
8093;1;35;5232;4357;3967;123;ES;1
8093;1;331;4346;4465;4473;123;ES;3
8093;2;261;4604;4922;4497;123;ES;1
8093;2;1162;4490;4604;5074;123;ES;1
8093;3;200;4346;4473;5196;123;ES;2
8093;3;589;4731;5231;4502;121;ES;3
8093;3;1064;5196;4604;4922;123;ES;1
8094;1;257;4475;5398;;3;PP;4
8094;1;1015;4728;4766;5405;5;ES;3
8094;1;1118;4471;5082;4962;5;ES;4
8094;2;192;4601;;;3;ES;3
8094;2;206;4475;4768;4601;3;ES;4
8094;3;157;4601;5246;4768;3;ES;2
8094;3;176;4601;4475;5246;3;ES;3
8094;3;365;3131;4348;4138;3;ES;3
8094;3;400;4601;4475;5246;3;ES;3
8094;3;419;5405;4766;4743;5;ES;3
8095;2;354;4374;3885;4044;5;ES;4
8095;2;1199;4742;4926;4627;119;ES;1
8095;3;375;4608;3867;4953;119;ES;4
8095;3;879;5227;4627;4742;119;ES;1
8096;2;295;4723;5260;4619;9;ES;4
8096;2;403;4945;5073;5260;9;ES;1
8096;2;969;4945;4139;4376;9;ES;2
8096;2;1067;4354;5086;5654;122;ES;3
8096;3;53;5678;4942;4354;122;ES;2
8096;3;1116;4939;5235;;9;ES;2
8097;1;400;4940;5288;4371;8;PP;3
8097;3;32;5061;5701;5401;8;PP;4
8097;3;65;4761;5233;5088;118;ES;2
8097;3;294;4605;5061;4351;8;ES;3
8097;3;1198;5444;;;8;ES, ENG;2
8098;1;588;4160;5075;;0;ES;2
8098;1;1173;4380;4349;5475;0;PP;2
8098;2;246;4060;3328;5092;0;ES;3
8098;2;452;3328;5107;4060;0;ES;3
8098;2;721;5231;3864;4617;121;ES;4
8098;3;175;3460;;;121;ES;2
8098;3;232;3328;4941;4160;0;ES;3
8098;3;521;3328;5107;5092;0;SH;3
8098;3;918;4060;;;0;ES;4
8098;3;935;5075;4763;4160;0;ES;3
8098;3;981;4725;3864;4730;121;ES;3
8099;1;1197;4729;5078;3869;10;ES;4
8099;2;681;5238;4480;;120;SH;2
8099;3;532;4158;4381;4367;10;PP;1
8100;2;206;5684;5287;5239;118;ES;2
8100;2;220;5233;4761;5088;118;ES;3
8100;3;11;5233;4761;5239;118;ES;2
8100;3;682;4350;5694;4469;122;PP;3
8101;1;506;4060;5265;;0;PP;3
8101;2;187;4372;4741;5061;8;ES;3
8101;2;847;4369;5444;4940;8;ES;3
8101;2;1093;5075;5265;5473;0;ES;3
8101;3;624;5473;4160;4756;0;ES;2
8101;3;724;5265;;;0;ES;2
8102;1;162;3318;5425;4927;121;PP;3
8102;2;60;4617;5231;4731;121;ES;1
8102;2;583;5231;4730;3460;121;ES;1
8102;2;620;4617;4731;3856;121;ES;2
8102;3;101;4730;3460;4725;121;ES;3
8102;3;882;5425;4731;;121;ES;3
8102;3;900;4962;3337;4044;5;ES;4
8102;3;1136;4152;3337;4044;5;ES;4
8103;1;937;5078;5461;4367;10;PP;4
8103;2;512;3862;4497;4604;123;ES;2
8103;2;536;5058;4381;4367;10;ES;2
8103;2;1022;3862;4604;4744;123;ES;2
8103;2;1159;4158;5461;4381;10;ES;1
8103;2;1196;5058;5461;4957;10;ES;4
8103;3;242;2831;4729;4957;10;ES;4
8103;3;332;4465;5196;4357;123;ES;3
8103;3;1141;4040;4158;4747;10;ES, ENG;2
8104;1;221;5235;4139;4483;9;ES;3
8104;1;449;4348;5398;4475;3;PP;1
8104;1;576;3131;5246;4348;3;ES;2
8104;1;799;5109;5094;4376;9;PP;3
8104;1;1196;5073;4945;4139;9;ES;1
8104;2;831;5246;;;3;ES;4
8104;2;869;3450;4475;4601;3;PP;1
8104;2;1158;4719;4139;5073;9;ES;4
8104;3;151;3131;4348;4475;3;PP;3
8104;3;778;4365;5417;4348;3;ES;4
8105;1;1199;4154;;;3;ES;4
8105;2;961;4146;5082;4743;5;ES;3
8105;3;196;5405;4962;4044;5;ES;2
8105;3;1185;3885;4762;4149;5;ES;3
8106;1;805;5232;4357;3967;123;ES;3
8106;1;987;4604;3862;4490;123;ES;2
8106;2;584;5074;4604;5057;123;ES;4
8106;2;897;4953;4926;4742;119;ES;1
8106;3;1197;5232;4366;4490;123;ES, ENG;4
8107;1;591;5654;4767;4487;122;ES;3
8107;2;17;5080;4492;4065;120;SH;3
8107;2;825;5086;4609;4354;122;ES;1
8107;2;1081;4606;4480;5673;120;SH;1
8108;2;326;4730;3460;4148;121;ES;3
8108;2;687;4376;3695;4483;9;ES;1
8108;3;340;4939;4723;5109;9;ES;3
8108;3;348;4945;4619;5073;9;ES;1
8109;1;236;4369;4940;4605;8;ES;2
8109;1;289;4371;4369;5701;8;ES;4
8109;1;486;4353;3433;5701;8;SH;3
8109;2;13;4369;4741;5701;8;ES;3
8109;2;98;4721;4927;5425;121;PP;2
8109;2;795;4741;4353;3433;8;ES;2
8109;2;1196;5061;5680;4353;8;ES;3
8109;3;219;3460;5231;3864;121;ES;4
8109;3;432;5401;4372;5701;8;ES;2
8109;3;462;4940;4760;4369;8;ES;1
8110;1;195;4471;4728;3434;5;PP;3
8110;1;299;4723;4939;5235;9;ES;2
8110;2;982;4471;;;5;ES;4
8110;3;67;4762;4149;4743;5;ES;3
8111;2;928;5092;3328;5265;0;ES;3
8111;3;612;4060;5075;5265;0;PP;3
8112;1;36;4729;3869;4158;10;ES;1
8112;1;816;4948;5278;5703;118;ES;3
8112;2;1041;5684;5287;4840;118;ES;3
8112;3;726;4367;4957;2831;10;ES;2
8113;1;917;4350;;;122;PP;4
8113;2;558;4469;4350;5097;122;ES;3
8114;1;1051;3136;4357;4366;123;ES;2
8114;1;1192;4365;5398;4495;3;ES;4
8114;2;731;4601;4495;4475;3;ES;3
8114;3;475;4365;4041;5246;3;ES;4
8114;3;544;5398;4365;4938;3;ES;2
8114;3;911;4490;4357;4922;123;PP;1
8114;3;1122;5417;4495;;3;SH, ENG;1
8115;1;951;4465;3967;4744;123;ES;3
8115;2;506;4149;4962;4373;5;ES;2
8115;2;574;4744;4473;3862;123;ES;3
8115;3;186;5232;4357;3967;123;ES;2
8115;3;1132;3862;4604;5057;123;ES, ENG;3
8116;1;287;4619;5235;4945;9;ES;1
8116;1;368;5109;5094;3695;9;ES;3
8116;1;1120;4139;5695;5244;9;ES;3
8116;2;455;4945;3695;5244;9;ES;2
8116;2;595;4723;4939;5244;9;ES;3
8116;2;1055;5073;3695;4939;9;ES;1
8116;2;1085;4139;4619;4945;9;ES;4
8116;3;96;4939;4723;4719;9;ES;2
8116;3;795;4939;;;9;ES;2
8117;1;795;5088;5233;;118;ES;3
8117;3;772;5105;5684;5287;118;ES;3
8118;1;108;4349;;;0;ES;4
8118;1;960;4060;5475;5265;0;ES;2
8118;2;62;5265;5107;;0;ES;4
8118;2;397;4721;4617;5231;121;ES;2
8118;2;877;5075;5473;4160;0;ES;3
8118;3;115;4763;4474;5475;0;ES;3
8118;3;244;4060;5075;4756;0;PP;3
8118;3;761;4060;5092;4941;0;ES;2
8118;3;1002;5475;5265;5107;0;ES;4
8118;3;1063;4148;4721;5425;121;ES;1
8119;1;742;5078;4729;4367;10;PP;3
8119;2;512;4729;5078;4367;10;PP;2
8119;3;15;5061;5444;5401;8;ES;2
8119;3;69;2831;5078;3455;10;ES;2
8119;3;1079;3433;;;8;ES;4
8120;1;477;4354;5654;;122;ES;2
8120;1;842;4609;4354;4066;122;ES;3
8120;1;984;5417;4138;3131;3;ES;2
8120;2;121;4365;4475;5398;3;ES;3
8120;2;472;4601;4475;4041;3;ES;3
8120;2;726;4138;;;3;SH;4
8120;2;1198;4938;5398;4495;3;ES;4
8120;3;401;5097;5654;4929;122;ES;1
8120;3;950;4601;;;3;ES;4
8120;3;1078;4938;4348;5246;3;ES;3
8120;3;1150;4365;4938;4041;3;ES;4
8121;1;342;4501;5208;5045;119;PP;4
8121;2;162;4762;4743;5405;5;ES;4
8121;2;191;4742;4734;3867;119;ES;3
8121;2;257;4926;5208;5045;119;PP;1
8121;2;1041;4471;4762;4743;5;ES;2
8121;3;1062;4374;5082;5406;5;ES;4
8121;3;1151;4374;4962;5082;5;PP;2
8122;1;498;4761;5233;4959;118;ES;3
8122;2;1105;5287;5105;5477;118;PP;3
8122;3;599;3433;4353;4741;8;ES;1
8123;1;685;4376;4619;4945;9;ES;1
8123;1;981;4723;4376;;9;PP;3
8123;2;111;4376;5109;4483;9;ES;4
8123;2;236;4723;4939;4376;9;PP;1
8123;3;420;5109;4139;5235;9;ES;3
8123;3;781;5109;5094;5073;9;ES;3
8123;3;1016;5109;4945;;9;ES;3
8123;3;1195;4945;5109;5244;9;ES;3
8124;1;294;4060;5075;4349;0;ES;2
8124;1;312;4763;4941;4474;0;ES;3
8125;1;328;5654;4354;5678;122;ES;3
8125;1;558;5694;4487;4942;122;PP;2
8125;1;1061;4487;4350;4066;122;ES;3
8125;2;142;5654;3688;4354;122;ES;3
8125;2;1002;4725;3460;4071;121;ES;3
8125;3;11;4730;3460;4502;121;ES;3
8126;1;1112;4357;3967;4922;123;ES;3
8126;3;598;4618;4751;4737;120;PP;2
8127;2;1070;5246;5417;4768;3;ES;3
8127;3;370;4475;5246;;3;ES;3
8127;3;642;5246;4365;4768;3;ES;3
8128;1;424;4060;5075;4160;0;ES;3
8128;1;817;5475;4146;4349;0;PP;4
8128;3;53;4060;4756;5265;0;PP;3
8128;3;327;5475;4060;4349;0;ES;3
8128;3;573;4501;5208;5045;119;ES;3
8129;1;222;4483;3695;4376;9;PP;2
8129;1;380;4619;4139;5695;9;ES;1
8129;1;923;2831;4729;3885;10;PP;4
8129;1;1083;4367;4355;5058;10;PP;1
8129;3;905;3695;4945;4939;9;ES;4
8130;2;42;4149;4743;;5;ES;4
8130;2;206;4606;4360;4618;120;ES;3
8130;2;1003;4618;4606;4360;120;ES;3
8130;3;101;4618;4751;;120;PP;2
8130;3;999;5286;4962;5659;5;PP;4
8131;1;1161;5232;4922;4490;123;PP;2
8131;2;198;4354;5678;5654;122;ES;4
8131;3;13;3136;3967;5196;123;ES;3
8131;3;568;4346;4465;4490;123;ES;3
8132;1;292;5286;5659;4743;5;ES;3
8132;1;359;5477;5287;5703;118;ES;3
8132;2;363;4959;4924;5684;118;ES;1
8132;2;1056;4962;4374;5659;5;PP;1
8132;2;1132;4761;5239;5684;118;ES;4
8132;3;218;5236;5684;;118;PP;1
8132;3;1186;4924;5105;4840;118;ES, ENG;1
8133;1;36;4371;4940;5701;8;ES;2
8133;1;857;4371;4940;;8;ES;3
8133;2;12;4353;4741;4760;8;ES;3
8133;3;58;5061;5444;;8;ES;2
8133;3;409;4731;3856;4617;121;ES;3
8134;1;27;2831;3869;3885;10;ES;4
8134;1;269;4040;;;10;ES;3
8134;1;906;4381;5461;5269;10;ES;2
8134;3;428;4729;2831;5269;10;ES;2
8134;3;713;5078;4367;5461;10;ES;4
8135;1;771;5398;4475;3450;3;PP;3
8135;2;469;5246;4601;3450;3;ES;3
8135;2;630;4751;5072;4492;120;ES;2
8135;2;783;4365;4938;5398;3;ES;3
8135;3;712;4065;4494;5072;120;SH;2
8135;3;1172;4601;5246;4495;3;ES, ENG;2
8136;1;12;4465;4346;4490;123;ES;2
8136;1;271;4723;5260;4939;9;ES;3
8136;2;1170;5109;5094;5244;9;ES;3
8136;3;221;4139;5094;;9;ES;2
8137;2;1120;4494;4754;5214;120;ES;3
8137;3;1038;5714;5238;4618;120;ES;3
8138;1;521;3947;5733;4627;119;ES;2
8138;2;214;4742;3867;5227;119;ES;2
8138;2;292;4940;4372;4605;8;ES;2
8138;3;98;4926;4608;4627;119;ES;1
8138;3;199;5701;4940;4371;8;PP;1
8138;3;343;5045;5704;5208;119;ES;2
8138;3;1139;4605;4372;4940;8;ES;1
8139;2;232;5078;4381;4158;10;ES;3
8139;3;499;4146;4060;5107;0;PP;2
8139;3;853;4381;4957;3053;10;ES;2
8139;3;1193;5461;5078;5269;10;ES, ENG;2
8140;1;782;4466;5694;4066;122;ES;3
8140;2;416;5654;4354;5678;122;ES;3
8140;2;541;3688;4469;4929;122;ES;3
8140;2;598;4721;4927;3318;121;PP;3
8140;2;890;3460;4730;4725;121;ES;2
8140;2;905;4466;5694;4942;122;ES;3
8140;3;324;4731;4725;4502;121;SH;3
8140;3;541;4617;4731;4071;121;ES;3
8141;1;805;3434;5659;4962;5;ES;3
8141;2;127;3695;4619;5244;9;ES;4
8141;2;252;4723;4483;4376;9;ES;3
8141;2;424;4374;4373;;5;PP;3
8141;2;628;4962;5051;5286;5;ES;2
8141;2;800;4471;5051;;5;ES;2
8141;2;1097;4149;3434;4763;5;ES;3
8142;1;64;4060;5265;4160;0;ES;4
8142;1;169;4940;4371;5288;8;PP;1
8142;1;211;5475;5265;5107;0;ES;1
8142;1;624;3433;4353;4605;8;PP;1
8142;2;413;5075;4146;;0;ES;4
8142;2;826;5265;5475;3337;0;ES;4
8142;3;990;4146;;;0;PP;4
8143;1;56;2831;3885;3869;10;ES;3
8143;2;164;5078;4729;3885;10;PP;2
8143;2;478;5654;3688;4767;122;ES;3
8143;3;311;4466;;;122;PP;3
8144;1;661;4501;4926;4953;119;ES;3
8144;1;1087;4730;4725;4148;121;ES;4
8144;1;1188;3460;4730;4725;121;ES;1
8144;2;719;4608;5227;4734;119;ES;3
8144;2;781;5704;3947;4501;119;ES;3
8144;2;798;4730;4502;4725;121;ES;3
8144;2;861;4926;4734;3320;119;ES;3
8144;2;904;3318;4721;4823;121;ES;2
8144;3;141;4823;4730;4148;121;ES;1
8144;3;988;5227;3867;4926;119;ES;4
8145;1;464;4604;4357;4366;123;ES;2
8145;1;958;4365;5246;4768;3;ES;3
8145;2;866;3131;3450;5398;3;ES;4
8145;3;324;5232;4346;3967;123;PP;3
8145;3;454;4346;4922;5232;123;PP;3
8145;3;1058;3862;4366;;123;ES;2
8145;3;1072;4475;5246;3450;3;ES;3
8146;3;475;3967;4744;3862;123;ES;3
8146;3;1197;5057;3862;4366;123;SH, ENG;1
8146;3;1200;4366;3862;5057;123;SH;1
8147;2;78;4721;4730;3856;121;ES;3
8147;2;920;4730;3864;4721;121;ES;3
8147;2;1067;4939;5260;4723;9;ES;2
8147;3;321;4939;5109;5260;9;ES;1
8147;3;404;3318;3864;5425;121;PP;4
8147;3;518;4376;3695;4945;9;ES;3
8148;2;685;4149;4762;5411;5;ES;3
8148;2;927;5051;5411;5286;5;ES;4
8148;3;192;4763;5659;3434;5;ES;3
8149;1;570;4349;;;0;SH;3
8149;1;906;4060;5265;5475;0;ES;3
8149;1;953;5458;4737;5080;120;ES;3
8149;1;973;5443;5265;4380;0;ES;3
8149;3;465;5265;4756;5075;0;ES;2
8150;1;417;5694;4466;4929;122;ES;3
8150;3;226;4609;5097;4466;122;ES;4
8150;3;329;4354;4609;3688;122;ES;2
8150;3;1148;4350;4354;4942;122;ES;2
8151;1;378;3947;5208;5227;119;ES;2
8151;1;710;3131;4138;4152;3;ES;3
8151;2;788;4365;5246;4475;3;ES;4
8151;3;169;5246;4758;3450;3;PP;3
8151;3;230;5733;3867;3320;119;ES;2
8151;3;439;4938;5417;4768;3;ES;2
8151;3;1170;4348;4152;4365;3;ES, ENG;1
8152;1;134;4939;4363;3695;9;PP;1
8152;1;392;4139;5109;4723;9;PP;3
8152;1;879;4369;5701;5288;8;PP;3
8152;1;933;3695;4723;4483;9;PP;4
8152;1;1046;3695;4483;4945;9;ES;2
8152;2;969;4945;4363;4139;9;ES;2
8152;3;487;3695;4483;5094;9;ES;4
8153;1;946;5088;5477;4840;118;ES;3
8153;2;352;5287;5236;;118;PP;4
8153;2;603;5075;4146;4349;0;ES;2
8153;2;1072;5107;4060;4160;0;ES;1
8153;2;1137;5233;4761;5105;118;ES;2
8153;3;390;4146;5107;5265;0;ES;3
8153;3;678;5475;5107;;0;ES;3
8153;3;908;4060;5075;4349;0;ES;4
8153;3;957;5703;5684;5477;118;PP;2
8155;1;546;3460;4721;4502;121;ES;2
8155;2;17;4617;4731;4823;121;ES;2
8155;2;133;4762;4149;5286;5;ES;2
8155;2;273;4149;4762;;5;SH;1
8155;2;474;4730;3460;4617;121;PP;3
8156;1;588;5444;;;8;ES;3
8156;1;1111;4723;4939;3695;9;PP;3
8156;3;151;4369;4372;4605;8;PP;3
8156;3;782;4760;5444;;8;PP;2
8157;1;222;4060;5475;4146;0;PP;3
8157;1;250;4742;4953;3867;119;ES;2
8157;1;273;5733;4742;4953;119;ES;1
8157;1;349;4060;5075;4160;0;ES;3
8157;1;546;5443;4380;4349;0;ES;4
8157;1;834;3867;4742;5045;119;ES;1
8157;2;514;4060;;;0;PP;4
8157;2;745;4146;5265;5075;0;ES;3
8157;3;904;4060;3328;5265;0;ES;3
8157;3;1053;4756;5475;4146;0;PP;1
8158;1;150;5058;4367;4040;10;ES;2
8158;2;235;5078;5058;4729;10;ES;2
8158;3;113;4040;3053;5058;10;ES;3
8158;3;152;4957;4381;4747;10;ES;1
8158;3;1168;4040;4355;4381;10;ES;2
8160;1;509;4138;4152;5417;3;ES;4
8160;2;582;4475;5246;;3;ES;2
8160;3;27;4938;5398;4768;3;ES;1
8160;3;236;5417;3131;4152;3;ES;1
8160;3;350;3131;4475;4758;3;ES;4
8160;3;432;4072;5246;4938;3;ES;2
8160;3;639;5080;4065;5458;120;ES;4
8161;1;221;4763;4471;5051;5;ES;3
8161;1;633;4494;4065;4594;120;ES;3
8161;1;975;4494;4751;4065;120;ES;3
8161;2;593;4618;4754;5458;120;ES;4
8161;2;1065;5286;5659;;5;PP;4
8162;2;482;4365;4938;4758;3;ES;3
8162;2;1044;4495;4475;4072;3;ES;1
8162;3;1099;3450;4138;3131;3;PP, ENG;2
8163;1;121;3695;4719;5073;9;ES;3
8163;1;949;5109;5094;3695;9;ES;3
8163;2;599;4723;5094;5260;9;ES;3
8163;2;934;3695;4139;4619;9;ES;2
8163;2;1127;5233;;;118;ES;2
8163;3;180;5260;4619;4945;9;ES;2
8163;3;560;4139;4619;5109;9;ES;3
8164;1;14;4469;4487;4350;122;ES;3
8164;1;450;5733;3320;3867;119;ES;2
8164;2;29;4609;4942;5694;122;PP;3
8164;2;512;5208;3947;4627;119;SH;1
8164;2;575;5097;4354;3688;122;ES;3
8164;3;262;4469;4487;4466;122;ES;3
8164;3;525;3947;4501;4742;119;PP;2
8164;3;1175;5654;4469;5097;122;ES, ENG;3
8165;1;197;4355;5269;4158;10;ES;4
8165;1;665;3885;4729;4367;10;ES;3
8165;1;770;5461;4158;5078;10;ES;2
8165;2;748;4040;5058;4367;10;ES;2
8165;3;59;4729;2831;4158;10;PP;1
8165;3;365;4729;5269;2831;10;ES;3
8165;3;373;4381;5078;5461;10;ES;2
8165;3;1197;5058;4957;3885;10;ES;2
8166;1;374;4146;5265;4044;0;ES;3
8166;2;483;4060;3337;3328;0;ES;3
8166;2;611;5075;;;0;ES;4
8166;2;689;5473;4044;5475;0;ES;3
8166;2;746;4473;3862;4922;123;ES;4
8166;3;35;4146;4349;5075;0;ES;3
8166;3;677;4357;4744;3967;123;PP;2
8166;3;1126;3328;5473;4941;0;ES;3
8166;3;1187;4146;5075;4349;0;ES;3
8167;1;464;5061;5680;4605;8;ES;2
8167;2;254;4371;4940;5701;8;PP;2
8167;2;951;5051;4743;5449;5;ES;2
8168;1;75;4060;4146;5475;0;PP;3
8168;1;740;5443;3337;4044;0;ES;2
8168;2;406;3328;5473;3337;0;ES;2
8302;1;110;4465;4037;3967;123;ES;2
8302;1;602;5438;4608;4627;119;SH;3
8302;1;821;3862;4037;4473;123;ES;3
8302;1;911;3967;4346;5057;123;ES;4
8302;2;159;3967;4357;4490;123;ES;1
8302;2;353;3136;5196;4366;123;ES;3
8302;2;719;4357;3862;4922;123;ES;3
8304;2;649;5417;4348;4377;3;ES;4
8304;3;401;4601;4938;4475;3;ES;3
8304;3;913;4355;3053;4957;10;ES;3
8306;1;12;4369;4940;5288;8;ES;2
8306;1;459;5701;4369;4940;8;PP;3
8306;2;1004;5703;5715;5684;118;PP;1
8306;2;1092;4371;4940;5288;8;PP;2
8306;3;1164;4369;4940;4605;8;ES, ENG;3
8308;2;322;4480;;;120;ES;3
8308;2;1003;5714;4751;5072;120;PP;2
8308;2;1197;4751;5403;4737;120;ES;3
8310;1;264;5286;4762;4149;5;ES;3
8310;1;663;3318;3879;3685;121;ES;2
8310;1;842;4146;3885;5082;5;ES;4
8310;2;174;4146;4373;4152;5;PP;3
8310;2;297;3879;3318;;121;ES;3
8310;2;973;4152;3434;;5;ES;3
8310;3;817;4762;4149;5286;5;ES;3
8310;3;841;4149;4743;5659;5;ES;4
8312;1;576;4160;4060;5075;0;ES;1
8312;1;906;5075;4060;3328;0;PP;3
8312;2;373;4060;5075;4160;0;ES;1
8314;1;1197;4146;3885;4373;5;PP;4
8314;2;333;4149;4373;4471;5;ES;2
8314;2;379;4609;4929;5097;122;PP;3
8314;3;351;4487;4350;5086;122;ES;2
8314;3;586;3885;4152;4146;5;PP;3
8314;3;638;5654;5097;3688;122;ES;3
8314;3;801;3885;;;5;ES;4
8314;3;819;3337;4146;4044;5;ES;2
8314;3;923;4609;4466;3688;122;ES;2
8316;1;136;4756;5473;4941;0;SH;1
8316;1;159;5398;3450;4138;3;PP;2
8316;1;1154;4938;4955;5687;3;ES;4
8316;2;162;4041;4138;4938;3;ES;1
8316;2;279;4060;5075;4069;0;ES;3
8316;2;932;4475;3450;4938;3;ES;3
8316;2;1094;4041;3450;4475;3;ES;1
8316;3;248;5398;4938;4138;3;ES;2
8318;1;646;4721;4943;4071;121;ES;2
8318;1;693;5568;5264;4148;121;ES;1
8318;1;827;5290;5231;4721;121;ES;3
8318;1;1024;5714;5072;4751;120;PP;2
8318;1;1079;5240;5290;;121;PP;3
8318;2;689;5450;4721;5290;121;ES;3
8318;2;1141;5231;4077;5450;121;SH;2
8318;3;37;4943;5290;5450;121;ES;2
8318;3;128;4065;4737;4751;120;ES;2
8320;1;41;4346;4490;3967;123;PP;2
8320;1;97;4357;5196;3136;123;ES;2
8320;1;851;4139;4488;5832;9;ES;3
8320;2;395;4619;4939;4723;9;ES;1
8320;3;80;4723;4939;5073;9;ES;3
8320;3;636;3862;4490;3136;123;ES;3
8322;1;624;5236;5703;5287;118;ES;1
8322;2;89;5287;5703;5684;118;PP;3
8322;3;1129;5287;5105;5239;118;SH, ENG;1
8324;1;419;5701;5276;4940;8;ES;1
8324;1;525;2831;3667;3869;10;ES;3
8324;2;47;5058;4158;4381;10;SH;2
8324;2;141;4729;3053;2831;10;PP;3
8324;2;829;5078;2831;;10;PP;2
8324;2;923;5078;2831;4367;10;PP;2
8324;2;1109;2831;5058;3053;10;ES;2
8326;1;472;5233;5420;4761;118;ES;2
8326;1;1171;4721;5290;5231;121;ES;2
8326;2;318;5428;5088;5105;118;ES;4
8326;2;779;5088;5658;4959;118;ES;3
8330;1;33;4365;4475;4601;3;ES;4
8330;1;124;4138;4365;4072;3;ES;4
8330;1;497;4938;4138;3131;3;ES;2
8330;1;572;4475;4601;4365;3;ES;3
8330;1;820;4601;4365;;3;ES;3
8330;1;1178;4365;4475;4041;3;ES;2
8330;2;117;4365;4138;4601;3;ES;3
8330;2;524;4154;3131;5246;3;ES;3
8330;2;921;4365;;;3;ES;4
8330;2;1191;3136;4465;4490;123;ES;4
8330;3;419;3967;4037;4922;123;ES;3
8330;3;469;4475;4365;4601;3;ES;3
8330;3;611;3862;4473;4037;123;ES;2
8330;3;859;5246;4072;5417;3;ES;3
8332;1;936;4609;4929;4354;122;PP;3
8332;1;1198;4350;4487;4942;122;ES;2
8332;2;121;4371;;;8;ES;3
8332;2;520;4371;4369;;8;ES;4
8332;2;562;4372;;;8;ES;1
8332;2;871;5694;4942;4350;122;PP;1
8332;3;302;5444;5680;5271;8;SH;3
8332;3;362;5444;5271;5680;8;ES;3
8332;3;612;4487;5097;4929;122;ES;3
8332;3;953;5694;4350;3688;122;ES;2
8334;1;234;4349;5475;5265;0;ES;3
8334;1;313;5473;4069;4941;0;ES;3
8334;1;374;4763;5475;4349;0;ES;3
8334;1;680;4349;5475;5449;0;ES;2
8334;1;924;5075;4060;4160;0;ES;2
8334;2;117;5075;4060;5265;0;ES;2
8334;2;276;4488;3695;5094;9;PP;3
8334;2;566;4941;5449;;0;ES;1
8334;2;988;4488;4719;5109;9;ES;4
8334;3;277;5475;5265;5075;0;ES;2
8336;1;293;4751;5440;5681;120;ES;3
8336;1;394;5659;3434;4962;5;ES;2
8336;1;719;4480;5080;5403;120;ES;4
8336;3;55;5403;5682;5458;120;PP;1
8336;3;497;4149;3337;5286;5;ES;4
8336;3;735;4146;3885;4152;5;ES;2
8338;1;71;3957;4617;4927;121;PP;3
8338;1;1015;4730;3685;3864;121;SH;2
8338;2;902;3862;3967;4366;123;ES;2
8338;2;1136;4490;4037;;123;ES;2
8338;3;13;4502;4731;4927;121;ES;4
8338;3;313;3862;4473;;123;ES;4
8338;3;334;3967;5232;4346;123;ES;3
8338;3;616;4931;4927;3318;121;ES;2
8338;3;931;4725;3318;4730;121;ES;2
8340;1;838;3328;5473;4756;0;ES;3
8340;1;882;4060;5475;4763;0;ES;2
8340;2;486;5440;4065;5681;120;ES;2
8340;2;845;4754;4751;5714;120;PP;1
8340;3;203;5265;3328;5107;0;ES;4
8340;3;528;4754;4480;5080;120;ES;1
8340;3;883;4763;4060;5265;0;ES;3
8340;3;1105;5075;4060;5265;0;ES;3
8342;1;1090;5654;5097;4066;122;ES;3
8342;2;287;5678;4354;4066;122;SH;2
8342;2;1199;4139;5109;3695;9;ES;4
8342;3;335;5654;4350;5086;122;ES;3
8342;3;677;3695;4139;4376;9;ES;3
8342;3;1029;4939;4719;4139;9;ES;1
8344;2;229;4149;5659;4962;5;ES;4
8344;3;292;5288;5701;;8;PP;3
8346;1;206;4138;;;3;ES;4
8346;2;470;3131;4377;5246;3;ES;3
8346;2;481;5287;5477;5105;118;ES;2
8346;3;432;4601;;;3;ES;4
8346;3;979;5684;5477;5239;118;ES;3
8348;1;824;5078;2831;4729;10;PP;3
8348;2;722;5461;4355;5058;10;ES;2
8348;2;852;4501;4956;4953;119;ES;3
8348;2;942;3455;;;10;SH;2
8348;3;127;2831;4729;5439;10;PP;2
8348;3;891;5058;4381;5269;10;SH;2
8350;1;162;4060;4160;4756;0;ES;4
8350;1;1147;4475;4348;4601;3;ES;4
8350;2;970;4941;3328;4349;0;ES;1
8350;3;431;3328;4763;5092;0;PP;3
8350;3;787;5075;5443;4160;0;ES;1
8350;3;979;5075;4349;5092;0;ES;1
8352;1;26;4940;4369;4371;8;ES;3
8352;1;311;3433;;;8;ES;4
8352;1;1048;4357;3967;4490;123;ES;3
8352;2;41;5401;3433;5444;8;ES;3
8352;2;873;3136;4357;4490;123;ES;2
8352;2;1079;3862;5232;4346;123;ES;2
8352;3;688;3967;4490;3136;123;PP;2
8352;3;727;4371;5061;;8;ES;4
8352;3;851;5232;4490;;123;PP;2
8352;3;1043;3862;5057;4473;123;ES;3
8354;1;1061;4737;5673;4065;120;ES;2
8354;2;851;4737;;;120;ES;4
8354;2;1087;5714;4751;5072;120;PP;2
8354;2;1196;5440;5072;5682;120;ES;1
8354;3;924;5287;5658;5236;118;ES;3
8356;1;496;4488;4376;3695;9;ES;3
8356;1;1132;5260;4488;4483;9;ES;2
8356;2;667;5109;5260;;9;SH;3
8356;3;642;4483;3883;5244;9;SH;1
8358;1;13;5078;2831;4158;10;ES;4
8358;1;105;3869;5461;5058;10;ES;1
8358;1;419;5058;5461;;10;ES;3
8358;1;854;5461;4367;3667;10;PP;3
8358;1;1085;5078;2831;4729;10;ES;2
8358;1;1139;5078;4158;4729;10;ES;3
8358;2;984;3667;4355;4381;10;PP;3
8358;2;1165;2831;4158;4367;10;ES;4
8358;3;483;3869;3667;2831;10;PP;2
8360;1;434;5733;5045;4956;119;PP;2
8360;1;464;4146;4152;3885;5;ES;3
8360;1;821;3885;4149;4374;5;ES;3
8360;2;522;4146;5082;4152;5;ES;3
8360;2;822;4146;3885;4044;5;ES;3
8360;2;919;4146;3885;3337;5;ES;3
8360;2;1044;4926;4734;5208;119;ES;2
8362;1;321;4376;3695;4723;9;PP;1
8362;1;341;5072;4737;4751;120;ES;1
8362;1;864;3695;4488;5094;9;ES;1
8362;2;165;4939;3695;4376;9;PP;3
8362;2;1164;5673;4737;5458;120;ES;1
8362;3;361;4488;3883;4139;9;ES;2
8362;3;809;5458;5440;5682;120;ES;3
8362;3;1036;4139;5109;4939;9;ES;2
8362;3;1174;4139;;;9;ES, ENG;2
8364;1;230;4146;3885;4152;5;ES;2
8364;1;872;3450;4601;4475;3;PP;1
8364;2;246;4154;5398;4365;3;ES;2
8366;1;360;4355;4367;3053;10;SH;2
8366;1;392;5733;4501;4956;119;PP;4
8366;1;873;4381;2831;4367;10;ES;4
8366;1;1105;3667;5269;5078;10;ES;2
8366;2;1187;4355;3667;5439;10;ES;2
8368;1;513;5654;5097;4066;122;ES;3
8368;1;556;4465;4366;3136;123;ES;4
8368;3;100;4350;5097;4469;122;ES;3
8368;3;114;4466;5694;4609;122;ES;3
8368;3;762;5232;3967;5057;123;ES;3
8370;1;875;4617;4927;5568;121;PP;4
8370;2;539;5288;5701;4369;8;PP;3
8370;2;598;5401;5444;4760;8;ES;3
8370;2;752;5273;5061;5680;8;ES;4
8370;2;1027;4372;5061;5271;8;ES;2
8370;3;278;4940;4760;5444;8;ES;4
8370;3;354;4730;3460;3685;121;ES;3
8372;1;498;5684;5428;5236;118;ES;3
8372;1;887;5075;3328;5265;0;PP;3
8372;2;46;5075;5265;4060;0;ES;4
8372;2;639;4761;5477;5684;118;ES;1
8372;2;909;3328;4941;4380;0;ES;3
8372;3;817;4349;5475;4763;0;ES;4
8372;3;1105;5703;5477;5684;118;PP;1
8374;1;16;4723;4939;4376;9;ES;2
8374;1;94;4723;3695;4376;9;PP;3
8374;1;826;4731;4927;3460;121;ES;3
8374;1;878;4139;5109;3695;9;ES;2
8374;3;603;5094;;;9;ES;2
8374;3;849;5695;4619;3695;9;ES;4
8376;2;662;4146;4152;4044;5;ES;3
8376;2;905;5232;4346;3967;123;ES;3
8376;2;1029;5082;4962;;5;ES;2
8376;3;116;4146;;;5;ES;3
8378;1;1186;4060;5265;5107;0;PP;3
8378;2;402;4763;5475;5107;0;ES;2
8378;2;867;5473;3328;4474;0;ES;2
8378;2;935;4763;5107;4349;0;ES;2
8378;3;406;4060;4756;4160;0;ES;4
8380;1;466;3450;4601;4475;3;PP;1
8380;1;853;5246;;;3;ES;2
8380;1;924;4601;;;3;ES;4
8380;1;1034;5227;5733;4926;119;ES;1
8380;2;1051;4601;4475;3450;3;ES;3
8380;3;742;4365;4495;4758;3;ES;4
8380;3;837;4138;5417;4495;3;SH;3
8382;1;274;4158;5078;4957;10;ES;2
8382;2;323;5269;4381;4957;10;ES;3
8384;1;322;4609;5097;3688;122;ES;3
8384;3;83;5639;5236;;118;ES;4
