Game Id;Period;Time;Player;TeamId;Penalty;Minutes
7845;1;292;4146;5;Tripping;2
7845;2;430;3883;9;High Sticking;2
7845;3;96;4376;9;Holding;2
7845;3;322;4483;9;Holding The Stick;2
7846;1;198;5447;8;Holding;2
7846;1;1132;4940;8;Roughing;2
7846;1;1132;3136;123;Roughing;2
7846;1;1136;4346;123;Unsportsmanlike Conduct;2
7846;1;1194;5288;8;Holding;2
7846;2;28;5196;123;Unsportsmanlike Conduct;2
7846;2;409;3433;8;Unsportsmanlike Conduct;2
7846;2;844;5057;123;Roughing;2
7846;2;865;4940;8;Tripping;2
7846;2;865;4366;123;Slashing;2
7847;1;946;5072;120;Fighting;5
7847;1;946;5227;119;Fighting;5
7847;2;788;4754;120;Roughing;2
7847;3;168;4494;120;Tripping;2
7847;3;327;5704;119;Hooking;2
7847;3;504;5238;120;Holding The Stick;2
7847;3;849;5214;120;Fighting;5
7847;3;849;3320;119;Fighting;5
7847;3;1065;5227;119;Holding;2
7847;3;1171;4594;120;Fighting;5
7847;3;1171;4734;119;Fighting;5
7848;1;114;5654;122;Cross-Checking;2
7848;1;1132;5475;0;Tripping;2
7848;2;42;5654;122;Slashing;2
7848;2;133;5075;0;Cross-Checking;2
7848;2;133;3688;122;Roughing;2
7848;2;714;4942;122;Cross-Checking;2
7848;2;714;4941;0;Slashing;2
7848;3;61;4349;0;Tripping;2
7848;3;204;4609;122;Cross-Checking;2
7848;3;409;5654;122;Tripping;2
7849;1;370;5684;118;Tripping;2
7849;1;676;5233;118;Holding;2
7849;2;256;5057;123;Tripping;2
7849;2;412;5236;118;Hooking;2
7849;2;713;4497;123;Unsportsmanlike Conduct;2
7849;3;251;4604;123;Hooking;2
7849;3;357;5088;118;Tripping;2
7849;3;1004;4615;118;High Sticking;2
7850;1;177;3318;121;Tripping;2
7850;1;404;4374;5;Interference;2
7850;1;564;4146;5;Slashing;2
7850;1;564;4823;121;Unsportsmanlike Conduct;2
7850;1;573;3864;121;Bench;0
7850;1;1004;4152;5;Slashing;2
7850;2;745;4762;5;Hooking;2
7850;3;356;5231;121;Slashing;2
7851;1;806;4353;8;Hooking;2
7851;1;847;4367;10;Unsportsmanlike Conduct;2
7851;1;1017;5276;8;Hooking;2
7851;2;185;4760;8;Holding;2
7852;1;844;5398;3;Hooking;2
7852;1;882;4139;9;Unsportsmanlike Conduct;2
7852;2;107;5260;9;Hooking;2
7852;2;226;4758;3;Tripping;2
7852;3;510;4939;9;Unsportsmanlike Conduct;2
7852;3;750;5094;9;Tripping;2
7852;3;770;4365;3;Tripping;2
7852;3;868;3450;3;Hooking;2
7853;1;482;5080;120;Tripping;2
7853;1;617;5080;120;Roughing;2
7853;1;919;5236;118;High Sticking;2
7853;1;919;4737;120;Roughing;2
7853;1;932;5703;118;Slashing;2
7853;1;1034;4751;120;Holding;2
7853;1;1175;4761;118;Abuse of Official;2
7853;2;69;4492;120;High Sticking Double Minor;4
7853;2;106;4594;120;Unsportsmanlike Conduct;2
7853;2;154;5080;120;High Sticking;2
7853;2;237;5088;118;Unsportsmanlike Conduct;2
7853;2;384;5236;118;Slashing;2
7853;2;552;4924;118;Hooking;2
7853;2;641;5703;118;Unsportsmanlike Conduct;2
7853;2;687;5072;120;Interference;2
7853;3;384;4615;118;Tripping;2
7854;1;171;4137;8;Unsportsmanlike Conduct;2
7854;1;278;4351;8;Cross-Checking;2
7854;1;339;4734;119;Slashing;2
7854;1;732;4605;8;Fighting;5
7854;1;732;4742;119;Fighting;5
7854;1;732;4742;119;Misconduct;10
7854;1;997;5701;8;Tripping;2
7854;3;180;5227;119;Slashing;2
7854;3;180;3433;8;Cross-Checking;2
7855;1;208;5269;10;Bench;0
7855;1;662;3869;10;Tripping;2
7855;1;735;3864;121;Roughing;2
7855;1;1092;5425;121;Holding;2
7855;2;380;3957;121;Tripping;2
7855;2;512;5425;121;Roughing;2
7855;3;136;4823;121;Roughing;2
7855;3;163;5078;10;Holding;2
7855;3;668;4957;10;Slashing;2
7855;3;835;4381;10;Hooking;2
7855;3;1148;4617;121;Cross-Checking;2
7856;1;290;5286;5;Roughing;2
7856;2;258;5714;120;High Sticking Double Minor;4
7856;3;191;5082;5;Tripping;2
7856;3;577;4152;5;Slashing;2
7856;3;577;4594;120;Elbowing;2
7856;3;624;4374;5;Hooking;2
7856;3;966;4480;120;Slashing;2
7856;3;966;3434;5;Roughing;2
7856;3;983;4373;5;Bench;0
7856;3;1042;4149;5;Interference;2
7857;1;27;4160;0;Interference;2
7857;1;27;3967;123;High Sticking;2
7857;2;258;4349;0;Tripping;2
7857;2;592;4037;123;Slashing;2
7857;3;52;4346;123;High Sticking;2
7858;1;280;5654;122;Hooking;2
7858;2;205;4377;3;Hooking;2
7858;2;917;4768;3;Unsportsmanlike Conduct;2
7859;1;30;3869;10;Tripping;2
7859;1;305;5073;9;Cross-Checking;2
7859;1;335;4488;9;Hooking;2
7859;1;397;3883;9;Holding The Stick;2
7859;1;559;4040;10;Hooking;2
7859;1;1081;3053;10;Tripping;2
7859;2;215;5461;10;Tripping;2
7859;2;982;4619;9;Roughing;2
7859;3;1197;4483;9;Tripping;2
7860;1;715;5477;118;Cross-Checking;2
7860;1;1018;5477;118;Hooking;2
7860;1;1045;4044;5;Abuse of Official;2
7860;1;1153;5659;5;Hooking;2
7860;2;74;4761;118;Tripping;2
7860;2;123;3885;5;Roughing;2
7860;2;941;4959;118;Unsportsmanlike Conduct;2
7860;3;1122;4374;5;Roughing;2
7860;3;1122;4948;118;High Sticking;2
7860;3;1131;4146;5;Roughing;2
7861;1;153;5075;0;Holding;2
7861;1;184;5208;119;Tripping;2
7861;1;914;4756;0;Roughing;2
7861;1;923;4501;119;High Sticking;2
7861;1;923;4380;0;Slashing;2
7861;2;192;4734;119;Slashing;2
7861;2;763;5704;119;Tripping;2
7861;3;265;3320;119;Hooking;2
7861;3;704;5473;0;High Sticking;2
7861;3;783;4501;119;Hooking;2
7862;1;359;3688;122;Slashing;2
7862;1;1048;5694;122;Tripping;2
7862;2;1016;4730;121;Hooking;2
7862;2;1183;4929;122;Interference;2
7863;1;178;5704;119;Tripping;2
7863;1;301;5088;118;Tripping;2
7863;1;496;5088;118;Hooking;2
7863;1;787;5236;118;Holding;2
7863;1;806;4501;119;Holding The Stick;2
7863;2;316;5201;118;High Sticking;2
7863;2;557;4761;118;Hooking;2
7863;2;625;5287;118;Holding;2
7863;2;657;5208;119;Tripping;2
7863;2;1186;4924;118;Hooking;2
7863;3;892;5088;118;Hooking;2
7863;3;1048;5438;119;Holding The Stick;2
7864;1;403;5086;122;Interference;2
7864;1;1089;5654;122;Roughing;2
7864;2;417;4354;122;Cross-Checking;2
7864;2;961;4066;122;Unsportsmanlike Conduct;2
7864;2;1116;4066;122;Slashing;2
7864;3;36;4146;5;Hooking;2
7865;3;582;5714;120;Hooking;2
7865;3;793;4473;123;Tripping;2
7865;3;876;3862;123;Holding;2
7865;3;980;4492;120;Holding;2
7866;1;504;4348;3;Tripping;2
7866;1;608;5701;8;High Sticking;2
7866;1;733;5398;3;Tripping;2
7866;1;941;4377;3;Hooking;2
7866;1;998;4940;8;Holding;2
7866;2;968;4765;8;Hooking;2
7866;3;110;4768;3;Tripping;2
7866;3;593;5288;8;Tripping;2
7867;1;1107;4605;8;Holding;2
7867;1;1107;5714;120;High Sticking;2
7867;2;563;5214;120;Holding;2
7867;2;654;4760;8;Fighting;5
7867;2;654;4494;120;Fighting;5
7867;3;3;4765;8;Tripping;2
7867;3;457;4372;8;High Sticking;2
7868;1;209;5073;9;Cross-Checking;2
7868;1;690;4763;0;Slashing;2
7868;1;690;4939;9;Unsportsmanlike Conduct;2
7868;1;1094;4719;9;Tripping;2
7868;3;83;4376;9;Interference;2
7868;3;562;4160;0;Slashing;2
7869;1;855;5239;118;Roughing;2
7869;1;1001;4381;10;Roughing;2
7869;1;1025;3455;10;Unsportsmanlike Conduct;2
7869;2;362;2831;10;Fighting;5
7869;2;362;5684;118;Fighting;5
7869;2;368;4761;118;Slashing;2
7869;2;813;2831;10;Fighting;5
7869;2;813;4959;118;Fighting;5
7869;2;1022;4355;10;Tripping;2
7869;3;142;5684;118;Tripping;2
7869;3;203;4615;118;Illegal Check To Head;5
7869;3;306;3869;10;Tripping;2
7869;3;432;4957;10;Bench;0
7870;1;166;5227;119;Fighting;5
7870;1;166;5227;119;Misconduct;10
7870;1;166;4594;120;Fighting;5
7870;1;328;4734;119;Tripping;2
7870;1;390;5214;120;Holding;2
7870;1;618;4734;119;Bench;0
7870;1;763;4065;120;Holding;2
7870;2;19;4492;120;Interference;2
7870;2;30;5208;119;Unsportsmanlike Conduct;2
7870;2;232;5208;119;Hooking;2
7870;2;883;4742;119;Tripping;2
7871;1;564;5239;118;Tripping;2
7871;1;1085;4349;0;Slashing;2
7871;1;1118;4761;118;Bench;0
7871;2;97;5075;0;Holding The Stick;2
7871;2;901;5107;0;Tripping;2
7871;2;930;5236;118;Hooking;2
7871;3;318;5475;0;Cross-Checking;2
7871;3;399;5278;118;Fighting;5
7871;3;399;4941;0;Fighting;5
7871;3;489;5107;0;Bench;0
7871;3;529;5703;118;Holding;2
7872;1;601;4747;10;Tripping;2
7872;1;1018;4754;120;High Sticking;2
7872;2;59;5269;10;Cross-Checking;2
7872;3;185;4040;10;Hooking;2
7872;3;391;3869;10;Hooking;2
7872;3;521;5458;120;Holding;2
7872;3;967;5080;120;Hooking;2
7872;3;967;5078;10;Roughing;2
7872;3;988;4494;120;Tripping;2
7873;1;53;5701;8;Interference;2
7873;1;128;4469;122;Holding;2
7873;1;304;5061;8;Roughing;2
7873;1;304;5654;122;Unsportsmanlike Conduct;2
7873;2;778;4372;8;Hooking;2
7873;2;803;4487;122;Hooking;2
7873;2;992;5086;122;Roughing;2
7873;3;33;5086;122;Tripping;2
7873;3;527;4066;122;Fighting;5
7873;3;527;4351;8;Fighting;5
7873;3;661;5288;8;Tripping;2
7873;3;1186;5447;8;Hooking;2
7874;1;236;3450;3;Tripping;2
7874;2;20;3450;3;Holding;2
7874;2;793;4495;3;Holding;2
7874;2;1153;4346;123;Holding;2
7874;3;716;4601;3;Tripping;2
7875;1;117;4465;123;Holding;2
7875;1;117;4374;5;Cross-Checking;2
7875;1;837;4357;123;High Sticking;2
7875;2;74;4149;5;Hooking;2
7875;3;878;4346;123;Holding;2
7876;1;828;4148;121;Holding The Stick;2
7876;2;619;4823;121;Holding;2
7876;2;649;4730;121;Holding;2
7876;3;353;3947;119;Cross-Checking;2
7876;3;499;4730;121;Tripping;2
7876;3;555;3947;119;Roughing;2
7877;1;52;5265;0;Tripping;2
7877;1;92;4737;120;High Sticking;2
7877;1;484;5473;0;Tripping;2
7877;1;565;5416;120;Slashing;2
7877;1;588;5475;0;Holding;2
7877;1;597;4492;120;Slashing;2
7877;2;142;4492;120;Tripping;2
7878;1;1042;4071;121;Tripping;2
7878;1;1186;5278;118;Interference;2
7878;2;14;4730;121;High Sticking;2
7878;2;344;4502;121;Hooking;2
7878;2;810;4071;121;Hooking;2
7878;2;837;4502;121;Holding The Stick;2
7878;3;243;4761;118;Holding;2
7878;3;373;5105;118;Hooking;2
7878;3;879;5239;118;Interference;2
7879;1;27;3867;119;Hooking;2
7879;1;631;4501;119;Slashing;2
7879;1;870;5227;119;Abuse of Official;2
7879;2;781;3320;119;Unsportsmanlike Conduct;2
7879;2;872;4070;119;Tripping;2
7879;2;999;4040;10;Cross-Checking;2
7879;3;119;4957;10;Hooking;2
7880;1;373;5196;123;Unsportsmanlike Conduct;2
7880;2;95;5196;123;Unsportsmanlike Conduct;2
7880;2;477;4037;123;Tripping;2
7880;2;699;4350;122;High Sticking;2
7880;2;1095;5678;122;High Sticking;2
7880;3;176;4609;122;Hooking;2
7881;1;154;5082;5;Hooking;2
7881;1;182;3450;3;Hooking;2
7881;1;750;4743;5;Interference;2
7881;2;43;4146;5;Slashing;2
7881;2;702;3337;5;Tripping;2
7881;2;821;4601;3;Roughing;2
7881;3;17;4146;5;High Sticking;2
7881;3;109;3450;3;Interference;2
7881;3;240;3450;3;Fighting;5
7881;3;240;4373;5;Fighting;5
7882;1;436;5075;0;Tripping;2
7882;1;449;4044;5;Hooking;2
7882;1;537;5659;5;Slashing;2
7882;1;1017;3337;5;High Sticking;2
7882;2;405;4474;0;Tripping;2
7882;2;614;4474;0;Roughing;2
7882;3;332;4380;0;Slashing;2
7883;1;317;4605;8;Unsportsmanlike Conduct;2
7883;1;365;4939;9;Tripping;2
7883;1;523;5244;9;High Sticking;2
7883;2;543;4605;8;Tripping;2
7883;2;638;4376;9;Holding;2
7883;2;726;4351;8;High Sticking;2
7883;2;1198;5094;9;Fighting;5
7883;2;1198;4605;8;Fighting;5
7883;3;549;4483;9;Tripping;2
7884;1;289;4040;10;Interference;2
7884;2;66;3450;3;High Sticking;2
7884;2;698;3450;3;Cross-Checking;2
7884;3;253;3869;10;Tripping;2
7884;3;515;4601;3;Holding;2
7884;3;569;5461;10;Slashing;2
7884;3;635;3053;10;Bench;0
7884;3;679;5398;3;High Sticking;2
7884;3;830;4381;10;Roughing;2
7884;3;830;4154;3;Cross-Checking;2
7884;3;1165;5461;10;Fighting;5
7884;3;1165;4348;3;Fighting;5
7884;3;1196;5078;10;Hooking;2
7885;1;381;4502;121;Unsportsmanlike Conduct;2
7885;1;837;4594;120;Fighting;5
7885;1;837;5425;121;Fighting;5
7885;1;837;5425;121;Misconduct;10
7885;2;625;4492;120;Fighting;5
7885;2;625;3864;121;Fighting;5
7885;2;625;3864;121;Misconduct;10
7885;2;775;4823;121;Interference;2
7885;2;837;4737;120;High Sticking;2
7885;2;837;5425;121;Cross-Checking;2
7885;3;324;3318;121;Holding;2
7885;3;418;4492;120;High Sticking;2
7885;3;861;4065;120;High Sticking;2
7886;1;102;5288;8;High Sticking;2
7886;1;825;5701;8;Interference;2
7886;2;1149;5201;118;Hooking;2
7886;3;375;5680;8;Slashing;2
7886;3;375;5088;118;Roughing;2
7886;3;802;4372;8;Roughing;2
7886;3;802;5233;118;Roughing;2
7887;1;180;4962;5;Tripping;2
7887;1;427;3947;119;Tripping;2
7887;1;505;4152;5;Tripping;2
7887;1;673;3337;5;Abuse of Official;2
7887;2;238;3320;119;Unsportsmanlike Conduct;2
7887;2;669;5227;119;Slashing;2
7887;2;1062;5733;119;Slashing;2
7887;3;401;4627;119;High Sticking;2
7887;3;430;3885;5;Hooking;2
7888;2;89;4942;122;Unsportsmanlike Conduct;2
7888;2;162;2831;10;Interference;2
7888;2;436;3869;10;Tripping;2
7888;3;147;3688;122;Slashing;2
7888;3;551;4354;122;Holding;2
7888;3;551;5078;10;Cross-Checking;2
7888;3;691;4367;10;Unsportsmanlike Conduct;2
7888;3;706;4942;122;Cross-Checking;2
7888;3;759;4609;122;Cross-Checking;2
7889;1;54;4502;121;Roughing;2
7889;1;129;3136;123;Holding;2
7889;1;562;5232;123;Slashing;2
7889;1;631;5231;121;Unsportsmanlike Conduct;2
7889;1;1155;4823;121;Tripping;2
7889;1;1166;4490;123;Unsportsmanlike Conduct;2
7889;2;1064;3856;121;High Sticking;2
7889;3;390;5231;121;Tripping;2
7889;3;685;4148;121;Tripping;2
7889;3;754;3967;123;Cross-Checking;2
7890;1;283;4380;0;Hooking;2
7890;1;306;4365;3;High Sticking;2
7890;1;331;4756;0;Tripping;2
7890;1;861;5398;3;Bench;0
7890;2;61;5417;3;Tripping;2
7890;2;863;4349;0;Hooking;2
7890;2;863;5398;3;High Sticking;2
7890;3;205;4060;0;Hooking;2
7890;3;575;3450;3;Roughing;2
7891;1;144;3337;5;Interference;2
7891;1;293;4146;5;Hooking;2
7891;1;305;4939;9;Hooking;2
7891;1;550;5082;5;Slashing;2
7891;1;569;3695;9;Slashing;2
7892;1;199;4747;10;Roughing;2
7892;1;566;3053;10;Tripping;2
7892;1;826;4040;10;Interference;2
7892;2;56;3318;121;Roughing;2
7892;2;969;3318;121;High Sticking;2
7892;2;969;3053;10;High Sticking;2
7892;3;330;3856;121;Bench;0
7892;3;951;3869;10;Hooking;2
7893;1;243;4940;8;Tripping;2
7893;1;460;5080;120;Tripping;2
7893;1;494;4940;8;Hooking;2
7893;1;971;4605;8;Tripping;2
7893;1;978;5072;120;Tripping;2
7893;2;270;4371;8;Cross-Checking;2
7893;2;295;5701;8;Holding;2
7893;2;439;5080;120;Abuse of Official;2
7893;3;1142;4492;120;Hooking;2
7894;1;38;4350;122;Tripping;2
7894;1;892;4929;122;Slashing;2
7894;1;1055;5703;118;Fighting;5
7894;1;1055;5703;118;Misconduct;10
7894;1;1055;5086;122;Fighting;5
7894;1;1107;4948;118;Holding;2
7894;2;679;5684;118;Tripping;2
7894;2;691;4942;122;Slashing;2
7894;2;691;5287;118;High Sticking;2
7894;3;185;4959;118;Bench;0
7895;1;64;5475;0;Fighting;5
7895;1;64;4939;9;Fighting;5
7895;1;344;5265;0;Fighting;5
7895;1;344;5073;9;Fighting;5
7895;1;500;4376;9;Slashing;2
7895;1;1020;4723;9;Tripping;2
7895;2;131;4160;0;Hooking;2
7895;2;772;4756;0;Fighting;5
7895;2;772;4939;9;Fighting;5
7895;3;345;4939;9;Hooking;2
7896;1;436;4922;123;Cross-Checking;2
7896;1;436;4501;119;Slashing;2
7896;2;2;5733;119;Interference;2
7896;2;108;4922;123;Roughing;2
7896;3;182;4501;119;High Sticking;2
7896;3;524;5208;119;High Sticking;2
7897;1;357;4041;3;Slashing;2
7897;2;370;4721;121;Slashing;2
7897;2;506;4072;3;High Sticking;2
7897;2;506;4617;121;Cross-Checking;2
7898;1;179;4374;5;Holding;2
7898;1;192;4149;5;High Sticking;2
7898;1;599;4137;8;Unsportsmanlike Conduct;2
7898;1;644;3337;5;Bench;0
7898;1;708;5701;8;Unsportsmanlike Conduct;2
7898;1;762;5680;8;Unsportsmanlike Conduct;2
7898;1;968;4369;8;Cross-Checking;2
7898;1;968;3885;5;Slashing;2
7898;2;466;4152;5;Hooking;2
7898;2;524;4371;8;Slashing;2
7898;2;810;5082;5;High Sticking;2
7898;2;810;4372;8;High Sticking;2
7898;3;106;4762;5;Hooking;2
7898;3;223;4605;8;Bench;0
7898;3;490;4351;8;Unsportsmanlike Conduct;2
7898;3;697;4353;8;Tripping;2
7898;3;777;3885;5;High Sticking;2
7899;1;179;4939;9;Roughing;2
7899;2;69;4922;123;Roughing;2
7899;2;340;4037;123;Tripping;2
7900;1;492;3869;10;Holding;2
7900;1;662;3053;10;Fighting;5
7900;1;662;4734;119;Fighting;5
7900;1;907;4627;119;Unsportsmanlike Conduct;2
7900;2;722;4061;119;Roughing;2
7900;3;308;4926;119;Roughing;2
7900;3;392;4367;10;Hooking;2
7900;3;981;4367;10;Unsportsmanlike Conduct;2
7901;1;695;4759;120;Unsportsmanlike Conduct;2
7901;1;737;5694;122;Holding;2
7901;2;466;4609;122;Cross-Checking;2
7901;2;487;4737;120;Interference;2
7901;2;573;4594;120;Tripping;2
7901;2;777;4350;122;High Sticking;2
7901;2;853;5416;120;Holding;2
7901;2;989;3688;122;Tripping;2
7901;2;1068;5654;122;Hooking;2
7902;1;303;4380;0;Unsportsmanlike Conduct;2
7902;1;729;4730;121;Roughing;2
7902;1;729;5475;0;Unsportsmanlike Conduct;2
7902;1;799;5075;0;High Sticking;2
7902;3;239;4502;121;Holding The Stick;2
7902;3;348;4349;0;Cross-Checking;2
7902;3;372;4823;121;Roughing;2
7903;1;652;4502;121;Unsportsmanlike Conduct;2
7903;2;29;5425;121;Holding;2
7903;2;95;4502;121;Holding;2
7903;2;122;4044;5;Unsportsmanlike Conduct;2
7903;2;1135;4721;121;Tripping;2
7904;1;425;5061;8;Tripping;2
7904;1;574;5109;9;Holding;2
7904;1;591;4940;8;Slashing;2
7904;1;1174;4372;8;Unsportsmanlike Conduct;2
7904;2;631;5109;9;Slashing;2
7904;2;941;4376;9;Tripping;2
7904;3;2;3883;9;Slashing;2
7904;3;2;4371;8;Roughing;2
7904;3;211;5447;8;Hooking;2
7904;3;485;4605;8;Holding;2
7905;1;188;5088;118;Roughing;2
7905;1;625;4948;118;Tripping;2
7905;1;771;5477;118;Roughing;2
7905;1;771;5269;10;Roughing;2
7905;2;349;5461;10;Slashing;2
7905;2;1062;5703;118;Cross-Checking;2
7905;3;348;5058;10;Interference;2
7906;1;73;3947;119;Fighting;5
7906;1;73;5414;3;Fighting;5
7906;1;188;4348;3;Tripping;2
7906;1;336;4768;3;Tripping;2
7906;1;855;4627;119;Holding;2
7906;2;57;4041;3;Holding;2
7906;2;330;4742;119;Fighting;5
7906;2;330;4377;3;Fighting;5
7906;2;980;4768;3;Holding;2
7906;3;145;4953;119;Cross-Checking;2
7906;3;1135;4953;119;Unsportsmanlike Conduct;2
7907;1;109;4350;122;Fighting;5
7907;1;109;4366;123;Fighting;5
7907;1;277;5232;123;Hooking;2
7907;1;308;4469;122;Hooking;2
7907;1;318;4487;122;Slashing;2
7907;1;474;3688;122;Unsportsmanlike Conduct;2
7907;1;699;4357;123;Hooking;2
7907;2;159;5086;122;Unsportsmanlike Conduct;2
7908;2;155;5227;119;Unsportsmanlike Conduct;2
7908;2;883;4742;119;High Sticking;2
7908;3;264;4376;9;Roughing;2
7908;3;314;4483;9;Tripping;2
7908;3;876;4939;9;Holding;2
7908;3;1020;3867;119;Interference;2
7909;1;430;5092;0;Unsportsmanlike Conduct;2
7909;1;498;4160;0;Tripping;2
7909;2;117;5086;122;High Sticking;2
7909;2;871;4941;0;Tripping;2
7909;3;112;5092;0;Unsportsmanlike Conduct;2
7909;3;123;4469;122;Roughing;2
7909;3;123;4756;0;Slashing;2
7909;3;207;4487;122;Holding;2
7909;3;799;5086;122;Holding The Stick;2
7910;1;490;4148;121;Slashing;2
7910;1;763;4497;123;Unsportsmanlike Conduct;2
7910;2;297;3862;123;Holding The Stick;2
7910;2;297;4823;121;Cross-Checking;2
7910;3;859;4721;121;Slashing;2
7910;3;859;5196;123;Roughing;2
7910;3;977;4617;121;Fighting;5
7910;3;977;4366;123;Fighting;5
7910;3;977;4366;123;Misconduct;10
7911;1;52;4492;120;Tripping;2
7911;1;521;5269;10;Tripping;2
7911;3;100;3869;10;Tripping;2
7911;3;148;4494;120;Holding;2
7911;3;580;5714;120;Tripping;2
7911;3;701;4040;10;Interference;2
7912;1;78;4041;3;Tripping;2
7912;1;359;5414;3;Hooking;2
7912;1;410;5703;118;Abuse of Official;2
7912;2;81;5088;118;Holding;2
7912;2;298;5278;118;Holding;2
7912;2;561;5105;118;Bench;0
7912;3;549;5236;118;Hooking;2
7913;1;42;3320;119;Roughing;2
7913;1;217;4139;9;Roughing;2
7913;2;614;4723;9;Tripping;2
7913;2;877;5244;9;Unsportsmanlike Conduct;2
7913;3;339;4376;9;Slashing;2
7913;3;339;4926;119;Slashing;2
7913;3;377;4501;119;Tripping;2
7913;3;760;4953;119;Holding;2
7914;1;909;4490;123;Tripping;2
7914;1;984;4160;0;Tripping;2
7914;2;92;5107;0;Unsportsmanlike Conduct;2
7914;2;146;5232;123;Unsportsmanlike Conduct;2
7914;2;802;4366;123;Roughing;2
7914;3;623;4160;0;Holding;2
7915;1;649;5678;122;Tripping;2
7915;2;91;4721;121;Bench;0
7915;2;397;4066;122;Abuse of Official;2
7915;2;627;4071;121;Hooking;2
7915;2;671;4942;122;Slashing;2
7915;2;1089;4469;122;Tripping;2
7915;3;361;3856;121;Tripping;2
7915;3;818;3856;121;Slashing;2
7916;1;36;3885;5;Roughing;2
7916;1;36;3967;123;Slashing;2
7916;1;54;5196;123;Unsportsmanlike Conduct;2
7916;1;140;4044;5;Tripping;2
7916;2;465;5232;123;Roughing;2
7916;2;490;4152;5;Cross-Checking;2
7916;3;675;4357;123;Abuse of Official;2
7916;3;951;5286;5;Roughing;2
7916;3;955;4490;123;Abuse of Official;2
7917;1;162;4381;10;Hooking;2
7917;1;508;4747;10;Holding The Stick;2
7917;1;756;3053;10;Tripping;2
7917;1;772;4940;8;High Sticking;2
7917;1;806;4351;8;Interference;2
7917;2;395;4957;10;Interference;2
7917;3;960;4137;8;Hooking;2
7918;1;671;4160;0;Cross-Checking;2
7918;2;94;4941;0;Hooking;2
7918;2;772;4756;0;Tripping;2
7918;2;980;4474;0;Unsportsmanlike Conduct;2
7918;2;1196;4619;9;Fighting;5
7918;2;1196;4756;0;Fighting;5
7919;1;58;5398;3;High Sticking;2
7919;1;58;5714;120;Roughing;2
7919;1;779;5398;3;Roughing;2
7919;1;895;5416;120;Tripping;2
7919;2;464;5714;120;High Sticking;2
7919;2;485;4365;3;Unsportsmanlike Conduct;2
7919;2;1191;5714;120;Slashing;2
7919;3;25;3131;3;Hooking;2
7919;3;79;4065;120;Bench;0
7919;3;86;4365;3;Unsportsmanlike Conduct;2
7919;3;113;4492;120;Hooking;2
7919;3;349;5072;120;Holding;2
7919;3;930;4759;120;Fighting;5
7919;3;930;5398;3;Fighting;5
7920;1;178;4615;118;Tripping;2
7920;1;178;4480;120;Cross-Checking;2
7920;2;738;4494;120;Interference;2
7920;3;132;4594;120;Unsportsmanlike Conduct;2
7920;3;894;5458;120;Roughing;2
7921;1;355;4351;8;Fighting;5
7921;1;355;4942;122;Fighting;5
7921;1;355;4942;122;Misconduct;10
7921;1;638;4066;122;Hooking;2
7921;2;468;4371;8;Holding;2
7921;2;715;5086;122;Hooking;2
7921;2;902;4940;8;Bench;0
7921;2;1155;4605;8;Roughing;2
7921;3;969;4767;122;Slashing;2
7922;1;256;3856;121;Hooking;2
7922;1;349;4362;121;Cross-Checking;2
7922;1;356;4742;119;Cross-Checking;2
7922;1;356;4617;121;Cross-Checking;2
7922;1;535;4734;119;Bench;0
7922;1;756;3957;121;Holding;2
7922;1;793;5208;119;Tripping;2
7922;1;936;5208;119;Roughing;2
7922;1;936;4502;121;Roughing;2
7922;2;769;4742;119;Cross-Checking;2
7922;3;372;3320;119;Holding;2
7922;3;385;4077;121;Slashing;2
7922;3;491;4362;121;Roughing;2
7922;3;498;4730;121;Slashing;2
7922;3;550;5208;119;Unsportsmanlike Conduct;2
7922;3;665;4734;119;Slashing;2
7923;1;314;4490;123;Unsportsmanlike Conduct;2
7923;1;366;2831;10;High Sticking;2
7923;3;6;4490;123;Tripping;2
7923;3;57;5461;10;Tripping;2
7924;1;575;4939;9;High Sticking;2
7924;1;689;5416;120;Hooking;2
7924;1;727;4494;120;Slashing;2
7924;1;896;4492;120;Holding;2
7924;1;953;5094;9;Slashing;2
7924;1;1032;4494;120;Cross-Checking;2
7924;1;1074;3695;9;Tripping;2
7924;2;396;4737;120;Tripping;2
7924;2;413;3667;9;Cross-Checking;2
7924;2;853;4719;9;Hooking;2
7924;2;865;4494;120;High Sticking Double Minor;4
7925;1;263;4044;5;High Sticking;2
7925;1;280;4365;3;Tripping;2
7925;1;325;4601;3;Tripping;2
7925;1;744;4374;5;High Sticking;2
7925;2;167;5082;5;Hooking;2
7925;2;243;5398;3;Interference;2
7925;2;906;5082;5;High Sticking;2
7925;2;920;4365;3;Hooking;2
7925;3;234;4149;5;Interference;2
7925;3;763;4152;5;Tripping;2
7925;3;947;5414;3;Fighting;5
7925;3;947;4762;5;Fighting;5
7926;1;548;4723;9;Cross-Checking;2
7926;1;1086;4719;9;Hooking;2
7926;2;30;4719;9;Roughing;2
7926;2;72;5703;118;Tripping;2
7926;3;835;5684;118;Hooking;2
7926;3;877;4939;9;Hooking;2
7926;3;920;5073;9;Slashing;2
7927;1;36;5107;0;Hooking;2
7927;1;43;3328;0;Tripping;2
7927;2;965;3450;3;Unsportsmanlike Conduct;2
7927;3;801;3131;3;High Sticking Double Minor;4
7927;3;885;4348;3;Slashing;2
7928;1;353;4152;5;High Sticking;2
7928;1;503;4502;121;Embellishment;2
7928;1;847;3957;121;Fighting;5
7928;1;847;5659;5;Fighting;5
7928;1;847;5659;5;Misconduct;10
7928;3;598;4148;121;Unsportsmanlike Conduct;2
7928;3;702;4044;5;Tripping;2
7929;1;337;4609;122;Holding The Stick;2
7929;1;403;5086;122;Roughing;2
7929;2;282;5447;8;Tripping;2
7929;3;88;4372;8;High Sticking;2
7929;3;504;4767;122;Fighting;5
7929;3;504;5701;8;Fighting;5
7929;3;841;4940;8;Cross-Checking;2
7929;3;841;4929;122;Roughing;2
7929;3;1135;5061;8;Slashing;2
7929;3;1162;4369;8;Holding;2
7930;1;287;5703;118;Holding;2
7930;1;376;5208;119;High Sticking;2
7930;1;1156;3320;119;Hooking;2
7930;2;276;4615;118;Slashing;2
7930;2;312;5208;119;Hooking;2
7930;2;749;4948;118;Unsportsmanlike Conduct;2
7930;3;1078;5233;118;Interference;2
7931;1;174;5075;0;High Sticking;2
7931;1;899;4474;0;Tripping;2
7931;1;909;4754;120;Hooking;2
7931;1;961;4751;120;Holding;2
7931;1;973;4060;0;Hooking;2
7931;2;718;5475;0;Boarding Major;5
7931;2;772;4754;120;Holding The Stick;2
7932;1;24;2831;10;Tripping;2
7932;1;219;4367;10;High Sticking;2
7932;1;841;4929;122;Bench;0
7932;1;870;4942;122;High Sticking;2
7932;1;1054;4942;122;Holding The Stick;2
7932;2;39;5654;122;Roughing;2
7932;2;337;3869;10;Hooking;2
7932;2;801;2831;10;Hooking;2
7932;2;929;5078;10;High Sticking;2
7932;3;880;4487;122;Hooking;2
7933;1;29;4376;9;Cross-Checking;2
7933;1;766;4153;123;Fighting;5
7933;1;766;4719;9;Fighting;5
7933;1;766;4719;9;Misconduct;10
7933;1;982;3967;123;Roughing;2
7933;2;840;4922;123;Slashing;2
7933;3;560;4497;123;Tripping;2
7934;1;649;3450;3;Roughing;2
7934;1;933;5398;3;Unsportsmanlike Conduct;2
7934;2;421;4353;8;Roughing;2
7934;2;421;3450;3;Cross-Checking;2
7934;2;623;5061;8;Interference;2
7934;2;766;3131;3;Interference;2
7934;2;847;5701;8;Tripping;2
7934;2;1065;4605;8;Holding;2
7934;3;391;4348;3;Cross-Checking;2
7934;3;524;4041;3;Holding;2
7934;3;649;4605;8;Hooking;2
7934;3;847;5414;3;Slashing;2
7934;3;878;4371;8;High Sticking;2
7935;1;96;4743;5;Tripping;2
7935;1;234;4762;5;Holding;2
7935;1;256;4751;120;Roughing;2
7935;1;1009;4594;120;Tripping;2
7935;2;792;5214;120;Slashing;2
7935;3;389;4374;5;Cross-Checking;2
7935;3;879;4759;120;Bench;0
7935;3;923;4146;5;Tripping;2
7936;1;1000;4601;3;Interference;2
7936;2;145;4741;8;Cross-Checking;2
7936;2;463;4372;8;Slashing;2
7936;2;800;4495;3;Tripping;2
7936;2;1021;4605;8;Hooking;2
7936;2;1183;4137;8;Holding;2
7936;3;79;3131;3;High Sticking;2
7936;3;764;4351;8;Fighting;5
7936;3;764;4377;3;Fighting;5
7937;1;101;3053;10;Slashing;2
7937;1;554;4763;0;High Sticking;2
7937;1;635;5078;10;Throwing Stick;2
7937;3;90;4349;0;Roughing;2
7937;3;419;4474;0;Interference;2
7937;3;714;4941;0;High Sticking;2
7937;3;723;4367;10;Slashing;2
7937;3;740;4729;10;Interference;2
7938;1;27;5236;118;Hooking;2
7938;1;486;5088;118;Hooking;2
7938;1;814;5703;118;Cross-Checking;2
7938;1;927;4730;121;Hooking;2
7938;2;425;4959;118;High Sticking;2
7938;2;425;4721;121;High Sticking;2
7938;3;84;5088;118;Slashing;2
7938;3;344;4617;121;Tripping;2
7938;3;693;4502;121;Unsportsmanlike Conduct;2
7938;3;858;4959;118;Slashing;2
7938;3;1125;3957;121;Hooking;2
7939;1;384;4366;123;Hooking;2
7939;1;391;5045;119;Abuse of Official;2
7939;1;765;3958;123;Cross-Checking;2
7939;1;820;4922;123;High Sticking;2
7939;1;970;3958;123;Tripping;2
7939;1;1090;4926;119;Hooking;2
7939;2;18;4627;119;Hooking;2
7939;2;113;4922;123;Abuse of Official;2
7939;2;149;5227;119;Slashing;2
7939;2;767;4357;123;Cross-Checking;2
7939;2;858;4742;119;Tripping;2
7939;3;396;5733;119;Holding;2
7940;1;164;4734;119;Holding;2
7940;1;709;4742;119;Interference;2
7940;2;767;4351;8;Tripping;2
7940;2;953;3947;119;Slashing;2
7940;3;54;4940;8;Holding;2
7940;3;616;5208;119;Hooking;2
7940;3;675;4940;8;Holding;2
7940;3;720;5701;8;Hooking;2
7941;1;62;5265;0;Unsportsmanlike Conduct;2
7941;1;134;4376;9;Hooking;2
7941;1;507;4376;9;Bench;0
7941;2;417;4941;0;Interference;2
7941;2;855;5073;9;Hooking;2
7941;3;50;3883;9;Holding;2
7941;3;194;4723;9;Cross-Checking;2
7941;3;701;5075;0;Hooking;2
7942;1;162;4957;10;Abuse of Official;2
7942;1;205;5477;118;Tripping;2
7942;1;597;5278;118;Slashing;2
7942;1;727;2831;10;Fighting;5
7942;1;727;4761;118;Fighting;5
7942;1;1151;4040;10;Tripping;2
7942;2;209;5703;118;Holding;2
7942;2;556;5239;118;Holding;2
7942;3;120;5239;118;Hooking;2
7942;3;701;4729;10;Cross-Checking;2
7943;1;106;4922;123;Bench;0
7943;1;229;5714;120;Roughing;2
7943;1;449;4494;120;High Sticking;2
7943;1;1115;4037;123;Abuse of Official;2
7943;2;355;4922;123;Interference;2
7943;2;400;5072;120;Tripping;2
7943;2;589;4497;123;Unsportsmanlike Conduct;2
7943;2;685;5072;120;Bench;0
7943;2;900;4922;123;Interference;2
7943;3;261;5458;120;Tripping;2
7943;3;965;4737;120;Hooking;2
7944;1;535;4469;122;Interference;2
7944;2;64;4929;122;Slashing;2
7944;2;235;4377;3;Unsportsmanlike Conduct;2
7944;3;203;4377;3;Tripping;2
7944;3;444;4495;3;Fighting;5
7944;3;444;5086;122;Fighting;5
7945;1;264;5082;5;Unsportsmanlike Conduct;2
7945;1;1013;4615;118;Roughing;2
7945;1;1030;3885;5;Fighting;5
7945;1;1030;5239;118;Fighting;5
7945;1;1083;4146;5;Tripping;2
7945;2;187;3337;5;Roughing;2
7945;2;530;4374;5;Cross-Checking;2
7945;2;582;5287;118;Roughing;2
7945;2;1193;3337;5;Cross-Checking;2
7945;3;270;4044;5;Cross-Checking;2
7945;3;660;5278;118;Roughing;2
7945;3;715;5082;5;Roughing;2
7946;2;424;4380;0;Hooking;2
7946;2;806;4617;121;Interference;2
7946;2;1197;5107;0;Tripping;2
7947;1;413;5097;122;Roughing;2
7947;1;413;5714;120;Roughing;2
7947;1;875;4737;120;High Sticking;2
7947;1;1018;4759;120;Holding;2
7947;1;1162;4609;122;Holding;2
7947;2;235;4469;122;Interference;2
7947;2;294;4754;120;Slashing;2
7947;2;367;3688;122;Unsportsmanlike Conduct;2
7947;2;585;4466;122;Slashing;2
7947;2;649;5072;120;Cross-Checking;2
7947;2;704;4754;120;Hooking;2
7947;2;751;5694;122;Slashing;2
7947;3;832;5238;120;Hooking;2
7948;1;199;5082;5;Roughing;2
7948;1;346;5269;10;Unsportsmanlike Conduct;2
7948;1;384;3885;5;Fighting;5
7948;1;384;4747;10;Fighting;5
7948;1;779;3869;10;Roughing;2
7948;1;886;4044;5;Holding;2
7948;1;1087;4040;10;Interference;2
7948;2;47;2831;10;Tripping;2
7948;2;222;5269;10;Hooking;2
7948;2;328;3053;10;High Sticking;2
7948;2;328;4374;5;Slashing;2
7948;2;358;2831;10;Interference;2
7948;2;408;4044;5;Unsportsmanlike Conduct;2
7948;2;564;3455;10;Roughing;2
7948;2;1004;4152;5;Hooking;2
7948;2;1181;3337;5;Unsportsmanlike Conduct;2
7948;3;350;4957;10;Hooking;2
7948;3;586;3869;10;Holding;2
7948;3;645;4146;5;Roughing;2
7948;3;999;5405;5;Roughing;2
7948;3;1022;5078;10;Holding;2
7948;3;1200;4149;5;Roughing;2
7949;1;352;3320;119;Holding;2
7949;2;188;4742;119;Tripping;2
7949;2;188;3873;0;Cross-Checking;2
7949;2;492;5208;119;Roughing;2
7949;3;482;3867;119;Holding;2
7949;3;497;5107;0;Slashing;2
7949;3;768;4756;0;Fighting;5
7949;3;768;3947;119;Fighting;5
7950;1;561;3685;121;Hooking;2
7950;1;573;4754;120;High Sticking;2
7950;1;709;3856;121;Hooking;2
7950;1;772;4754;120;Hooking;2
7950;1;792;4759;120;Tripping;2
7950;2;27;3856;121;Unsportsmanlike Conduct;2
7950;2;434;3452;120;Tripping;2
7950;2;783;3318;121;High Sticking;2
7950;2;1116;5458;120;Holding;2
7950;3;368;4148;121;Fighting;5
7950;3;368;4492;120;Fighting;5
7950;3;507;5214;120;Holding;2
7950;3;922;5714;120;Cross-Checking;2
7950;3;1033;4502;121;Embellishment;2
7951;1;403;5287;118;Tripping;2
7951;1;930;5703;118;Interference;2
7951;1;1046;5239;118;Slashing;2
7951;1;1125;5236;118;Interference;2
7951;2;262;3688;122;Tripping;2
7951;2;552;5236;118;Slashing;2
7951;2;952;5654;122;Tripping;2
7951;2;1159;4350;122;Unsportsmanlike Conduct;2
7951;3;112;4609;122;Slashing;2
7951;3;182;5236;118;Tripping;2
7951;3;1057;5654;122;Cross-Checking;2
7952;1;251;3958;123;Unsportsmanlike Conduct;2
7952;1;675;5701;8;Cross-Checking;2
7952;1;1005;4353;8;Hooking;2
7952;1;1081;4490;123;Holding;2
7952;2;946;4037;123;Fighting;5
7952;2;946;5701;8;Fighting;5
7952;3;316;4490;123;Cross-Checking;2
7952;3;966;4940;8;Roughing;2
7953;1;299;4138;3;Cross-Checking;2
7953;1;535;4139;9;Holding;2
7953;1;722;3667;9;Holding;2
7953;1;802;4619;9;High Sticking;2
7953;1;887;4072;3;Holding The Stick;2
7953;2;72;4939;9;High Sticking Double Minor;4
7953;2;127;3450;3;Tripping;2
7953;2;151;4495;3;Abuse of Official;2
7953;2;753;4072;3;Tripping;2
7953;2;944;4072;3;Roughing;2
7953;2;1069;4377;3;Holding;2
7953;2;1179;5073;9;Tripping;2
7953;3;404;4768;3;Interference;2
7953;3;677;3883;9;Slashing;2
7954;1;209;4762;5;Roughing;2
7954;1;407;4743;5;High Sticking;2
7954;1;476;4475;3;Abuse of Official;2
7954;2;53;3450;3;High Sticking;2
7954;2;1077;4377;3;Holding;2
7954;2;1200;4044;5;Roughing;2
7954;3;520;4146;5;Slashing;2
7955;1;312;5680;8;Tripping;2
7955;1;586;4369;8;Tripping;2
7955;2;673;4760;8;Roughing;2
7955;2;945;5288;8;Slashing;2
7955;3;683;4953;119;Slashing;2
7955;3;683;4137;8;High Sticking;2
7955;3;786;4627;119;Tripping;2
7956;1;92;2831;10;Unsportsmanlike Conduct;2
7956;1;1093;4065;120;Cross-Checking;2
7956;2;471;4751;120;Slashing;2
7956;2;1075;4747;10;Cross-Checking;2
7956;2;1122;4754;120;Holding;2
7956;3;662;5461;10;Hooking;2
7957;1;547;3856;121;Tripping;2
7957;1;663;5477;118;Tripping;2
7957;2;598;4721;121;Tripping;2
7957;3;69;4502;121;Unsportsmanlike Conduct;2
7957;3;84;5684;118;Tripping;2
7957;3;178;4071;121;Holding;2
7957;3;280;4615;118;Roughing;2
7957;3;697;5703;118;Hooking;2
7957;3;834;4924;118;Tripping;2
7958;1;99;5239;118;Throwing Stick;2
7958;1;697;4941;0;Roughing;2
7958;1;894;4349;0;Interference;2
7958;1;1152;5703;118;Fighting;5
7958;1;1152;5703;118;Misconduct;10
7958;1;1152;4941;0;Fighting;5
7958;1;1187;5684;118;Holding;2
7958;2;164;4840;118;Unsportsmanlike Conduct;2
7958;2;276;4474;0;Tripping;2
7958;3;474;5239;118;Tripping;2
7958;3;587;5092;0;Tripping;2
7958;3;996;4840;118;Fighting;5
7958;3;996;5107;0;Fighting;5
7959;2;530;4953;119;High Sticking;2
7959;2;571;5072;120;Tripping;2
7959;2;1064;4754;120;Slashing;2
7959;2;1064;5733;119;Roughing;2
7959;2;1110;4594;120;High Sticking;2
7959;2;1110;4501;119;Slashing;2
7959;3;65;5438;119;Tripping;2
7959;3;129;4737;120;Holding;2
7960;1;21;2831;10;Roughing;2
7960;1;51;4355;10;Tripping;2
7960;1;75;4371;8;Holding;2
7960;1;356;5447;8;Tripping;2
7960;1;601;4747;10;Cross-Checking;2
7960;1;635;4940;8;Cross-Checking;2
7960;2;332;5269;10;High Sticking;2
7960;2;408;5288;8;Slashing;2
7960;2;543;4353;8;Interference;2
7960;2;543;2831;10;High Sticking;2
7960;2;843;3455;10;Tripping;2
7960;2;936;4371;8;Tripping;2
7960;3;62;5680;8;Hooking;2
7960;3;940;4747;10;High Sticking;2
7961;1;710;4730;121;Unsportsmanlike Conduct;2
7961;2;28;4376;9;High Sticking;2
7961;2;678;4619;9;Tripping;2
7961;2;792;3879;121;Unsportsmanlike Conduct;2
7961;3;322;4376;9;Bench;0
7961;3;509;4077;121;Tripping;2
7961;3;675;5244;9;Broken Stick;2
7961;3;733;4362;121;High Sticking;2
7961;3;1121;4502;121;Hooking;2
7962;1;96;4475;3;Unsportsmanlike Conduct;2
7962;2;231;4365;3;High Sticking;2
7962;2;334;4469;122;Hooking;2
7962;3;219;4929;122;Tripping;2
7962;3;541;5097;122;Fighting;5
7962;3;541;4495;3;Fighting;5
7962;3;805;4929;122;Unsportsmanlike Conduct;2
7963;1;506;3885;5;Hooking;2
7963;2;387;5659;5;Hooking;2
7963;2;925;3967;123;Cross-Checking;2
7963;3;507;4373;5;Slashing;2
7963;3;840;4497;123;Holding;2
7964;1;460;4605;8;Fighting;5
7964;1;460;4605;8;Misconduct;10
7964;1;460;3688;122;Fighting;5
7964;1;1128;5701;8;Tripping;2
7964;2;477;5701;8;Fighting;5
7964;2;477;4767;122;Fighting;5
7964;2;477;4767;122;Misconduct;10
7964;3;513;5288;8;Tripping;2
7965;1;49;4490;123;High Sticking;2
7965;1;56;4939;9;Fighting;5
7965;1;56;3862;123;Fighting;5
7965;1;226;4490;123;Roughing;2
7965;1;1200;4357;123;Holding;2
7965;2;13;3862;123;Roughing;2
7965;2;119;4483;9;Cross-Checking;2
7965;2;164;3667;9;Cross-Checking;2
7965;2;372;4479;123;Holding;2
7965;3;312;3883;9;Tripping;2
7966;2;163;5072;120;Roughing;2
7966;2;915;4941;0;Tripping;2
7966;3;252;4065;120;Roughing;2
7966;3;252;3328;0;Slashing;2
7966;3;504;4594;120;Unsportsmanlike Conduct;2
7966;3;883;4474;0;Slashing;2
7966;3;927;4751;120;Cross-Checking;2
7966;3;1137;4754;120;Slashing;2
7967;1;863;4044;5;Tripping;2
7967;1;863;2831;10;High Sticking;2
7967;2;188;5405;5;Holding;2
7967;3;87;3053;10;Holding;2
7967;3;93;3885;5;Hooking;2
7967;3;465;3885;5;Hooking;2
7967;3;956;4152;5;Interference;2
7968;1;137;4066;122;Hooking;2
7968;2;17;3688;122;Cross-Checking;2
7968;2;17;4615;118;Roughing;2
7968;2;88;4350;122;Tripping;2
7968;3;260;4615;118;Tripping;2
7968;3;511;5278;118;Tripping;2
7969;1;347;4362;121;Tripping;2
7969;1;850;3318;121;High Sticking;2
7969;1;850;4465;123;Cross-Checking;2
7969;1;953;4362;121;Roughing;2
7969;1;977;4490;123;High Sticking;2
7969;1;977;3318;121;Cross-Checking;2
7969;2;281;4721;121;Holding The Stick;2
7969;2;910;5196;123;Holding;2
7969;2;1100;4497;123;Slashing;2
7969;3;891;4362;121;Unsportsmanlike Conduct;2
7969;3;910;3967;123;Hooking;2
7970;1;605;4041;3;Tripping;2
7970;2;1087;4501;119;Tripping;2
7970;3;13;3450;3;Kneeing;2
7970;3;365;4742;119;Tripping;2
7971;1;651;4762;5;Fighting;5
7971;1;651;3320;119;Fighting;5
7971;1;651;3320;119;Misconduct;10
7971;1;874;4953;119;Tripping;2
7971;2;259;4044;5;Roughing;2
7971;2;913;4152;5;High Sticking;2
7971;2;991;4061;119;Interference;2
7972;1;195;5092;0;Unsportsmanlike Conduct;2
7972;1;894;5107;0;Tripping;2
7972;1;938;4940;8;Unsportsmanlike Conduct;2
7972;2;1074;4760;8;Fighting;5
7972;2;1074;5475;0;Fighting;5
7972;3;346;4741;8;Roughing;2
7972;3;607;5701;8;Holding;2
7972;3;926;5092;0;Unsportsmanlike Conduct;2
7973;1;574;4139;9;Hooking;2
7973;1;968;3957;121;Unsportsmanlike Conduct;2
7973;2;493;4823;121;Holding;2
7973;2;1062;3318;121;Tripping;2
7973;3;164;4376;9;Cross-Checking;2
7973;3;463;3856;121;Roughing;2
7974;1;561;5269;10;Holding;2
7974;1;1097;3450;3;Tripping;2
7974;1;1097;3455;10;Cross-Checking;2
7974;2;195;3053;10;Holding;2
7974;2;534;4348;3;Unsportsmanlike Conduct;2
7974;2;957;5263;10;High Sticking;2
7975;1;404;5678;122;Tripping;2
7975;1;509;5458;120;Hooking;2
7975;1;970;3688;122;Interference;2
7975;1;998;4754;120;Roughing;2
7975;1;998;4354;122;Roughing;2
7975;2;1115;4494;120;Interference;2
7975;2;1189;5694;122;Unsportsmanlike Conduct;2
7975;3;485;4759;120;Holding;2
7975;3;586;5097;122;Hooking;2
7976;1;197;5278;118;High Sticking;2
7976;1;215;3685;121;Holding The Stick;2
7976;1;269;5105;118;Slashing;2
7976;1;269;4721;121;Slashing;2
7976;2;702;3318;121;Hooking;2
7976;3;8;5425;121;Slashing;2
7976;3;53;4730;121;Roughing;2
7976;3;118;5477;118;Unsportsmanlike Conduct;2
7976;3;693;5088;118;Hooking;2
7977;1;3;3450;3;Tripping;2
7977;1;106;4953;119;Slashing;2
7977;1;638;3947;119;High Sticking;2
7977;1;912;3131;3;Hooking;2
7977;1;912;4926;119;High Sticking;2
7977;1;953;3947;119;Fighting;5
7977;1;953;4348;3;Fighting;5
7977;3;670;3320;119;Hooking;2
7978;1;181;5075;0;Fighting;5
7978;1;181;2831;10;Fighting;5
7978;1;181;2831;10;Misconduct;10
7978;1;294;4380;0;Tripping;2
7978;1;362;5269;10;Unsportsmanlike Conduct;2
7978;2;347;5443;0;Unsportsmanlike Conduct;2
7978;2;1176;5269;10;High Sticking;2
7978;3;482;4380;0;Tripping;2
7978;3;721;4349;0;Fighting;5
7978;3;721;4367;10;Fighting;5
7978;3;721;4367;10;Misconduct;10
7978;3;805;3869;10;Holding;2
7978;3;842;5265;0;Tripping;2
7978;3;979;2831;10;Interference;2
7979;1;721;3688;122;Hooking;2
7979;2;885;5073;9;Roughing;2
7979;3;253;4619;9;Abuse of Official;2
7979;3;863;5073;9;Interference;2
7980;1;53;4357;123;Cross-Checking;2
7980;1;1032;4490;123;High Sticking;2
7980;3;330;4490;123;Hooking;2
7980;3;926;4741;8;Cross-Checking;2
7981;1;22;5475;0;High Sticking;2
7981;1;450;3885;5;Roughing;2
7981;1;571;5475;0;Tripping;2
7981;1;575;3885;5;Roughing;2
7981;1;652;5659;5;Roughing;2
7981;1;1166;3873;0;Tripping;2
7981;2;808;4044;5;Hooking;2
7981;3;418;4160;0;Unsportsmanlike Conduct;2
7981;3;640;3337;5;Unsportsmanlike Conduct;2
7982;1;380;4719;9;Holding;2
7982;1;458;4729;10;Unsportsmanlike Conduct;2
7982;1;672;5109;9;Slashing;2
7982;1;734;5461;10;Tripping;2
7982;1;1058;4139;9;Tripping;2
7982;2;753;5109;9;Interference;2
7982;2;957;3053;10;Roughing;2
7982;2;957;5109;9;Roughing;2
7982;2;1086;3053;10;High Sticking;2
7982;2;1086;5109;9;Cross-Checking;2
7982;3;4;4376;9;Hooking;2
7982;3;87;3869;10;Holding;2
7982;3;87;3667;9;High Sticking;2
7982;3;138;4367;10;Slashing;2
7982;3;341;4719;9;Hooking;2
7982;3;448;4619;9;Fighting;5
7982;3;448;2831;10;Fighting;5
7982;3;780;4158;10;Hooking;2
7983;2;405;4754;120;Roughing;2
7983;3;256;4594;120;Holding;2
7983;3;304;4754;120;Tripping;2
7983;3;877;4759;120;Fighting;5
7983;3;877;3685;121;Fighting;5
7984;1;130;5082;5;Tripping;2
7984;1;1151;4723;9;Roughing;2
7984;2;279;4044;5;Unsportsmanlike Conduct;2
7984;2;566;4376;9;Hooking;2
7984;2;947;4939;9;Slashing;2
7984;3;753;4374;5;Roughing;2
7985;1;758;4734;119;Tripping;2
7985;2;814;4948;118;Holding;2
7985;3;529;3947;119;Holding;2
7985;3;1002;4953;119;Hooking;2
7985;3;1132;5088;118;Cross-Checking;2
7986;1;258;3328;0;Cross-Checking;2
7986;1;264;4371;8;Tripping;2
7986;1;504;4380;0;Tripping;2
7986;1;994;5092;0;Fighting;5
7986;1;994;4760;8;Fighting;5
7986;2;335;4369;8;Hooking;2
7986;2;695;4940;8;Slashing;2
7986;3;746;4060;0;Hooking;2
7986;3;750;5288;8;Unsportsmanlike Conduct;2
7987;1;120;4922;123;Tripping;2
7987;1;185;4037;123;Hooking;2
7987;1;477;5196;123;Unsportsmanlike Conduct;2
7987;2;21;5678;122;Roughing;2
7987;2;903;4767;122;Holding The Stick;2
7987;2;946;5232;123;Fighting;5
7987;2;946;4354;122;Fighting;5
7987;3;215;4929;122;Tripping;2
7987;3;621;4497;123;Hooking;2
7987;3;991;4604;123;High Sticking;2
7987;3;1173;4469;122;Tripping;2
7988;1;123;4040;10;Cross-Checking;2
7988;1;513;4348;3;Tripping;2
7988;1;939;4377;3;Slashing;2
7988;2;138;4367;10;Cross-Checking;2
7988;2;1200;3450;3;Slashing;2
7988;3;545;3131;3;Slashing;2
7988;3;655;4348;3;Fighting;5
7988;3;655;3869;10;Fighting;5
7988;3;655;3869;10;Misconduct;10
7988;3;1135;4158;10;Roughing;2
7989;1;213;4760;8;Fighting;5
7989;1;213;4373;5;Fighting;5
7989;1;372;4137;8;Fighting;5
7989;1;372;4762;5;Fighting;5
7989;1;372;4762;5;Misconduct;10
7989;1;837;4044;5;Bench;0
7989;1;995;4605;8;Cross-Checking;2
7989;2;122;4962;5;Roughing;2
7989;2;1022;4149;5;Roughing;2
7989;2;1101;5701;8;Abuse of Official;2
7989;3;649;4374;5;Tripping;2
7989;3;1200;5701;8;Fighting;5
7989;3;1200;4044;5;Fighting;5
7989;3;1200;4044;5;Misconduct;10
7990;1;353;5244;9;Tripping;2
7990;1;518;3869;10;High Sticking;2
7990;2;208;4619;9;Interference;2
7990;2;301;4488;9;Holding;2
7990;2;447;4367;10;Hooking;2
7990;3;95;5269;10;Holding;2
7990;3;459;2831;10;Hooking;2
7990;3;1028;4619;9;Tripping;2
7991;1;36;4751;120;Roughing;2
7991;1;380;5208;119;Bench;0
7991;1;413;5072;120;Fighting;5
7991;1;413;5227;119;Fighting;5
7991;1;616;4759;120;Fighting;5
7991;1;616;3947;119;Fighting;5
7991;1;1200;3452;120;Fighting;5
7991;1;1200;3452;120;Misconduct;10
7991;1;1200;5045;119;Fighting;5
7991;2;449;4751;120;Roughing;2
7991;2;494;4501;119;Unsportsmanlike Conduct;2
7991;2;687;5227;119;Slashing;2
7991;2;698;4627;119;Tripping;2
7991;2;899;5733;119;Tripping;2
7991;2;1017;5458;120;High Sticking;2
7991;3;55;5458;120;Slashing;2
7991;3;73;4501;119;Tripping;2
7991;3;138;4494;120;Holding The Stick;2
7991;3;527;5733;119;Tripping;2
7991;3;852;4594;120;Abuse of Official;2
7992;1;480;4823;121;Holding;2
7992;2;403;4497;123;Cross-Checking;2
7992;2;945;5196;123;Roughing;2
7992;3;120;4502;121;Fighting;5
7992;3;120;4366;123;Fighting;5
7992;3;354;3685;121;Hooking;2
7992;3;381;3967;123;Tripping;2
7992;3;853;3856;121;Unsportsmanlike Conduct;2
7992;3;997;3856;121;Tripping;2
7992;3;1142;4366;123;Slashing;2
7992;3;1142;4721;121;Roughing;2
7993;1;219;5694;122;Tripping;2
7993;1;337;4601;3;Interference;2
7993;1;411;4350;122;Bench;0
7993;1;749;5678;122;Fighting;5
7993;1;749;3450;3;Fighting;5
7993;1;769;4767;122;Roughing;2
7993;1;1089;4768;3;Hooking;2
7993;2;775;4942;122;Fighting;5
7993;2;775;4377;3;Fighting;5
7993;2;786;5246;3;High Sticking;2
7993;3;398;4767;122;Fighting;5
7993;3;398;4041;3;Fighting;5
7993;3;419;4066;122;Roughing;2
7993;3;502;3450;3;Tripping;2
7994;1;704;4037;123;Cross-Checking;2
7994;2;276;5288;8;Tripping;2
7994;2;899;4137;8;Roughing;2
7994;2;899;5196;123;Roughing;2
7994;3;92;4351;8;Throwing Stick;2
7995;1;190;5244;9;Slashing;2
7995;1;190;5088;118;High Sticking;2
7995;1;642;5703;118;High Sticking;2
7995;3;256;4719;9;Holding;2
7995;3;364;5088;118;Interference;2
7996;1;125;4354;122;Interference;2
7996;1;125;5208;119;Slashing;2
7996;1;226;4501;119;Roughing;2
7996;1;792;4929;122;Tripping;2
7996;1;858;5208;119;Slashing;2
7996;2;748;4501;119;Hooking;2
7996;2;1114;5086;122;Tripping;2
7996;3;89;5227;119;Fighting;5
7996;3;89;5086;122;Fighting;5
7996;3;106;4942;122;Tripping;2
7996;3;361;5694;122;Holding;2
7996;3;781;4466;122;Abuse of Official;2
7996;3;823;4501;119;Roughing;2
7997;1;415;3885;5;Tripping;2
7997;1;424;4729;10;High Sticking;2
7997;2;179;2831;10;Fighting;5
7997;2;179;2831;10;Misconduct;10
7997;2;179;4044;5;Fighting;5
7997;2;468;4152;5;Hooking;2
7997;3;359;4374;5;Interference;2
7997;3;959;2831;10;Holding;2
7998;2;48;4377;3;Tripping;2
7998;2;224;4160;0;Tripping;2
7998;3;129;4474;0;Slashing;2
7998;3;172;4941;0;Roughing;2
7998;3;172;4601;3;High Sticking;2
7998;3;819;4380;0;Holding;2
7999;1;4;5265;0;Fighting;5
7999;1;4;4497;123;Fighting;5
7999;1;1065;4497;123;Holding;2
7999;2;586;4060;0;Hooking;2
7999;3;1016;3873;0;Abuse of Official;2
8000;1;482;4376;9;Hooking;2
8000;1;605;5458;120;Fighting;5
8000;1;605;3883;9;Fighting;5
8000;1;1002;5714;120;Cross-Checking;2
8000;2;34;4754;120;Fighting;5
8000;2;34;3883;9;Fighting;5
8000;2;34;3883;9;Misconduct;10
8000;3;465;4619;9;Slashing;2
8000;3;469;4737;120;Holding;2
8000;3;469;4376;9;Roughing;2
8000;3;587;5109;9;Slashing;2
8000;3;897;4737;120;Hooking;2
8000;3;1064;5238;120;High Sticking;2
8001;1;894;4041;3;Slashing;2
8001;3;149;4502;121;Hooking;2
8001;3;489;5398;3;Abuse of Official;2
8001;3;1011;4348;3;Holding;2
8002;1;820;4146;5;Tripping;2
8002;1;860;4044;5;High Sticking;2
8002;1;860;4371;8;Slashing;2
8002;1;1096;4373;5;Unsportsmanlike Conduct;2
8002;2;133;5082;5;High Sticking;2
8002;2;835;5288;8;Bench;0
8002;3;109;4351;8;Unsportsmanlike Conduct;2
8002;3;633;5288;8;Cross-Checking;2
8002;3;633;4374;5;Roughing;2
8002;3;653;5701;8;Hooking;2
8003;1;32;3667;9;Roughing;2
8003;1;322;5072;120;Tripping;2
8003;1;619;3452;120;High Sticking;2
8003;1;929;4939;9;Holding;2
8003;2;692;4723;9;Roughing;2
8003;2;692;5080;120;Roughing;2
8003;2;797;5244;9;Slashing;2
8003;2;1058;5109;9;Tripping;2
8003;2;1123;5072;120;Hooking;2
8003;3;1051;4751;120;Interference;2
8004;1;161;4953;119;Unsportsmanlike Conduct;2
8004;2;346;4040;10;Interference;2
8004;2;346;4953;119;High Sticking;2
8004;2;1032;5045;119;Cross-Checking;2
8004;2;1032;4040;10;High Sticking;2
8004;2;1039;5078;10;Interference;2
8004;3;174;4627;119;Fighting;5
8004;3;174;4627;119;Misconduct;10
8004;3;174;4957;10;Fighting;5
8005;1;252;5475;0;Hooking;2
8005;1;294;5425;121;Holding;2
8005;2;4;4380;0;Cross-Checking;2
8005;2;272;4941;0;Unsportsmanlike Conduct;2
8005;2;314;5075;0;Slashing;2
8005;3;271;4941;0;Hooking;2
8005;3;513;4721;121;Slashing;2
8005;3;513;4349;0;Slashing;2
8006;1;299;4609;122;High Sticking;2
8006;1;344;5684;118;High Sticking;2
8006;1;344;3688;122;High Sticking;2
8006;2;122;3688;122;Unsportsmanlike Conduct;2
8006;2;397;4469;122;Roughing;2
8006;2;604;5684;118;Tripping;2
8006;2;734;5088;118;Cross-Checking;2
8006;2;1046;5278;118;Slashing;2
8006;3;582;5684;118;Tripping;2
8006;3;600;4942;122;Bench;0
8006;3;766;5105;118;Cross-Checking;2
8006;3;943;5703;118;Roughing;2
8007;1;115;5414;3;Fighting;5
8007;1;115;5232;123;Fighting;5
8007;1;636;4495;3;Cross-Checking;2
8007;1;669;3967;123;Tripping;2
8007;2;880;4357;123;Roughing;2
8007;2;1179;3136;123;Hooking;2
8007;3;907;4365;3;Tripping;2
8008;1;221;4373;5;Holding;2
8008;1;392;4743;5;Tripping;2
8008;1;481;4350;122;Roughing;2
8008;1;496;5659;5;Hooking;2
8008;1;1074;4066;122;Holding;2
8008;2;503;4066;122;Slashing;2
8008;2;841;4487;122;Holding;2
8008;2;899;4962;5;High Sticking;2
8008;2;899;5694;122;Roughing;2
8008;2;1122;4066;122;Hooking;2
8009;1;293;5458;120;Tripping;2
8009;1;519;4605;8;Hooking;2
8009;1;944;4760;8;Slashing;2
8009;1;948;4369;8;Interference;2
8009;1;973;4751;120;Roughing;2
8009;1;973;5288;8;High Sticking;2
8009;2;148;4760;8;Fighting;5
8009;2;148;4754;120;Fighting;5
8009;2;148;4754;120;Misconduct;10
8009;2;1185;4754;120;Tripping;2
8009;3;1093;4594;120;Holding;2
8010;1;642;3320;119;Slashing;2
8010;1;642;5094;9;Slashing;2
8010;2;255;4953;119;Interference;2
8010;2;571;5208;119;Unsportsmanlike Conduct;2
8010;3;605;4376;9;Holding;2
8011;1;1026;4823;121;Roughing;2
8011;2;138;4823;121;High Sticking;2
8011;2;217;3856;121;Bench;0
8011;2;785;4721;121;Tripping;2
8011;2;815;2831;10;Tripping;2
8011;2;1046;4957;10;Holding The Stick;2
8011;3;660;4730;121;High Sticking;2
8012;1;297;4366;123;Fighting;5
8012;1;297;4366;123;Misconduct;10
8012;1;297;4615;118;Fighting;5
8012;1;342;4497;123;Fighting;5
8012;1;342;5287;118;Fighting;5
8012;1;363;4922;123;Roughing;2
8012;1;555;5233;118;Holding;2
8012;1;736;3967;123;Slashing;2
8012;1;767;4761;118;Tripping;2
8012;1;767;4922;123;Roughing;2
8012;2;264;5684;118;Interference;2
8012;3;477;5196;123;Abuse of Official;2
8012;3;652;5233;118;High Sticking;2
8013;1;749;4751;120;Slashing;2
8013;1;958;4494;120;Tripping;2
8013;1;958;4742;119;Cross-Checking;2
8013;3;207;4742;119;Tripping;2
8013;3;329;5714;120;Roughing;2
8014;1;644;4077;121;Unsportsmanlike Conduct;2
8014;1;757;4609;122;Tripping;2
8014;2;14;3688;122;Unsportsmanlike Conduct;2
8014;2;263;4942;122;Slashing;2
8014;2;552;5086;122;Hooking;2
8014;2;662;4730;121;Tripping;2
8014;3;703;4617;121;Roughing;2
8015;1;778;4160;0;Unsportsmanlike Conduct;2
8015;1;787;5236;118;Cross-Checking;2
8015;2;629;5233;118;Cross-Checking;2
8015;2;831;4474;0;Cross-Checking;2
8015;3;846;4941;0;Roughing;2
8015;3;963;4948;118;High Sticking;2
8016;1;278;5288;8;Unsportsmanlike Conduct;2
8016;1;1097;5269;10;Roughing;2
8016;2;78;4355;10;Cross-Checking;2
8016;2;1066;4729;10;Interference;2
8016;3;7;4371;8;Tripping;2
8016;3;111;4367;10;Hooking;2
8016;3;278;4381;10;Holding;2
8016;3;283;4371;8;Holding;2
8016;3;415;2831;10;Embellishment;2
8016;3;725;4137;8;Tripping;2
8017;2;474;3450;3;Roughing;2
8017;2;855;4365;3;Tripping;2
8017;3;55;5080;120;Hooking;2
8017;3;55;5414;3;Slashing;2
8017;3;919;4754;120;Hooking;2
8018;1;153;4761;118;Hooking;2
8018;1;225;4146;5;Roughing;2
8018;1;552;5088;118;Tripping;2
8018;1;671;5082;5;Slashing;2
8018;1;702;4044;5;Slashing;2
8018;2;88;3337;5;Roughing;2
8018;2;150;5703;118;Roughing;2
8018;2;794;4962;5;Fighting;5
8018;2;794;5703;118;Fighting;5
8018;3;82;4762;5;Hooking;2
8018;3;236;5088;118;High Sticking;2
8018;3;475;4373;5;Abuse of Official;2
8018;3;543;5082;5;Fighting;5
8018;3;543;5703;118;Fighting;5
8018;3;543;5703;118;Misconduct;10
8018;3;731;5287;118;Cross-Checking;2
8018;3;871;5088;118;High Sticking;2
8018;3;883;4152;5;Holding;2
8019;1;805;5109;9;Embellishment;2
8019;1;983;4765;8;Roughing;2
8019;1;1026;5260;9;Slashing;2
8019;1;1026;4353;8;Roughing;2
8019;1;1117;4940;8;Unsportsmanlike Conduct;2
8019;2;243;5260;9;Tripping;2
8019;2;580;4353;8;Hooking;2
8019;2;690;4945;9;Fighting;5
8019;2;690;4765;8;Fighting;5
8019;3;694;5109;9;Slashing;2
8020;1;33;4502;121;High Sticking;2
8020;1;142;4926;119;Holding;2
8020;1;503;4742;119;High Sticking;2
8020;1;614;3879;121;Tripping;2
8020;1;840;4362;121;Fighting;5
8020;1;840;4734;119;Fighting;5
8020;3;83;4071;121;Hooking;2
8020;3;157;5208;119;Holding;2
8020;3;383;4742;119;Roughing;2
8021;1;155;4357;123;Hooking;2
8021;1;483;5080;120;Roughing;2
8021;1;483;4604;123;Cross-Checking;2
8021;1;958;4360;120;High Sticking;2
8021;2;1058;5214;120;Holding The Stick;2
8021;3;277;4618;120;High Sticking;2
8022;1;195;4823;121;Slashing;2
8022;2;1023;4362;121;Tripping;2
8022;2;1165;5703;118;Roughing;2
8022;2;1165;5425;121;Cross-Checking;2
8022;3;794;4761;118;Tripping;2
8022;3;1176;4615;118;Hooking;2
8023;1;194;4743;5;Tripping;2
8023;2;135;4160;0;Tripping;2
8023;2;205;4146;5;High Sticking;2
8023;2;605;4060;0;Tripping;2
8023;2;704;4493;5;Roughing;2
8023;3;467;5475;0;Hooking;2
8023;3;749;4160;0;Cross-Checking;2
8023;3;842;5092;0;High Sticking;2
8024;1;240;3320;119;Roughing;2
8024;2;243;5227;119;Hooking;2
8024;3;185;4627;119;Unsportsmanlike Conduct;2
8025;1;885;3869;10;Unsportsmanlike Conduct;2
8025;2;109;5196;123;Roughing;2
8025;2;109;5461;10;Cross-Checking;2
8025;2;308;4497;123;Interference;2
8025;2;486;4957;10;Unsportsmanlike Conduct;2
8025;3;1135;4357;123;Tripping;2
8026;1;167;4154;3;Tripping;2
8026;1;183;3695;9;Slashing;2
8026;1;420;3883;9;Interference;2
8026;2;194;4495;3;Fighting;5
8026;2;194;3883;9;Fighting;5
8026;2;253;5246;3;Roughing;2
8026;2;944;4377;3;Tripping;2
8026;3;552;5109;9;Holding;2
8026;3;954;4495;3;Abuse of Official;2
8027;1;170;3337;5;Hooking;2
8027;1;178;4044;5;Fighting;5
8027;1;178;4756;0;Fighting;5
8027;1;178;4756;0;Misconduct;10
8027;1;214;4380;0;Interference;2
8027;1;441;4493;5;Tripping;2
8027;1;1083;5265;0;Hooking;2
8027;2;63;5107;0;Holding;2
8027;3;883;4149;5;Unsportsmanlike Conduct;2
8027;3;973;4743;5;High Sticking;2
8028;1;482;4942;122;Holding;2
8028;1;686;4372;8;Tripping;2
8028;3;111;4351;8;Tripping;2
8029;1;198;3131;3;Hooking;2
8029;1;345;4477;9;Holding;2
8029;1;730;4601;3;Interference;2
8029;1;873;4376;9;Unsportsmanlike Conduct;2
8029;1;1098;4601;3;Tripping;2
8029;2;55;4377;3;Cross-Checking;2
8029;2;106;5414;3;Cross-Checking;2
8029;2;779;5695;9;Cross-Checking;2
8029;3;152;4377;3;Interference;2
8029;3;177;4376;9;Tripping;2
8029;3;901;3131;3;Hooking;2
8030;1;38;4953;119;Tripping;2
8030;1;205;2831;10;Fighting;5
8030;1;205;2831;10;Misconduct;10
8030;1;205;4953;119;Fighting;5
8030;1;205;4953;119;Misconduct;10
8030;1;217;4926;119;Hooking;2
8030;1;653;5263;10;Tripping;2
8030;2;210;4608;119;Unsportsmanlike Conduct;2
8030;2;319;4367;10;Roughing;2
8030;2;324;3053;10;Fighting;5
8030;2;324;3053;10;Misconduct;10
8030;2;324;3867;119;Fighting;5
8030;2;972;5208;119;Slashing;2
8030;3;497;4953;119;Tripping;2
8031;1;412;4721;121;Holding;2
8031;1;916;4480;120;Hooking;2
8031;1;1035;4618;120;Tripping;2
8031;2;191;4492;120;Fighting;5
8031;2;191;4362;121;Fighting;5
8031;2;208;4617;121;Tripping;2
8031;2;262;4494;120;Tripping;2
8031;2;518;4360;120;Slashing;2
8031;2;732;4480;120;Interference;2
8031;2;915;3318;121;Tripping;2
8031;3;855;4617;121;Hooking;2
8031;3;1121;3856;121;Unsportsmanlike Conduct;2
8032;1;470;5072;120;Abuse of Official;2
8032;1;495;5082;5;Roughing;2
8032;2;465;4759;120;Tripping;2
8032;2;1157;4149;5;Interference;2
8033;1;755;4760;8;Slashing;2
8033;2;331;5288;8;Unsportsmanlike Conduct;2
8033;2;1198;5701;8;Unsportsmanlike Conduct;2
8034;1;279;4742;119;Slashing;2
8034;1;329;4357;123;Tripping;2
8034;2;796;4627;119;Roughing;2
8034;3;295;4953;119;Bench;0
8034;3;330;4922;123;Tripping;2
8034;3;360;4627;119;Hooking;2
8034;3;666;4497;123;Abuse of Official;2
8034;3;1067;4346;123;Slashing;2
8034;3;1067;4742;119;Slashing;2
8035;1;86;4957;10;Slashing;2
8035;1;247;3879;121;Slashing;2
8035;1;477;4823;121;Fighting;5
8035;1;477;2831;10;Fighting;5
8035;3;1120;2831;10;Slashing;2
8036;1;133;5073;9;Holding;2
8036;1;572;3688;122;Tripping;2
8036;1;759;5109;9;Unsportsmanlike Conduct;2
8036;2;264;4350;122;Abuse of Official;2
8036;2;886;4719;9;Unsportsmanlike Conduct;2
8036;3;1114;4487;122;Roughing;2
8037;1;117;3947;119;Tripping;2
8037;1;509;3947;119;Roughing;2
8037;1;613;4761;118;Hooking;2
8037;1;647;4501;119;Unsportsmanlike Conduct;2
8037;1;835;5684;118;Tripping;2
8037;2;98;4953;119;Interference;2
8037;2;250;4926;119;High Sticking;2
8037;2;646;5236;118;Tripping;2
8037;2;1033;3947;119;Hooking;2
8037;2;1178;4742;119;Roughing;2
8037;3;279;4959;118;Hooking;2
8037;3;441;4953;119;Roughing;2
8038;1;63;5107;0;Roughing;2
8038;1;472;4160;0;Hooking;2
8038;1;918;4377;3;Hooking;2
8038;2;372;4380;0;Interference;2
8038;3;318;3873;0;Cross-Checking;2
8038;3;429;4348;3;Slashing;2
8039;1;11;4754;120;Interference;2
8039;1;97;4480;120;Roughing;2
8039;1;410;4618;120;Roughing;2
8039;3;684;4360;120;High Sticking;2
8039;3;805;3869;10;Unsportsmanlike Conduct;2
8039;3;932;4754;120;Holding;2
8040;1;279;4490;123;Roughing;2
8040;1;812;4490;123;Unsportsmanlike Conduct;2
8040;1;820;4487;122;Hooking;2
8040;1;1009;5694;122;Cross-Checking;2
8040;1;1009;4357;123;Roughing;2
8040;2;557;4497;123;Slashing;2
8040;2;936;5196;123;Abuse of Official;2
8040;2;1107;4066;122;Abuse of Official;2
8040;3;281;5097;122;Tripping;2
8040;3;688;5196;123;Hooking;2
8040;3;955;4497;123;Unsportsmanlike Conduct;2
8040;3;1113;4473;123;Hooking;2
8041;1;494;5073;9;Cross-Checking;2
8041;1;805;4148;121;Interference;2
8041;3;9;3318;121;Hooking;2
8041;3;154;5425;121;Hooking;2
8041;3;553;3318;121;Unsportsmanlike Conduct;2
8041;3;714;4619;9;High Sticking;2
8042;1;824;4371;8;Holding;2
8042;2;391;4741;8;Tripping;2
8042;2;448;5045;119;Roughing;2
8042;2;448;4765;8;Roughing;2
8042;2;509;4627;119;Bench;0
8042;3;204;3320;119;Fighting;5
8042;3;204;5701;8;Fighting;5
8042;3;204;5701;8;Misconduct;10
8043;1;350;4367;10;Unsportsmanlike Conduct;2
8043;2;214;4380;0;Hooking;2
8043;3;31;5107;0;Hooking;2
8043;3;47;4367;10;Slashing;2
8044;1;555;4942;122;Fighting;5
8044;1;555;4942;122;Misconduct;10
8044;1;555;4759;120;Fighting;5
8044;1;555;4759;120;Misconduct;10
8044;1;744;4487;122;Fighting;5
8044;1;744;4480;120;Fighting;5
8044;1;748;5072;120;Unsportsmanlike Conduct;2
8044;1;784;4350;122;High Sticking;2
8044;1;818;4494;120;Tripping;2
8044;2;909;5678;122;High Sticking;2
8044;3;50;5673;120;Roughing;2
8044;3;60;4480;120;Embellishment;2
8044;3;266;5694;122;Hooking;2
8044;3;882;4754;120;Unsportsmanlike Conduct;2
8045;1;315;3136;123;Tripping;2
8045;1;939;4153;123;Tripping;2
8045;1;964;5082;5;Cross-Checking;2
8045;2;1086;3862;123;Tripping;2
8045;3;828;4490;123;Holding;2
8045;3;1004;4922;123;Bench;0
8045;3;1193;4357;123;Slashing;2
8046;1;1191;5684;118;Tripping;2
8046;3;1140;4475;3;Hooking;2
8047;1;191;4605;8;Tripping;2
8047;1;301;4765;8;Roughing;2
8047;1;332;5703;118;Interference;2
8047;1;500;4605;8;Holding;2
8047;1;713;5447;8;Tripping;2
8047;1;806;5703;118;High Sticking;2
8047;2;732;5236;118;Slashing;2
8047;3;236;4760;8;Hooking;2
8047;3;744;5288;8;Slashing;2
8047;3;744;5239;118;High Sticking;2
8048;1;720;4376;9;Bench;0
8048;1;1186;5286;5;Slashing;2
8048;2;8;5109;9;Hooking;2
8048;2;138;4146;5;Holding;2
8048;2;931;5260;9;Tripping;2
8048;2;1058;4493;5;Abuse of Official;2
8048;3;744;5073;9;Holding;2
8049;1;714;5075;0;Hooking;2
8049;2;418;5075;0;Cross-Checking;2
8049;2;452;2831;10;Hooking;2
8049;2;467;5078;10;Tripping;2
8049;2;661;5092;0;Unsportsmanlike Conduct;2
8049;2;728;4380;0;Unsportsmanlike Conduct;2
8049;2;854;3053;10;Tripping;2
8049;2;1112;3869;10;Slashing;2
8049;3;64;5107;0;Unsportsmanlike Conduct;2
8049;3;720;4367;10;Hooking;2
8049;3;762;4957;10;Tripping;2
8049;3;808;5107;0;Tripping;2
8049;3;1176;2831;10;Tripping;2
8049;3;1176;3328;0;Roughing;2
8050;1;494;3685;121;Cross-Checking;2
8050;1;540;4494;120;Roughing;2
8050;1;540;4617;121;Cross-Checking;2
8050;1;663;5238;120;Unsportsmanlike Conduct;2
8050;2;146;4754;120;Holding;2
8050;2;530;5238;120;Tripping;2
8050;2;863;5080;120;High Sticking;2
8050;2;1087;3957;121;Hooking;2
8050;3;51;3879;121;Unsportsmanlike Conduct;2
8050;3;358;4360;120;Tripping;2
8050;3;552;4148;121;High Sticking;2
8050;3;1078;3318;121;Holding;2
8050;3;1135;4737;120;Hooking;2
8051;1;691;4723;9;Interference;2
8051;1;700;3695;9;Roughing;2
8051;3;16;5109;9;Cross-Checking;2
8051;3;54;4061;119;High Sticking;2
8051;3;938;4953;119;Hooking;2
8051;3;1082;5208;119;Hooking;2
8052;1;153;5654;122;Slashing;2
8052;1;153;4160;0;Cross-Checking;2
8052;1;416;5443;0;Holding;2
8052;1;499;4350;122;Tripping;2
8052;1;666;4469;122;Hooking;2
8052;1;860;5086;122;Fighting;5
8052;1;860;4763;0;Fighting;5
8052;2;144;5475;0;Hooking;2
8052;2;434;4474;0;Cross-Checking;2
8052;3;319;4941;0;Tripping;2
8052;3;484;4609;122;Roughing;2
8052;3;484;3873;0;Slashing;2
8052;3;767;3688;122;Fighting;5
8052;3;767;5075;0;Fighting;5
8052;3;1052;3873;0;Holding;2
8053;1;74;5288;8;Tripping;2
8053;1;578;4371;8;Fighting;5
8053;1;578;4939;9;Fighting;5
8053;1;676;5073;9;Hooking;2
8053;1;737;5701;8;Bench;0
8053;1;814;4945;9;Slashing;2
8053;1;814;3433;8;Embellishment;2
8053;1;870;5235;9;Holding;2
8053;1;962;4376;9;Unsportsmanlike Conduct;2
8053;1;1056;4371;8;Tripping;2
8053;1;1150;4376;9;Slashing;2
8053;1;1191;5288;8;Holding;2
8053;2;138;5288;8;Roughing;2
8053;2;979;4619;9;Slashing;2
8053;2;1013;5701;8;Tripping;2
8053;2;1013;3695;9;Slashing;2
8053;3;67;4719;9;Tripping;2
8053;3;76;4477;9;Tripping;2
8053;3;175;4741;8;Unsportsmanlike Conduct;2
8053;3;383;5244;9;Hooking;2
8053;3;1187;4765;8;Unsportsmanlike Conduct;2
8054;1;463;5278;118;Slashing;2
8054;1;745;5057;123;Hooking;2
8054;1;1016;3967;123;Cross-Checking;2
8054;2;266;5233;118;Tripping;2
8054;3;67;5088;118;Unsportsmanlike Conduct;2
8054;3;535;5703;118;Unsportsmanlike Conduct;2
8054;3;567;4490;123;Holding;2
8055;1;698;4601;3;High Sticking;2
8055;2;281;4737;120;Slashing;2
8055;2;343;4365;3;Unsportsmanlike Conduct;2
8055;2;964;4495;3;Tripping;2
8055;2;972;4348;3;Tripping;2
8055;2;992;4377;3;High Sticking;2
8055;3;462;4618;120;Cross-Checking;2
8056;2;54;4942;122;Slashing;2
8056;2;105;4474;0;Roughing;2
8056;2;569;4349;0;Roughing;2
8056;2;699;4349;0;Cross-Checking;2
8056;3;34;4609;122;Holding;2
8056;3;174;5092;0;Hooking;2
8056;3;445;5265;0;Cross-Checking;2
8056;3;867;4929;122;High Sticking;2
8056;3;867;3328;0;Roughing;2
8056;3;918;4609;122;Tripping;2
8056;3;1090;5092;0;Roughing;2
8057;1;126;5461;10;Slashing;2
8057;1;285;4471;5;Tripping;2
8057;1;734;2831;10;Hooking;2
8057;2;52;5461;10;Slashing;2
8057;2;63;4152;5;Slashing;2
8057;2;157;4044;5;Holding;2
8057;2;332;4044;5;Throwing Stick;2
8057;2;651;4962;5;Unsportsmanlike Conduct;2
8057;2;937;2831;10;Tripping;2
8057;3;628;2831;10;Interference;2
8057;3;656;3885;5;High Sticking;2
8057;3;704;4146;5;Holding;2
8057;3;736;4471;5;Tripping;2
8057;3;777;3869;10;Tripping;2
8058;1;49;4071;121;Hooking;2
8058;2;163;4148;121;Hooking;2
8058;2;348;4741;8;Interference;2
8058;2;593;4721;121;Hooking;2
8058;2;593;4765;8;Slashing;2
8058;2;731;4351;8;Slashing;2
8058;2;846;3856;121;Fighting;5
8058;2;846;3856;121;Misconduct;10
8058;2;846;5701;8;Fighting;5
8058;2;899;4353;8;Hooking;2
8058;3;143;4721;121;Fighting;5
8058;3;143;4721;121;Misconduct;10
8058;3;143;4605;8;Fighting;5
8058;3;610;3957;121;Tripping;2
8058;3;938;4071;121;Unsportsmanlike Conduct;2
8059;1;190;4494;120;Tripping;2
8059;2;80;4480;120;Unsportsmanlike Conduct;2
8059;2;84;5080;120;Slashing;2
8059;2;950;4759;120;Holding;2
8059;2;986;4346;123;Slashing;2
8059;3;111;5072;120;Interference;2
8059;3;111;4604;123;High Sticking;2
8059;3;514;4606;120;Tripping;2
8059;3;871;4465;123;Slashing;2
8059;3;1014;4497;123;Hooking;2
8060;1;143;5082;5;Hooking;2
8060;1;995;3320;119;Fighting;5
8060;1;995;4962;5;Fighting;5
8060;2;810;3320;119;Hooking;2
8060;2;855;3885;5;Tripping;2
8060;2;855;5438;119;Roughing;2
8060;3;7;4373;5;Hooking;2
8061;1;329;4941;0;Bench;0
8061;1;464;4137;8;Tripping;2
8061;1;613;4474;0;Holding;2
8061;1;626;4371;8;Interference;2
8061;2;1107;5265;0;Tripping;2
8061;3;486;4763;0;Tripping;2
8061;3;494;5701;8;Unsportsmanlike Conduct;2
8061;3;1058;5107;0;High Sticking;2
8061;3;1073;4941;0;Cross-Checking;2
8062;1;334;4148;121;Unsportsmanlike Conduct;2
8062;1;835;5678;122;Tripping;2
8062;2;79;3957;121;Cross-Checking;2
8062;2;126;4502;121;Bench;0
8062;2;314;5231;121;Hooking;2
8062;2;629;3318;121;Roughing;2
8062;2;899;5086;122;Tripping;2
8062;2;1050;4354;122;Tripping;2
8062;3;1093;4466;122;Slashing;2
8063;1;123;4490;123;Hooking;2
8063;1;414;4719;9;High Sticking;2
8063;1;419;3967;123;High Sticking;2
8063;1;419;4477;9;High Sticking;2
8063;1;587;5073;9;Cross-Checking;2
8063;1;954;4604;123;Holding;2
8064;1;510;5058;10;Hooking;2
8064;1;1137;3053;10;Interference;2
8064;2;209;3450;3;Tripping;2
8064;3;29;4041;3;Roughing;2
8064;3;441;3455;10;Tripping;2
8065;1;336;5288;8;Tripping;2
8065;1;450;4380;0;Unsportsmanlike Conduct;2
8065;1;651;4372;8;Holding;2
8065;1;759;5107;0;Hooking;2
8065;2;488;4060;0;Holding The Stick;2
8065;3;419;4371;8;Tripping;2
8065;3;581;5701;8;Roughing;2
8066;1;31;4767;122;Roughing;2
8066;1;31;4939;9;High Sticking;2
8066;1;818;4942;122;Interference;2
8066;1;1196;5260;9;Roughing;2
8066;2;151;5654;122;Hooking;2
8066;2;566;4929;122;Unsportsmanlike Conduct;2
8066;2;914;5073;9;Roughing;2
8066;2;914;4942;122;Roughing;2
8066;3;92;5235;9;High Sticking;2
8066;3;841;5678;122;High Sticking;2
8066;3;909;4723;9;Roughing;2
8066;3;980;4929;122;Unsportsmanlike Conduct;2
8067;1;715;4953;119;Unsportsmanlike Conduct;2
8067;1;935;3869;10;Roughing;2
8067;2;395;5045;119;Bench;0
8067;2;1010;5269;10;Tripping;2
8067;3;467;3947;119;Interference;2
8067;3;510;5227;119;Cross-Checking;2
8067;3;510;5078;10;Slashing;2
8067;3;550;4355;10;Cross-Checking;2
8067;3;620;4040;10;Slashing;2
8067;3;682;4926;119;Bench;0
8067;3;775;4158;10;Holding;2
8067;3;851;5227;119;Tripping;2
8067;3;878;4729;10;High Sticking;2
8067;3;1140;3320;119;Unsportsmanlike Conduct;2
8067;3;1176;4729;10;Interference;2
8068;1;925;4761;118;Holding;2
8068;2;112;4761;118;Roughing;2
8068;2;861;4618;120;Cross-Checking;2
8068;2;889;5236;118;High Sticking;2
8069;1;514;4348;3;Interference;2
8069;1;937;4768;3;Slashing;2
8069;1;1190;4721;121;Tripping;2
8069;2;263;4362;121;Unsportsmanlike Conduct;2
8069;2;668;3685;121;Hooking;2
8069;2;947;3856;121;Holding;2
8069;3;431;4938;3;Slashing;2
8069;3;691;4071;121;Unsportsmanlike Conduct;2
8070;1;231;5092;0;Holding;2
8070;1;231;3320;119;Cross-Checking;2
8070;1;651;5227;119;Hooking;2
8070;2;807;4474;0;Hooking;2
8070;3;474;5208;119;Slashing;2
8071;1;18;5703;118;Interference;2
8071;2;59;3862;123;High Sticking;2
8071;2;359;4959;118;Roughing;2
8071;2;1134;5239;118;Hooking;2
8071;2;1190;4922;123;Roughing;2
8071;3;261;3967;123;Cross-Checking;2
8071;3;299;5287;118;Unsportsmanlike Conduct;2
8071;3;478;5287;118;High Sticking;2
8071;3;754;4761;118;Roughing;2
8302;1;112;4956;119;Tripping;2
8302;1;119;4604;123;Roughing;2
8302;1;554;4734;119;Tripping;2
8302;1;1133;4037;123;Cross-Checking;2
8302;2;482;4465;123;High Sticking;2
8302;2;539;5045;119;Unsportsmanlike Conduct;2
8302;3;4;4953;119;Roughing;2
8302;3;322;4608;119;Fighting;5
8302;3;322;4037;123;Fighting;5
8304;1;489;3450;3;Fighting;5
8304;1;489;3053;10;Fighting;5
8304;1;489;3053;10;Misconduct;10
8304;3;1006;5058;10;Tripping;2
8304;3;1036;4601;3;Roughing;2
8304;3;1106;4348;3;Fighting;5
8304;3;1106;2831;10;Fighting;5
8304;3;1177;4475;3;Roughing;2
8306;1;452;5703;118;Holding;2
8306;1;761;5088;118;Holding;2
8306;2;280;5701;8;Fighting;5
8306;2;280;5658;118;Fighting;5
8306;2;280;5658;118;Misconduct;10
8306;2;976;5701;8;Holding;2
8306;2;1061;4761;118;Holding;2
8306;3;85;4371;8;Hooking;2
8306;3;786;5288;8;Fighting;5
8306;3;786;5288;8;Misconduct;10
8306;3;786;5287;118;Fighting;5
8308;1;340;4737;120;Tripping;2
8308;2;344;4480;120;Tripping;2
8308;2;351;4939;9;Tripping;2
8308;2;572;5682;120;Fighting;5
8308;2;572;5682;120;Misconduct;10
8308;2;572;5832;9;Fighting;5
8308;2;634;4477;9;Illegal Check To Head;5
8308;2;944;4477;9;Tripping;2
8308;2;1132;5695;9;Tripping;2
8308;2;1144;4754;120;Holding;2
8308;3;374;5072;120;Tripping;2
8308;3;374;4619;9;Roughing;2
8308;3;493;5109;9;Holding;2
8308;3;497;5244;9;Holding;2
8308;3;540;4751;120;Holding;2
8308;3;634;5682;120;Bench;0
8310;1;284;4044;5;Tripping;2
8310;1;489;3861;121;Fighting;5
8310;1;489;5659;5;Fighting;5
8310;2;146;3318;121;Tripping;2
8310;3;108;5659;5;Unsportsmanlike Conduct;2
8310;3;169;4739;121;Tripping;2
8310;3;285;4146;5;Slashing;2
8310;3;285;4617;121;High Sticking;2
8312;1;397;4060;0;Tripping;2
8312;1;694;4756;0;Fighting;5
8312;1;694;3688;122;Fighting;5
8312;1;863;4487;122;Holding;2
8312;1;1138;5107;0;Unsportsmanlike Conduct;2
8312;2;142;5654;122;Roughing;2
8312;2;316;5475;0;Slashing;2
8312;2;316;4487;122;High Sticking;2
8312;2;551;4474;0;Tripping;2
8312;3;533;4474;0;Unsportsmanlike Conduct;2
8312;3;623;5473;0;Roughing;2
8312;3;691;4060;0;Fighting;5
8312;3;691;4609;122;Fighting;5
8314;1;373;4354;122;High Sticking;2
8314;1;817;4929;122;Unsportsmanlike Conduct;2
8314;1;998;4743;5;Unsportsmanlike Conduct;2
8314;1;1174;4929;122;Fighting;5
8314;1;1174;5659;5;Fighting;5
8314;1;1178;5654;122;Cross-Checking;2
8314;2;274;4152;5;Tripping;2
8314;2;851;4149;5;High Sticking Double Minor;4
8314;3;468;3688;122;Interference;2
8314;3;787;4767;122;Roughing;2
8314;3;787;4149;5;Roughing;2
8316;1;97;4060;0;Tripping;2
8316;1;365;4938;3;Fighting;5
8316;1;365;4941;0;Fighting;5
8316;1;382;5473;0;High Sticking;2
8316;1;663;5402;3;Roughing;2
8316;2;270;4750;3;Roughing;2
8316;2;270;5473;0;High Sticking;2
8316;3;286;4041;3;Roughing;2
8316;3;648;4060;0;Tripping;2
8316;3;657;4938;3;Hooking;2
8316;3;1062;4041;3;Tripping;2
8316;3;1138;4160;0;Slashing;2
8316;3;1138;4955;3;High Sticking;2
8318;1;186;5072;120;Unsportsmanlike Conduct;2
8318;1;1014;4050;121;Tripping;2
8318;1;1049;5440;120;Tripping;2
8318;1;1149;5072;120;Unsportsmanlike Conduct;2
8318;2;1045;4050;121;Slashing;2
8318;2;1056;4823;121;Fighting;5
8318;2;1056;4754;120;Fighting;5
8318;3;694;5450;121;Bench;0
8320;1;14;5073;9;Holding;2
8320;1;874;5832;9;Hooking;2
8320;1;916;4490;123;Fighting;5
8320;1;916;5244;9;Fighting;5
8320;1;1029;4357;123;High Sticking;2
8320;2;620;4357;123;Unsportsmanlike Conduct;2
8320;2;632;3695;9;Unsportsmanlike Conduct;2
8320;2;912;5695;9;Roughing;2
8320;2;912;5232;123;Embellishment;2
8320;3;152;5695;9;Holding;2
8320;3;857;4497;123;Fighting;5
8320;3;857;5073;9;Fighting;5
8320;3;857;5073;9;Misconduct;10
8322;1;255;4742;119;Unsportsmanlike Conduct;2
8322;2;73;4956;119;Tripping;2
8322;2;345;5684;118;Tripping;2
8322;3;881;4953;119;Unsportsmanlike Conduct;2
8322;3;1113;5236;118;Holding;2
8324;1;92;4381;10;Hooking;2
8324;1;298;4355;10;Fighting;5
8324;1;298;4760;8;Fighting;5
8324;1;1181;2831;10;Slashing;2
8324;2;87;4605;8;Holding;2
8324;2;764;5401;8;Slashing;2
8324;2;871;5288;8;Interference;2
8324;2;946;3053;10;Tripping;2
8324;2;1016;3869;10;Fighting;5
8324;2;1016;3869;10;Misconduct;10
8324;2;1016;5701;8;Fighting;5
8324;3;246;4369;8;Hooking;2
8324;3;769;4371;8;High Sticking;2
8326;1;189;5639;118;Roughing;2
8326;1;536;4050;121;Hooking;2
8326;1;1191;5450;121;Cross-Checking;2
8326;2;464;4943;121;Hooking;2
8326;2;1029;5264;121;High Sticking;2
8326;2;1029;4761;118;High Sticking;2
8326;3;27;5715;118;Tripping;2
8326;3;343;5504;121;High Sticking;2
8326;3;673;4959;118;Bench;0
8328;1;308;5227;119;Roughing;2
8328;1;705;5461;10;Holding;2
8328;1;811;4501;119;Holding;2
8328;1;1050;4501;119;Hooking;2
8328;2;52;4926;119;Holding;2
8328;2;80;2831;10;Interference;2
8328;2;270;4956;119;Fighting;5
8328;2;270;4956;119;Misconduct;10
8328;2;270;4957;10;Fighting;5
8328;2;270;4957;10;Misconduct;10
8328;2;1050;4926;119;Tripping;2
8328;2;1050;4355;10;Roughing;2
8328;3;667;5045;119;Roughing;2
8330;1;1134;4366;123;Fighting;5
8330;1;1134;4366;123;Misconduct;10
8330;1;1134;4495;3;Fighting;5
8330;2;1066;4495;3;Unsportsmanlike Conduct;2
8332;1;643;4605;8;Tripping;2
8332;1;817;5288;8;Charging;2
8332;2;849;5680;8;High Sticking;2
8332;2;1099;4609;122;Interference;2
8332;3;203;4371;8;Hooking;2
8334;1;82;5832;9;Holding The Stick;2
8334;1;180;4060;0;Fighting;5
8334;1;180;5073;9;Fighting;5
8334;1;504;4945;9;Cross-Checking;2
8334;1;504;5449;0;High Sticking;2
8334;2;248;5075;0;Slashing;2
8334;2;609;5107;0;Fighting;5
8334;2;609;5107;0;Misconduct;10
8334;2;609;4139;9;Fighting;5
8334;3;5;5073;9;Slashing;2
8334;3;626;5109;9;Hooking;2
8336;1;111;5714;120;Hooking;2
8336;1;619;3337;5;Holding The Stick;2
8336;1;619;5673;120;High Sticking;2
8336;2;582;4962;5;Roughing;2
8336;2;731;5080;120;Tripping;2
8336;2;937;5440;120;Roughing;2
8336;2;1159;5286;5;Roughing;2
8338;1;62;4346;123;Holding;2
8338;1;939;4362;121;Hooking;2
8338;2;124;4037;123;Interference;2
8338;3;149;4617;121;Tripping;2
8338;3;350;3861;121;Fighting;5
8338;3;350;3861;121;Misconduct;10
8338;3;350;3967;123;Fighting;5
8338;3;742;4148;121;Hooking;2
8340;2;334;4065;120;Roughing;2
8340;2;788;5473;0;Holding;2
8340;2;1193;4606;120;Fighting;5
8340;2;1193;4606;120;Misconduct;10
8340;2;1193;4349;0;Fighting;5
8340;3;148;4160;0;Roughing;2
8340;3;184;5714;120;Holding;2
8342;1;51;4487;122;High Sticking;2
8342;1;131;4942;122;Holding;2
8342;1;197;5073;9;High Sticking;2
8342;1;197;4929;122;Slashing;2
8342;2;208;5097;122;Tripping;2
8342;3;383;3883;9;Cross-Checking;2
8342;3;383;4942;122;Roughing;2
8342;3;405;4483;9;Cross-Checking;2
8342;3;782;4723;9;Roughing;2
8344;1;64;4374;5;Hooking;2
8344;1;104;4371;8;Interference;2
8344;1;366;5680;8;Tripping;2
8344;1;437;4146;5;Unsportsmanlike Conduct;2
8344;1;444;5701;8;Fighting;5
8344;1;444;5286;5;Fighting;5
8344;1;641;5273;8;Tripping;2
8344;1;1059;4743;5;Unsportsmanlike Conduct;2
8344;1;1090;5288;8;Unsportsmanlike Conduct;2
8344;2;783;5271;8;Roughing;2
8344;2;783;4762;5;Roughing;2
8344;3;272;4152;5;Unsportsmanlike Conduct;2
8344;3;447;4044;5;Hooking;2
8344;3;456;4371;8;Tripping;2
8344;3;534;5401;8;Fighting;5
8344;3;534;4146;5;Fighting;5
8346;2;690;4348;3;Cross-Checking;2
8346;2;857;4348;3;Unsportsmanlike Conduct;2
8346;3;58;5658;118;Hooking;2
8346;3;150;5428;118;Fighting;5
8346;3;150;5428;118;Misconduct;10
8346;3;150;3131;3;Fighting;5
8346;3;205;5287;118;Holding;2
8346;3;449;5703;118;Roughing;2
8346;3;449;4768;3;Roughing;2
8348;1;147;4734;119;Cross-Checking;2
8348;1;262;4355;10;High Sticking;2
8348;1;763;4956;119;Abuse of Official;2
8348;1;832;5058;10;Roughing;2
8348;2;227;5208;119;Hooking;2
8348;2;920;4367;10;Tripping;2
8348;2;1137;5439;10;Roughing;2
8348;3;54;4734;119;Holding;2
8348;3;783;4957;10;Slashing;2
8348;3;924;3455;10;Fighting;5
8348;3;924;4627;119;Fighting;5
8350;1;643;5417;3;Holding;2
8350;1;669;5107;0;Unsportsmanlike Conduct;2
8350;1;1001;4474;0;Tripping;2
8350;3;254;4763;0;Holding;2
8350;3;368;4348;3;High Sticking;2
8350;3;451;5075;0;Slashing;2
8350;3;496;3450;3;Unsportsmanlike Conduct;2
8352;2;150;4372;8;Cross-Checking;2
8352;2;263;4153;123;High Sticking;2
8352;3;24;4366;123;Slashing;2
8352;3;24;4369;8;Slashing;2
8352;3;150;4369;8;Slashing;2
8352;3;524;4366;123;Fighting;5
8352;3;524;5701;8;Fighting;5
8352;3;524;5701;8;Misconduct;10
8352;3;608;5276;8;Roughing;2
8352;3;831;5273;8;Tripping;2
8354;1;157;5233;118;Tripping;2
8354;1;529;5403;120;Fighting;5
8354;1;529;5088;118;Fighting;5
8354;1;529;5088;118;Misconduct;10
8354;1;1143;4761;118;Interference;2
8354;2;429;5088;118;Slashing;2
8354;2;442;4754;120;Interference;2
8354;2;880;4618;120;High Sticking;2
8354;2;1063;5088;118;Roughing;2
8354;3;596;4737;120;Tripping;2
8356;1;23;4469;122;Tripping;2
8356;1;513;4376;9;Roughing;2
8356;1;513;4767;122;Roughing;2
8356;2;548;3883;9;Tripping;2
8356;2;926;4767;122;High Sticking;2
8356;2;926;5260;9;Unsportsmanlike Conduct;2
8356;2;930;4939;9;Fighting;5
8356;2;930;4942;122;Fighting;5
8356;3;565;4619;9;Holding;2
8356;3;616;4376;9;Tripping;2
8356;3;634;4942;122;Hooking;2
8356;3;911;4767;122;Hooking;2
8358;1;762;3864;121;Slashing;2
8358;2;862;5568;121;Tripping;2
8358;2;1069;3869;10;Fighting;5
8358;2;1069;4148;121;Fighting;5
8358;3;238;2831;10;Cross-Checking;2
8358;3;368;4931;121;Roughing;2
8360;1;361;5286;5;Holding;2
8360;1;1078;4044;5;Holding;2
8360;1;1173;5286;5;Tripping;2
8360;2;18;4742;119;Slashing;2
8360;2;578;4742;119;Roughing;2
8360;2;578;4471;5;Roughing;2
8360;2;769;5208;119;Roughing;2
8360;2;769;5659;5;Roughing;2
8360;3;592;4956;119;Fighting;5
8360;3;592;4044;5;Fighting;5
8360;3;799;5659;5;Slashing;2
8360;3;868;4373;5;Slashing;2
8360;3;868;4742;119;Cross-Checking;2
8360;3;915;5286;5;Slashing;2
8360;3;1048;4501;119;Tripping;2
8362;1;293;5673;120;Interference;2
8362;1;331;4619;9;Interference;2
8362;1;331;5440;120;Cross-Checking;2
8362;1;995;5094;9;Roughing;2
8362;1;1123;5244;9;Hooking;2
8362;2;118;4719;9;Roughing;2
8362;2;118;5080;120;Roughing;2
8362;2;134;5440;120;Roughing;2
8362;2;202;4480;120;Hooking;2
8362;2;216;4139;9;Tripping;2
8362;2;358;5260;9;Tripping;2
8362;2;394;4751;120;Hooking;2
8364;1;121;4377;3;Fighting;5
8364;1;121;4762;5;Fighting;5
8364;1;121;4762;5;Misconduct;10
8364;1;606;5082;5;Unsportsmanlike Conduct;2
8364;1;863;4743;5;Roughing;2
8364;1;1183;3885;5;Tripping;2
8364;2;626;5286;5;Roughing;2
8364;2;690;4601;3;High Sticking Double Minor;4
8366;1;331;5269;10;Slashing;2
8366;2;127;4957;10;Fighting;5
8366;2;127;4926;119;Fighting;5
8366;2;340;4367;10;High Sticking;2
8368;1;192;5086;122;Holding;2
8368;2;299;4350;122;Holding;2
8368;2;972;4497;123;Holding;2
8368;2;1089;5097;122;Holding;2
8368;2;1165;4497;123;Hooking;2
8368;3;396;5654;122;Roughing;2
8368;3;520;4487;122;Roughing;2
8368;3;520;4366;123;Roughing;2
8368;3;1075;4153;123;Hooking;2
8370;1;97;5271;8;Slashing;2
8370;1;861;5276;8;Unsportsmanlike Conduct;2
8370;2;528;4731;121;Tripping;2
8370;2;616;4725;121;Roughing;2
8370;2;616;5273;8;Roughing;2
8370;2;1121;4605;8;Tripping;2
8370;3;580;4730;121;Holding;2
8370;3;1091;3861;121;Interference;2
8372;1;251;4756;0;Tripping;2
8372;1;344;5105;118;Tripping;2
8372;1;614;5428;118;Roughing;2
8372;1;614;3328;0;Roughing;2
8372;1;859;5088;118;Slashing;2
8372;2;350;5265;0;Hooking;2
8372;2;985;5105;118;Cross-Checking;2
8372;3;4;5107;0;Holding The Stick;2
8372;3;179;4941;0;Hooking;2
8372;3;658;5428;118;Roughing;2
8372;3;1095;5443;0;Tripping;2
8372;3;1146;5428;118;Tripping;2
8374;1;78;3685;121;Slashing;2
8374;1;533;4376;9;Unsportsmanlike Conduct;2
8374;1;1169;4617;121;Interference;2
8374;2;410;4719;9;Fighting;5
8374;2;410;4148;121;Fighting;5
8374;2;466;4730;121;Roughing;2
8374;2;490;3695;9;Hooking;2
8374;2;1200;3864;121;Holding;2
8374;3;164;5109;9;Unsportsmanlike Conduct;2
8374;3;231;4483;9;Fighting;5
8374;3;231;4725;121;Fighting;5
8374;3;720;4376;9;Tripping;2
8376;1;69;4044;5;Slashing;2
8376;1;332;4465;123;Interference;2
8376;1;872;4152;5;Tripping;2
8376;2;1192;5286;5;Fighting;5
8376;2;1192;4497;123;Fighting;5
8376;2;1192;4497;123;Misconduct;10
8378;1;1087;5440;120;Roughing;2
8378;2;119;5473;0;Fighting;5
8378;2;119;5440;120;Fighting;5
8378;2;455;4349;0;Fighting;5
8378;2;455;4065;120;Fighting;5
8378;2;703;5473;0;High Sticking;2
8378;3;337;5473;0;High Sticking;2
8378;3;384;4754;120;Abuse of Official;2
8378;3;556;4941;0;Fighting;5
8378;3;556;5458;120;Fighting;5
8380;1;424;5227;119;Holding;2
8380;1;1057;5733;119;Holding;2
8380;2;584;4495;3;High Sticking;2
8380;2;663;4501;119;Tripping;2
8380;3;210;4953;119;Unsportsmanlike Conduct;2
8380;3;747;5512;119;Fighting;5
8380;3;747;4758;3;Fighting;5
8380;3;765;4601;3;Slashing;2
8382;1;201;4367;10;Holding;2
8382;1;201;4372;8;Slashing;2
8382;1;349;5271;8;Interference;2
8382;1;425;4367;10;Tripping;2
8382;1;1024;4760;8;Hooking;2
8382;1;1143;4381;10;Tripping;2
8382;2;372;4372;8;Roughing;2
8382;2;465;5444;8;Fighting;5
8382;2;465;2831;10;Fighting;5
8382;3;76;5701;8;Holding;2
8382;3;76;4381;10;Roughing;2
8382;3;754;4760;8;Roughing;2
8382;3;754;4355;10;Roughing;2
8382;3;849;5701;8;Illegal Check To Head;5
8382;3;1198;4957;10;Unsportsmanlike Conduct;2
8384;1;147;5105;118;Roughing;2
8384;1;803;5654;122;Holding;2
8384;1;851;5703;118;Unsportsmanlike Conduct;2
8384;2;421;4066;122;Unsportsmanlike Conduct;2
8384;2;543;5428;118;Slashing;2
8384;3;483;4066;122;Tripping;2
8384;3;1146;5477;118;Holding;2
