PlayerId;Year;Team Id;League Id;GP;G;A;PIM;+/-;PP G;PP A;SH G;SH A;GR;GWG;SOG;FO;FO W;HIT;GvA;TkA;SB;TOI;PPTOI;SHTOI;Fights;Fights Won
4037;1967;123;0;7;0;2;0;1;0;0;0;0;64;0;5;82;45;5;4;5;3;7540;7;763;0;0
4037;1963;9;0;12;1;0;4;-3;0;0;0;0;60;0;6;69;27;5;1;7;10;7220;149;509;0;0
4037;1964;9;0;11;3;3;7;1;0;0;0;0;56;1;15;100;43;8;7;3;1;9025;71;680;1;0
4037;1965;9;0;13;2;8;10;3;0;0;0;0;67;0;16;54;30;9;6;2;4;10861;175;743;0;0
4037;1966;9;0;5;0;1;2;1;0;0;0;1;59;0;5;19;7;6;1;3;0;3071;0;234;0;0
4465;1967;123;0;7;1;2;2;-1;0;1;0;0;69;0;13;6;2;9;6;3;6;8137;282;405;0;0
4465;1962;3;0;11;4;5;2;2;0;0;0;0;64;1;22;0;0;9;12;5;4;7794;0;0;0;0
4465;1963;3;0;7;0;0;0;-4;0;0;0;0;60;0;8;1;1;3;4;1;1;4784;0;0;0;0
4465;1964;3;0;4;0;1;2;-2;0;0;0;0;59;0;5;0;0;2;4;0;0;2527;103;83;0;0
4465;1965;3;0;5;1;0;0;2;0;0;1;0;61;0;6;1;0;3;0;1;0;1895;0;284;0;0
4465;1966;3;0;12;3;3;0;-3;1;2;0;0;63;0;21;8;4;6;9;3;5;5551;1716;292;0;0
4466;1967;122;0;6;2;3;0;0;0;0;0;0;70;0;11;5;3;11;10;4;2;7332;335;17;0;0
4922;1967;123;0;7;0;2;0;-2;0;0;0;0;68;0;9;0;0;7;0;2;4;9146;669;122;0;0
4040;1957;10;0;7;2;1;0;3;0;0;0;0;63;0;3;0;0;6;3;3;1;3177;205;86;0;0
4040;1958;10;0;7;0;0;2;-5;0;0;0;0;63;0;7;10;7;17;5;1;3;6351;339;371;0;0
4040;1961;10;0;7;0;0;0;-4;0;0;0;0;53;0;9;0;0;7;4;0;3;4221;0;286;0;0
4040;1962;10;0;7;0;1;0;1;0;0;0;0;67;0;7;1;1;9;3;1;5;4979;153;117;0;0
4040;1964;10;0;5;0;0;2;-5;0;0;0;0;57;0;5;2;1;9;3;0;4;4828;0;110;0;0
4040;1965;10;0;6;2;0;0;2;0;0;0;0;73;0;13;3;1;13;4;5;6;6162;227;96;0;0
5398;1967;3;0;7;0;3;2;0;0;0;0;0;62;0;6;54;26;3;3;3;0;5477;293;0;0;0
3947;1959;0;0;11;0;4;4;1;0;0;0;0;58;0;12;7;3;11;5;1;2;5062;143;499;0;0
3947;1961;0;0;6;0;2;2;-3;0;0;0;0;64;0;8;20;10;15;6;3;2;6194;348;791;0;0
3947;1963;0;0;6;2;1;2;0;0;0;0;0;61;1;19;2;1;9;2;2;3;4146;438;332;0;0
3947;1966;0;0;6;0;1;0;-2;0;0;0;0;67;0;7;11;3;6;5;5;3;5983;328;446;0;0
3855;1962;10;0;7;0;0;0;0;0;0;0;0;60;0;7;0;0;5;2;3;2;3099;0;0;0;0
4138;1961;3;0;13;5;7;8;6;0;0;0;0;67;0;29;141;74;5;15;13;6;13999;591;162;0;0
4138;1962;3;0;11;5;7;2;5;1;0;0;0;69;1;23;125;60;9;11;10;3;10945;656;251;0;0
4138;1963;3;0;7;5;2;4;2;0;1;0;0;74;1;11;86;49;14;7;9;2;6226;1538;368;0;0
4138;1964;3;0;4;0;2;0;-3;0;0;0;0;64;0;3;33;14;2;3;4;1;3778;200;148;0;0
4138;1965;3;0;5;3;1;2;1;0;0;0;0;70;0;12;40;17;1;5;6;6;5063;197;184;0;0
4138;1966;3;0;12;3;8;4;6;0;0;0;0;73;2;26;14;4;18;17;10;7;11624;867;654;0;0
4138;1967;3;0;7;0;3;2;-1;0;0;0;0;71;0;15;32;17;9;7;4;1;6839;193;767;0;0
4041;1961;3;0;14;1;0;4;-5;0;0;0;0;62;0;6;0;0;5;2;11;40;15599;544;1199;0;0
4041;1962;3;0;11;0;3;10;-4;0;1;0;0;65;0;15;0;0;22;0;10;25;13907;558;632;0;0
4041;1963;3;0;7;1;2;7;-5;1;0;0;0;65;0;8;0;0;13;2;5;12;8477;1345;128;1;0
4041;1964;3;0;4;0;2;0;0;0;0;0;1;61;0;3;0;0;4;0;2;6;4930;437;394;0;0
4041;1965;3;0;5;0;3;4;1;0;0;0;1;67;0;4;0;0;3;0;5;13;5954;158;706;0;0
4041;1966;3;0;12;1;6;17;6;0;0;0;0;68;0;14;0;0;15;1;5;30;14116;991;349;1;0
4041;1967;3;0;7;1;3;0;4;0;0;0;0;69;0;12;0;0;16;1;5;19;8586;228;1023;0;0
3948;1957;5;0;11;1;5;4;5;0;0;0;0;57;0;9;0;0;12;2;9;5;10874;5;325;0;0
3948;1958;5;0;10;2;2;2;8;0;0;0;0;69;0;12;0;0;14;6;6;19;10744;161;1036;0;0
3948;1961;3;0;14;0;3;8;6;0;0;0;1;71;0;6;0;0;13;4;4;55;16742;118;1608;0;0
3948;1962;3;0;11;1;4;10;9;0;0;1;0;68;0;11;0;0;17;3;4;25;11698;166;1034;0;0
3948;1963;3;0;7;1;1;4;-1;0;0;0;0;54;0;6;0;0;5;1;2;5;6545;12;891;0;0
3948;1964;3;0;1;0;0;0;1;0;0;0;0;59;0;0;0;0;1;0;0;1;767;0;57;0;0
4139;1958;0;0;13;2;2;4;-1;0;0;0;0;60;0;14;20;7;6;1;2;1;5198;81;139;0;0
4139;1959;0;0;11;4;7;4;-1;0;0;0;0;69;1;24;0;0;14;11;9;11;11006;16;0;0;0
4139;1960;0;0;10;0;6;0;-5;0;3;0;0;70;0;24;1;1;20;13;6;6;9418;2120;119;0;0
4139;1961;0;0;6;1;2;0;0;1;0;0;0;78;0;17;5;0;13;4;8;4;7381;1022;21;0;0
4139;1962;0;0;4;0;2;2;1;0;0;0;0;68;0;6;0;0;12;2;3;0;3540;703;34;0;0
4139;1963;0;0;6;1;7;0;3;0;0;0;1;68;0;10;22;8;4;5;4;4;5125;167;1134;0;0
4139;1966;9;0;5;1;3;0;-4;0;0;0;0;73;0;17;1;1;10;9;3;2;5366;703;96;0;0
4469;1967;122;0;6;8;0;0;3;0;0;0;0;74;2;25;96;52;3;6;4;3;7337;784;124;0;0
3041;1949;9;0;7;1;2;0;1;0;0;0;0;63;1;7;7;4;14;8;3;3;6745;0;241;0;0
3041;1950;9;0;10;0;2;2;-5;0;0;0;0;62;0;12;44;23;19;7;7;3;7718;176;407;0;0
3041;1951;9;0;12;4;3;4;6;0;0;0;0;64;2;24;15;8;17;8;6;7;10952;11;650;0;0
3041;1954;9;0;5;2;1;0;-1;0;0;0;0;62;0;16;7;1;9;4;0;4;4957;137;231;0;0
3041;1955;9;0;5;1;1;2;-4;0;0;0;0;61;0;12;9;5;8;4;1;5;5032;366;235;0;0
3041;1956;9;0;12;4;5;6;-2;0;0;0;0;64;1;39;22;11;16;11;8;11;12097;718;292;0;0
3041;1960;9;0;5;3;1;4;-2;0;0;0;0;68;0;17;45;23;22;4;2;4;5363;167;580;0;0
3041;1963;9;0;12;0;2;4;-1;0;0;0;0;63;0;5;1;0;15;7;8;9;5128;0;2175;0;0
3041;1964;9;0;11;0;4;2;-2;0;0;0;0;60;0;8;12;6;12;9;2;3;6180;12;568;0;0
4594;1967;120;0;7;0;3;4;2;0;0;0;1;61;0;4;0;0;8;2;2;11;7808;33;454;0;0
3856;1967;121;0;6;0;3;4;2;0;0;0;0;70;0;9;0;0;13;2;9;12;6428;93;273;0;0
3856;1957;8;0;5;1;1;0;-2;0;0;0;0;65;0;6;0;0;7;0;1;10;5032;20;55;0;0
3856;1958;8;0;4;0;0;2;-3;0;0;0;0;63;0;2;0;0;6;0;2;6;3692;0;86;0;0
3856;1959;8;0;4;0;1;5;0;0;0;0;0;65;0;3;0;0;6;2;3;8;4515;273;79;1;0
3856;1960;8;0;5;1;1;4;2;0;0;1;0;70;0;6;0;0;12;1;5;11;6056;68;239;0;0
3856;1966;5;0;11;0;3;8;1;0;0;0;0;63;0;10;0;0;18;2;5;26;11840;371;1529;0;0
4719;1963;9;0;9;0;2;0;-3;0;0;0;0;63;0;3;0;0;13;0;1;26;7618;50;625;0;0
4719;1964;9;0;11;1;2;0;-4;0;0;1;0;58;0;9;0;0;4;1;7;27;12391;83;631;0;0
4719;1965;9;0;13;0;2;2;-8;0;0;0;0;53;0;18;0;0;15;3;6;19;12313;112;360;0;0
4719;1966;9;0;5;0;2;0;-1;0;0;0;1;57;0;2;0;0;6;2;2;10;5051;0;222;0;0
4471;1964;5;0;10;2;2;0;6;0;0;0;0;62;0;4;58;33;7;4;2;4;4427;73;974;0;0
4927;1967;121;0;6;3;3;0;-1;0;1;1;0;64;0;10;18;14;3;1;0;1;4274;40;135;0;0
4044;1956;0;0;14;0;8;4;6;0;0;0;2;66;0;22;0;0;41;3;13;18;14070;2071;1487;0;0
4044;1957;0;0;9;1;2;4;3;0;0;0;0;63;0;8;0;0;19;1;2;13;10215;0;384;0;0
4044;1958;0;0;13;0;2;8;0;0;0;0;0;68;0;17;0;0;20;4;10;39;14534;1057;1071;0;0
4044;1959;0;0;11;2;4;4;3;0;0;0;0;68;0;17;0;0;18;5;6;41;11886;255;908;0;0
4044;1960;0;0;10;2;2;8;-2;1;1;0;1;61;0;14;0;0;19;3;6;12;9964;1756;943;0;0
4044;1961;0;0;6;0;1;5;-2;0;0;0;0;61;0;9;0;0;10;0;3;17;6424;0;235;1;0
4044;1962;0;0;4;0;0;4;-5;0;0;0;0;61;0;5;0;0;13;0;1;6;4143;675;579;0;0
4044;1963;0;0;6;2;4;4;2;1;1;0;0;73;0;12;0;0;20;1;5;18;6315;1121;1107;0;0
4044;1966;5;0;11;2;2;6;-1;0;0;0;0;64;1;7;0;0;9;4;9;25;13515;0;682;0;0
4044;1967;5;0;6;0;3;0;3;0;0;0;0;65;0;4;0;0;8;3;3;18;7344;75;528;0;0
2818;1946;8;0;3;0;2;2;1;0;0;0;0;61;0;8;0;0;4;0;2;4;3128;152;229;0;0
2818;1950;8;0;10;2;2;0;3;0;0;0;0;61;0;19;0;0;8;2;5;29;11478;0;502;0;0
2818;1952;8;0;12;0;5;2;5;0;1;0;0;62;0;35;0;0;21;1;6;28;14548;797;976;0;0
2818;1953;8;0;8;0;4;4;0;0;1;0;0;63;0;16;0;0;9;4;9;28;10087;871;254;0;0
2818;1955;8;0;8;0;3;4;3;0;0;0;0;59;0;13;0;0;10;4;5;19;8079;0;653;0;0
4346;1967;123;0;7;2;2;2;3;1;1;0;0;69;1;11;91;50;4;4;3;2;7979;751;79;0;0
4346;1961;5;0;13;4;0;0;3;0;0;0;0;59;1;14;95;51;8;8;5;1;8276;47;331;0;0
4346;1962;5;0;14;0;4;2;1;0;0;0;0;59;0;12;144;72;4;13;10;3;13814;513;74;0;0
4346;1963;5;0;11;3;7;2;5;0;0;0;0;67;2;24;121;64;2;5;6;3;10084;769;728;0;0
4346;1964;5;0;10;4;2;4;2;1;1;0;0;66;0;22;129;61;6;4;7;3;9024;1514;36;0;0
4346;1966;3;0;12;4;2;4;-3;0;0;0;0;63;1;12;124;56;8;11;10;4;11855;0;73;0;0
4348;1967;3;0;7;0;3;6;2;0;0;0;0;71;0;3;0;0;14;3;3;27;7351;12;750;0;0
4348;1958;0;0;13;0;2;6;-3;0;0;0;1;57;0;17;0;0;23;2;11;9;10923;225;775;0;0
4348;1959;0;0;10;0;3;9;-2;0;0;0;0;59;0;15;0;0;12;3;3;15;9714;13;444;1;1
4348;1960;0;0;10;0;3;2;-1;0;0;0;0;71;0;19;0;0;24;1;5;21;12518;743;931;0;0
4348;1961;0;0;6;0;3;2;1;0;0;0;0;71;0;7;0;0;13;0;7;11;6938;47;1006;0;0
4348;1962;0;0;4;1;0;2;-1;0;0;0;0;60;0;12;0;0;11;1;1;4;4055;31;196;0;0
4348;1963;0;0;6;1;3;6;0;0;0;0;1;65;0;16;0;0;15;2;3;8;6536;1093;273;0;0
4348;1966;3;0;12;0;4;6;4;0;0;0;0;64;0;16;0;0;12;0;5;24;12682;216;1391;0;0
4929;1967;122;0;6;0;4;2;4;0;0;0;0;67;0;9;0;0;9;1;4;14;6454;248;303;0;0
4349;1967;0;0;6;1;3;2;-1;0;0;0;0;71;0;9;0;0;14;4;4;4;6057;69;0;0;0
4349;1962;3;0;11;3;4;4;11;0;0;0;0;68;2;16;0;0;18;6;4;4;9823;0;0;0;0
4349;1963;3;0;7;1;1;2;0;0;0;0;0;55;0;7;2;0;5;4;1;0;3624;0;81;0;0
4349;1964;3;0;4;2;0;0;-1;0;0;1;0;65;0;7;0;0;7;2;0;1;2095;526;101;0;0
4349;1965;3;0;5;1;2;0;0;0;0;0;0;66;0;4;0;0;5;2;2;3;3977;71;0;0;0
4349;1966;0;0;6;2;1;6;-2;0;1;0;0;75;1;14;10;6;15;7;3;7;6570;1116;328;0;0
3315;1961;5;0;13;1;3;2;4;0;0;0;0;70;1;14;0;0;22;3;11;49;14934;893;548;0;0
3129;1953;0;0;5;0;1;0;0;0;0;0;0;56;0;6;0;0;4;1;2;7;5282;0;331;0;0
3129;1954;0;0;2;0;2;0;2;0;0;0;0;87;0;2;0;0;7;1;1;11;2565;32;173;0;0
3129;1956;0;0;14;0;4;4;5;0;0;0;0;60;0;11;0;0;25;4;10;24;16161;65;637;0;0
4721;1967;123;0;7;1;0;4;-1;0;0;0;0;68;0;14;2;2;11;8;1;2;6715;191;262;0;0
4721;1965;9;0;13;4;5;4;-4;1;0;0;0;67;0;26;2;1;11;5;3;12;9311;443;20;0;0
4721;1966;9;0;5;1;1;0;-2;0;0;0;0;64;0;5;0;0;4;3;2;2;4810;137;0;0;0
4350;1967;122;0;6;0;2;0;2;0;0;0;0;67;0;2;2;1;5;2;3;1;5359;717;0;0;0
4723;1963;9;0;12;4;4;4;-5;2;1;0;0;66;0;17;155;79;4;4;9;5;10563;2531;12;0;0
4723;1964;9;0;11;4;3;2;-6;2;0;0;0;69;1;22;150;84;14;5;10;6;11079;1862;18;0;0
4723;1965;9;0;13;7;6;6;-6;4;3;0;0;68;1;29;193;103;5;15;9;11;14179;2032;40;0;0
4723;1966;9;0;5;3;1;0;0;0;0;0;0;66;1;9;70;45;3;4;5;3;5179;697;49;0;0
4049;1960;0;0;10;0;0;4;2;0;0;0;0;68;0;10;0;0;14;2;6;29;11649;28;756;0;0
3667;1967;10;0;7;1;0;0;-6;1;0;0;0;67;0;14;11;2;4;2;1;1;6056;242;264;0;0
3667;1955;10;0;9;0;1;0;3;0;0;0;0;58;0;1;3;0;3;3;3;1;2598;2;308;0;0
3667;1956;10;0;7;1;3;2;3;0;0;1;0;71;0;8;0;0;14;5;3;3;6605;0;433;0;0
3667;1957;10;0;7;0;1;0;0;0;0;0;0;71;0;19;15;6;10;7;1;5;6819;723;398;0;0
3667;1958;10;0;7;2;6;2;-1;0;2;0;0;75;0;19;2;1;17;3;4;4;6063;1822;0;0;0
3667;1959;10;0;7;0;2;2;0;0;0;0;0;67;0;12;1;0;12;6;1;3;6970;1068;91;0;0
3667;1961;10;0;7;6;4;7;0;2;1;0;0;83;1;14;2;2;11;8;7;2;7167;1223;0;1;0
3667;1962;10;0;7;2;3;4;-2;1;2;0;0;71;0;17;4;2;4;9;4;2;6815;1477;0;0;0
3667;1964;10;0;5;0;1;0;1;0;0;0;0;74;0;4;2;1;6;2;4;5;5014;1123;0;0;0
3667;1965;10;0;6;1;0;2;-4;0;0;0;0;70;0;26;7;4;12;7;4;2;6423;928;23;0;0
4725;1963;9;0;12;4;3;4;-2;2;0;0;0;66;1;27;0;0;17;6;7;10;10036;2559;0;0;0
4725;1964;9;0;11;5;0;7;-2;0;0;0;0;68;1;24;0;0;18;14;1;5;10220;439;0;1;0
4050;1961;10;0;7;0;0;4;-5;0;0;0;0;68;0;16;0;0;6;2;2;0;6405;0;3;0;0
4050;1962;10;0;7;1;0;4;0;0;0;0;0;67;0;3;0;0;14;5;3;2;5203;87;20;0;0
4050;1964;10;0;5;1;1;2;3;0;0;0;0;67;0;3;1;1;7;2;3;3;3258;0;0;0;0
4473;1967;123;0;7;2;1;0;0;0;0;0;0;68;0;16;2;1;8;12;4;2;8046;163;100;0;0
5231;1967;121;0;6;1;3;4;-2;0;0;0;0;72;0;15;1;0;12;4;3;2;6460;18;275;0;0
5232;1967;123;0;7;3;6;0;3;0;2;0;0;78;2;22;0;0;3;5;5;2;8099;771;2;0;0
4474;1967;0;0;6;0;3;4;2;0;0;0;0;63;0;7;0;0;8;0;2;12;5809;0;320;0;0
4474;1966;0;0;6;0;1;0;-1;0;0;0;0;57;0;0;0;0;2;0;1;10;5606;12;382;0;0
4146;1958;5;0;10;6;2;4;-1;1;0;0;0;71;2;35;3;2;22;9;5;5;9957;1184;0;0;0
4146;1959;5;0;14;4;5;4;6;0;0;0;0;77;0;50;3;2;27;10;5;2;16097;587;0;0;0
4146;1960;5;0;10;5;5;4;4;0;0;0;0;78;1;46;1;1;21;11;6;3;10959;343;0;0;0
4146;1961;5;0;13;6;8;4;10;0;1;0;0;75;0;41;17;9;21;13;6;7;14041;2398;204;0;0
4146;1962;5;0;14;3;13;13;6;0;4;0;0;80;2;43;5;4;30;11;10;13;12739;1648;1904;1;0
4146;1963;5;0;11;4;5;4;6;1;1;0;0;75;0;45;6;2;18;6;3;1;9255;2229;90;0;0
4146;1964;5;0;10;9;7;2;9;1;1;0;0;84;1;37;4;3;21;14;9;6;10917;1617;0;0;0
4146;1965;5;0;12;15;10;8;13;4;0;1;0;85;3;50;14;9;28;12;12;4;12484;2121;464;0;0
4146;1966;5;0;11;7;6;10;1;2;1;0;0;78;2;40;10;5;22;8;3;8;11245;1443;0;0;0
4146;1967;5;0;6;6;5;0;4;0;1;0;0;83;1;32;8;5;16;10;4;4;6919;868;106;0;0
2694;1948;3;0;6;4;7;4;0;1;2;0;0;71;0;13;4;2;10;5;1;3;6483;1104;0;0;0
2694;1951;3;0;5;1;0;2;-3;0;0;0;0;67;0;11;1;1;15;8;4;3;4543;139;645;0;0
2694;1952;3;0;7;2;1;2;-2;0;0;0;0;68;1;18;1;1;20;9;6;4;7708;580;235;0;0
2694;1953;3;0;7;2;6;0;0;1;0;0;0;77;0;14;1;1;24;12;12;8;7177;686;547;0;0
4149;1962;5;0;14;1;3;2;-5;0;0;0;0;56;0;18;2;1;8;8;1;6;6854;71;181;0;0
4149;1963;5;0;11;3;4;2;6;0;0;0;0;61;1;14;1;0;12;4;2;2;5731;0;954;0;0
4149;1964;5;0;10;5;4;2;7;0;0;0;0;63;2;19;13;7;10;8;2;8;6743;288;688;0;0
4149;1965;5;0;12;3;4;2;5;0;0;1;0;62;1;22;36;15;7;6;6;4;4734;149;1717;0;0
4149;1966;5;0;11;1;3;0;0;0;0;0;0;58;0;15;12;3;9;9;3;1;5579;18;768;0;0
4149;1967;5;0;6;3;0;4;-3;0;0;0;0;62;1;14;2;1;8;5;6;4;4882;0;430;0;0
4475;1961;3;0;14;2;7;0;6;1;0;0;0;73;0;34;1;0;22;11;6;7;15013;1219;17;0;0
4475;1962;3;0;8;1;6;0;5;0;0;0;0;72;0;23;3;0;6;5;6;4;6134;1557;0;0;0
4475;1963;3;0;7;1;1;2;2;0;0;0;0;67;0;12;7;4;6;7;3;2;7102;200;109;0;0
4475;1965;3;0;5;1;3;2;-3;1;1;0;0;75;0;14;8;5;15;7;2;4;5502;944;52;0;0
4475;1966;3;0;11;4;3;11;7;0;1;0;0;77;1;37;3;1;17;11;5;7;12652;1488;179;0;0
4475;1967;3;0;7;1;6;0;-1;0;0;0;0;75;0;27;1;1;5;6;7;5;7837;1231;309;0;0
2696;1951;5;0;5;0;0;2;0;0;0;0;0;64;0;2;0;0;5;1;3;6;5631;0;662;0;0
2696;1955;3;0;6;0;0;7;4;0;0;0;0;57;0;6;0;0;2;2;0;5;5891;0;277;1;0
2696;1957;0;0;9;0;1;7;-9;0;0;0;0;57;0;14;0;0;10;3;3;19;8616;290;1029;1;0
2696;1958;0;0;13;1;4;2;1;0;0;0;0;62;0;19;0;0;17;0;7;21;11822;984;816;0;0
4729;1965;10;0;6;2;5;0;4;0;1;0;0;83;0;24;0;0;7;1;3;2;6371;806;0;0;0
4729;1967;10;0;7;2;3;2;-4;0;1;0;0;74;0;14;6;1;8;5;2;5;7237;1440;0;0;0
2697;1967;121;0;6;0;1;0;-6;0;0;0;1;56;0;3;0;0;10;2;3;15;6748;48;210;0;0
2697;1945;5;0;6;0;3;7;-3;0;0;0;0;48;0;19;0;0;3;3;4;5;5708;132;188;1;0
2697;1947;5;0;5;0;5;0;0;0;0;0;0;55;0;4;0;0;5;1;1;6;5663;303;193;0;0
2697;1948;5;0;5;1;1;7;-2;1;0;0;0;65;0;8;0;0;7;0;6;7;4404;1051;522;1;1
2697;1951;5;0;5;1;1;2;0;0;0;0;0;64;0;10;0;0;4;1;1;8;5857;315;722;0;0
2697;1957;5;0;11;2;6;0;5;1;1;0;0;69;0;20;0;0;13;1;6;19;13005;1697;581;0;0
2697;1958;5;0;10;0;5;18;2;0;0;0;0;60;0;20;0;0;11;4;12;10;11717;555;941;2;1
2697;1959;5;0;14;0;7;7;-3;0;1;0;0;56;0;17;0;0;23;3;9;21;17494;848;1337;1;1
2697;1960;5;0;10;0;1;4;-5;0;1;0;0;63;0;26;0;0;13;5;11;17;12660;2163;1106;0;0
2697;1961;5;0;13;2;5;15;8;2;1;0;0;71;1;30;0;0;29;9;12;21;16503;1844;1223;1;1
2697;1962;5;0;14;4;9;12;3;3;1;0;1;69;0;20;0;0;30;1;14;25;17307;1576;1689;0;0
2697;1963;5;0;11;1;2;9;0;1;0;0;0;66;0;14;0;0;13;1;13;27;13474;576;856;1;1
2697;1964;5;0;10;1;4;6;4;0;0;0;0;63;0;9;0;0;16;1;5;25;10991;75;344;0;0
4354;1967;122;0;6;1;2;0;1;0;0;0;0;71;0;9;3;1;11;5;2;2;5829;424;101;0;0
3858;1960;9;0;5;0;0;2;-4;0;0;0;0;67;0;12;4;1;13;4;3;6;5332;914;96;0;0
3426;1960;9;0;5;0;3;6;-5;0;0;0;0;61;0;5;0;0;4;3;2;24;5510;26;255;0;0
3550;1956;9;0;1;1;3;2;3;0;0;0;0;83;0;2;0;0;1;1;0;1;897;321;0;0;0
3550;1960;9;0;5;1;3;2;-2;0;0;0;0;69;0;13;0;0;5;3;2;4;5292;56;46;0;0
3550;1963;9;0;12;3;3;0;3;1;0;0;0;62;0;17;0;0;10;10;3;7;9297;372;194;0;0
4056;1962;0;0;4;0;0;0;-2;0;0;0;0;66;0;5;0;0;9;0;1;2;2211;139;0;0;0
4056;1963;0;0;4;2;0;6;-2;0;0;1;0;66;0;6;1;0;7;4;3;2;2519;84;696;0;0
4057;1959;0;0;7;1;3;2;1;0;0;0;0;67;0;9;0;0;19;4;4;19;7042;103;181;0;0
4730;1967;121;0;6;0;1;0;-4;0;0;0;0;66;0;8;83;41;6;4;9;2;6390;80;777;0;0
4730;1966;0;0;6;0;1;0;0;0;0;0;0;61;0;4;32;22;5;1;4;2;3930;99;122;0;0
3428;1955;3;0;6;1;2;0;-7;1;0;0;0;66;0;6;81;41;2;2;3;2;5965;422;0;0;0
3131;1967;3;0;7;3;1;2;4;0;0;0;0;66;0;12;84;49;2;5;0;6;6873;232;0;0;0
3131;1949;0;0;4;0;1;2;-2;0;0;0;0;69;0;9;76;38;8;1;2;2;5690;305;0;0;0
3131;1950;0;0;7;3;5;2;-3;0;2;0;0;67;1;16;88;56;5;4;5;3;7670;642;59;0;0
3131;1952;0;0;7;2;3;2;-5;0;0;0;0;65;0;17;137;68;9;2;3;5;8226;865;85;0;0
3131;1953;0;0;12;9;7;0;9;1;0;0;0;70;2;35;224;113;11;12;12;8;14981;1275;363;0;0
3131;1954;0;0;5;1;0;4;-5;0;0;0;0;69;0;19;97;60;3;6;6;4;7130;983;51;0;0
3131;1956;0;0;10;7;6;0;4;0;1;0;0;76;2;31;172;104;19;8;8;10;12488;615;105;0;0
3131;1957;0;0;9;6;1;2;-6;1;0;0;0;69;1;35;199;106;12;11;6;8;11315;783;1157;0;0
3131;1958;0;0;13;3;13;15;5;0;4;1;0;74;0;35;239;135;18;4;14;13;12663;2397;1863;1;0
3131;1959;0;0;11;9;9;4;13;0;0;0;0;77;2;38;210;107;15;6;12;13;11846;1199;1581;0;0
3131;1960;0;0;10;5;7;4;2;0;3;0;0;75;0;35;222;139;18;15;15;2;12045;2028;1366;0;0
3131;1961;0;0;6;3;5;4;-2;0;1;0;0;73;0;27;117;69;10;5;8;10;7292;1053;241;0;0
3131;1962;0;0;4;2;1;0;-4;0;0;0;1;69;0;12;59;34;7;2;4;1;4045;782;130;0;0
3131;1963;0;0;6;3;4;19;-3;0;2;0;0;65;0;17;109;50;10;7;2;4;5883;1186;56;1;0
3131;1965;5;0;12;6;6;6;-3;1;2;0;0;64;0;28;110;56;5;12;8;4;12108;1835;12;0;0
3131;1966;5;0;11;5;4;4;-1;0;0;0;0;69;1;18;147;73;10;8;10;2;11572;1371;194;0;0
5057;1967;123;0;7;0;1;0;-2;0;0;0;0;64;0;4;0;0;8;0;3;11;6693;0;388;0;0
3861;1967;121;0;6;0;2;5;-4;0;0;0;1;57;0;4;0;0;8;1;0;10;6651;0;723;1;1
3861;1957;8;0;5;0;1;5;-2;0;0;0;0;66;0;6;0;0;7;0;3;4;5097;206;56;1;1
3861;1958;8;0;4;0;0;2;-5;0;0;0;0;60;0;2;0;0;5;1;2;5;3964;0;171;0;0
3861;1959;8;0;4;0;1;0;-3;0;0;0;0;66;0;9;0;0;10;2;5;6;4102;11;218;0;0
3861;1960;8;0;5;1;3;4;-2;0;1;0;1;73;0;8;0;0;8;0;6;9;5835;443;902;0;0
4601;1967;3;0;7;5;0;4;-3;0;0;0;0;71;2;27;131;80;3;6;6;3;8131;1160;527;0;0
4601;1961;3;0;14;7;8;11;1;0;3;0;0;66;3;26;170;79;12;11;4;9;13806;1794;19;1;0
4601;1962;3;0;11;9;7;8;9;1;3;0;0;70;1;35;166;77;13;8;13;7;11285;1813;71;0;0
4601;1964;3;0;4;2;0;2;-2;0;0;0;0;70;0;7;49;24;3;1;2;3;4091;894;18;0;0
4601;1965;3;0;5;3;1;4;-2;0;0;1;0;67;0;19;85;39;5;7;4;7;5803;1018;22;0;0
4601;1966;3;0;12;7;8;13;9;0;5;0;0;74;1;31;225;119;8;12;18;8;13058;2977;420;1;1
4938;1967;3;0;7;3;4;2;4;0;0;0;0;72;0;25;0;0;16;6;1;3;7333;173;0;0;0
4938;1963;3;0;7;0;4;2;0;0;0;0;0;67;0;11;0;0;11;6;1;3;5798;691;0;0;0
4938;1964;3;0;4;3;1;2;-1;0;0;0;0;74;0;13;0;0;4;2;0;2;3634;150;0;0;0
4938;1965;3;0;5;3;2;0;-3;0;0;0;0;73;0;15;0;0;2;4;2;2;5171;75;0;0;0
4938;1966;3;0;12;2;3;15;0;0;0;0;0;69;1;22;0;0;24;13;4;4;11987;699;0;1;0
5058;1967;10;0;7;5;1;0;3;0;0;0;0;64;1;23;4;1;7;6;4;0;7384;0;86;0;0
3862;1957;10;0;7;1;3;2;7;0;0;0;0;67;0;12;2;1;12;4;5;2;5848;18;144;0;0
3862;1959;10;0;7;0;0;0;-3;0;0;0;0;59;0;7;0;0;12;1;1;3;3751;3;418;0;0
3862;1961;10;0;7;3;5;0;7;0;0;0;0;68;1;15;6;3;9;5;3;6;6880;255;243;0;0
3862;1962;10;0;7;0;2;0;-3;0;0;0;0;58;0;10;4;0;11;6;1;1;5870;285;107;0;0
3862;1964;10;0;5;0;1;5;-3;0;0;0;0;70;0;10;2;2;22;7;5;3;5303;245;202;1;0
3862;1967;123;0;7;0;2;8;2;0;0;0;0;66;0;15;1;0;13;13;3;2;6991;33;574;0;0
4355;1967;10;0;7;1;0;2;-4;0;0;0;0;63;1;8;82;36;5;10;11;7;6772;30;1008;0;0
4355;1959;10;0;7;4;2;2;1;1;0;0;0;63;1;17;105;53;4;5;9;2;7990;1042;87;0;0
4355;1961;10;0;7;1;5;2;1;0;1;0;0;69;0;8;92;45;5;4;10;4;7271;1203;194;0;0
4355;1962;10;0;7;2;2;0;-1;0;2;0;0;65;1;8;103;57;6;6;5;5;6573;1621;95;0;0
4355;1964;10;0;5;0;2;0;1;0;0;0;0;68;0;12;87;50;1;5;4;7;5239;1103;302;0;0
4355;1965;10;0;6;2;1;0;1;0;0;0;0;67;1;7;65;30;9;2;6;4;6363;39;649;0;0
3957;1967;121;0;6;2;5;4;2;1;0;0;0;69;0;15;1;1;4;7;6;2;6374;62;82;0;0
3957;1963;0;0;6;3;2;0;-1;0;0;0;0;61;0;18;8;6;7;2;1;2;5355;387;377;0;0
3957;1966;0;0;4;0;2;0;-2;0;0;0;0;72;0;7;0;0;2;2;4;1;3908;210;0;0;0
3318;1967;121;0;6;2;3;4;-7;1;2;0;0;72;1;15;4;1;10;3;1;1;7151;797;109;0;0
3318;1951;5;0;5;2;0;2;-3;0;0;0;0;64;1;13;11;3;13;4;0;7;5463;308;77;0;0
3318;1957;5;0;11;5;4;2;8;1;0;0;0;80;2;28;19;11;29;11;6;6;11447;1811;308;0;0
3318;1958;5;0;10;4;4;8;2;1;1;0;0;73;2;26;23;11;20;10;9;5;10444;1809;363;0;0
3318;1959;5;0;14;7;9;2;-5;2;1;1;0;70;0;40;28;11;20;10;14;7;14020;2567;484;0;0
3318;1960;5;0;10;2;6;4;6;2;0;0;0;74;1;36;22;9;20;11;7;7;11270;2250;372;0;0
3318;1961;5;0;13;4;12;4;10;1;2;0;0;87;1;38;8;1;42;18;7;10;14571;2377;497;0;0
3318;1962;5;0;14;6;3;6;3;0;0;0;0;69;1;48;9;5;29;17;12;13;13893;581;0;0;0
3318;1963;5;0;11;5;7;6;9;0;0;0;0;71;1;36;6;3;21;7;7;5;9985;1139;1;0;0
3318;1964;5;0;10;5;7;0;6;1;2;0;0;71;2;18;8;2;16;11;12;4;9051;1362;497;0;0
3318;1965;5;0;12;2;7;6;1;0;0;0;0;71;0;23;27;9;16;11;8;6;13055;528;421;0;0
3318;1966;5;0;11;1;7;2;-3;1;2;0;0;67;0;22;17;7;18;6;4;4;11548;1431;0;0;0
3958;1957;5;0;11;0;8;6;7;0;0;0;0;67;0;14;0;0;12;2;6;27;11374;13;754;0;0
3958;1958;5;0;10;1;9;0;6;1;2;0;2;67;0;17;0;0;9;0;12;17;10454;1610;519;0;0
3958;1959;5;0;14;0;8;8;4;0;4;0;0;64;0;13;1;1;7;3;10;30;15082;2496;340;0;0
3958;1960;5;0;10;0;3;2;4;0;0;0;0;68;0;9;0;0;10;4;6;29;11399;523;407;0;0
3958;1961;5;0;13;3;1;2;-1;1;0;0;0;59;1;16;0;0;16;4;5;14;13577;92;589;0;0
3958;1962;5;0;14;1;3;6;-4;0;0;0;0;63;0;13;0;0;18;4;10;38;15515;649;673;0;0
3958;1963;5;0;11;2;4;16;6;0;1;0;0;73;1;22;0;0;11;2;9;28;9434;2217;1743;2;2
3958;1965;5;0;12;2;4;10;3;0;1;0;0;64;1;18;0;0;15;2;5;15;12538;1952;732;0;0
3958;1966;5;0;11;1;3;4;-1;0;0;0;0;56;1;13;0;0;11;2;7;12;10426;438;692;0;0
3958;1967;123;0;5;0;1;2;2;0;0;0;0;61;0;2;0;0;5;1;0;1;4989;31;509;0;0
3554;1958;0;0;13;3;1;0;1;0;0;0;0;61;0;24;123;47;6;5;12;2;10361;9;0;0;0
3554;1959;0;0;11;4;3;0;-5;0;0;0;0;57;0;9;52;22;4;1;3;6;4689;0;179;0;0
3554;1960;0;0;10;1;1;4;-3;0;0;0;0;63;0;19;134;63;10;6;7;4;9932;104;145;0;0
3554;1961;0;0;6;0;1;2;1;0;0;0;0;59;0;7;24;15;1;3;2;1;3183;350;310;0;0
3554;1962;0;0;4;0;0;0;-3;0;0;0;0;58;0;7;32;12;1;1;3;2;2057;221;3;0;0
2935;1951;10;0;12;0;2;0;-9;0;0;0;0;57;0;14;0;0;16;1;4;10;12114;0;341;0;0
2935;1953;10;0;5;0;2;0;1;0;2;0;0;61;0;10;0;0;13;3;4;7;6093;737;425;0;0
4357;1967;123;0;7;0;0;2;-6;0;0;0;0;61;0;8;74;39;2;5;2;3;7800;642;61;0;0
4357;1966;0;0;2;0;0;0;-1;0;0;0;0;56;0;1;9;6;0;1;2;1;883;60;35;0;0
4602;1967;122;0;6;2;3;2;7;0;0;0;0;63;0;6;13;6;2;4;2;5;2902;5;706;0;0
4358;1962;5;0;11;2;2;6;0;0;0;0;1;61;1;10;0;0;15;2;7;17;10287;61;729;0;0
4358;1963;5;0;11;1;3;12;3;0;1;0;0;64;1;6;0;0;6;3;6;28;10519;637;653;0;0
4060;1967;0;0;6;5;4;2;-1;1;0;0;0;71;1;38;3;1;12;7;1;5;7365;643;9;0;0
4060;1956;0;0;14;12;6;2;12;0;0;0;0;78;0;52;10;4;32;17;3;11;15707;37;0;0;0
4060;1957;0;0;9;1;6;2;-7;0;1;0;0;74;1;29;2;1;27;8;6;4;9881;890;300;0;0
4060;1958;0;0;13;6;6;8;1;2;0;0;1;77;0;48;3;1;35;14;10;12;12633;2565;1884;0;0
4060;1959;0;0;11;10;8;10;11;1;0;0;0;81;2;58;7;3;31;11;6;11;12040;1096;1391;0;0
4060;1960;0;0;10;5;3;2;5;0;0;1;0;80;1;52;27;15;34;15;10;8;11904;2046;418;0;0
4060;1961;0;0;6;5;2;2;0;0;0;0;0;77;2;35;3;2;18;6;6;4;6724;1055;508;0;0
4060;1962;0;0;4;0;1;0;-4;0;0;0;0;73;0;17;1;0;16;5;2;1;4036;786;68;0;0
4060;1963;0;0;6;1;5;9;1;0;0;0;0;79;0;26;5;1;22;3;3;6;5942;1245;19;1;0
4060;1966;0;0;6;5;0;15;-6;3;0;0;0;79;1;32;12;7;8;8;2;2;6771;1189;182;1;1
4480;1967;120;0;7;0;2;0;-3;0;0;0;0;56;0;6;80;35;4;3;2;2;7253;51;185;0;0
4939;1963;9;0;12;4;3;8;-4;0;0;0;0;66;1;22;7;5;16;4;6;2;10543;506;71;0;0
4939;1964;9;0;11;5;2;6;-4;0;1;0;0;71;1;21;13;8;14;7;5;4;10697;1854;358;0;0
4939;1965;9;0;13;10;4;9;0;2;1;0;0;77;2;43;2;2;26;10;4;9;14633;1900;205;1;1
3864;1960;9;0;4;1;0;2;-2;0;0;0;0;57;0;6;2;2;15;1;3;2;3884;34;166;0;0
4481;1967;123;0;2;0;1;0;-2;0;0;0;0;47;0;3;0;0;2;0;0;2;1682;0;67;0;0
4604;1967;123;0;6;3;0;0;-2;1;0;0;0;67;0;12;1;0;7;5;0;1;6465;591;0;0;0
4941;1967;0;0;6;0;4;0;6;0;0;0;0;68;0;7;0;0;14;2;2;1;4427;0;105;0;0
4941;1965;9;0;13;2;5;7;-1;0;0;0;0;66;0;22;0;0;24;7;8;5;10778;110;410;1;1
4941;1966;0;0;6;0;0;6;-3;0;0;0;0;71;0;14;1;0;14;8;8;5;6879;299;1030;0;0
4483;1960;9;0;5;0;1;2;-4;0;0;0;0;61;0;7;0;0;7;1;1;14;6077;232;686;0;0
4483;1963;9;0;12;0;2;6;1;0;0;0;0;66;0;11;0;0;14;1;11;24;12870;738;652;0;0
4483;1964;9;0;11;0;1;2;-2;0;0;0;0;70;0;11;0;0;19;3;5;38;13389;165;1403;0;0
4483;1965;9;0;13;0;5;6;1;0;0;0;0;66;0;16;0;0;12;1;7;41;14254;35;648;0;0
4483;1966;9;0;5;1;0;2;-2;0;0;0;0;59;0;5;0;0;6;0;3;7;5587;0;234;0;0
4942;1967;122;0;6;0;7;2;6;0;0;0;0;66;0;7;0;0;5;2;1;14;8185;924;195;0;0
4942;1965;10;0;6;0;1;4;-1;0;0;0;0;58;0;1;0;0;6;0;3;5;6615;20;71;0;0
2821;1950;0;0;1;0;0;0;0;0;0;0;0;55;0;0;0;0;0;0;0;0;290;0;0;0;0
3320;1952;0;0;6;0;1;0;-3;0;0;0;0;61;0;9;0;0;9;1;3;15;7012;51;367;0;0
3320;1953;0;0;12;1;4;0;1;0;0;0;0;63;0;20;0;0;21;3;5;25;12961;91;787;0;0
3320;1954;0;0;3;0;5;4;4;0;0;0;0;72;0;2;0;0;10;0;1;10;4086;36;59;1;0
3320;1957;0;0;9;0;6;6;-2;0;1;0;0;62;0;23;0;0;22;1;4;20;10074;851;1011;0;0
3320;1958;0;0;13;1;5;18;-3;0;1;0;0;66;1;24;0;0;27;7;9;33;15881;2412;1785;0;0
3320;1960;0;0;10;5;2;10;-4;3;0;0;0;72;1;24;0;0;17;2;8;41;12220;1834;1315;0;0
3320;1961;0;0;6;0;3;0;1;0;0;0;0;61;0;7;0;0;7;2;0;11;6527;0;437;0;0
3320;1962;0;0;4;0;0;2;-2;0;0;0;0;63;0;3;0;0;8;0;0;15;4229;31;167;0;0
3320;1963;0;0;6;0;1;5;0;0;0;0;0;64;0;10;0;0;14;1;4;12;6875;581;527;1;0
4737;1967;120;0;7;1;4;2;0;1;1;0;0;71;1;16;4;2;13;2;0;2;7900;922;0;0;0
3673;1958;8;0;2;0;0;0;-3;0;0;0;0;67;0;2;0;0;4;0;5;3;2527;134;160;0;0
3557;1956;8;0;7;1;2;0;-2;0;0;0;0;56;1;2;0;0;9;5;0;1;2820;33;0;0;0
3557;1957;8;0;2;0;0;0;0;0;0;0;0;56;0;0;0;0;0;1;1;0;1081;20;0;0;0
3557;1958;8;0;2;0;0;0;-3;0;0;0;0;53;0;1;0;0;1;1;1;0;938;0;0;0;0
3557;1959;8;0;2;0;1;0;1;0;0;0;0;58;0;1;0;0;2;0;0;0;638;0;0;0;0
5238;1967;120;0;7;0;2;2;0;0;0;0;0;61;0;7;0;0;11;5;5;0;6948;14;211;0;0
4152;1962;5;0;14;0;2;8;-4;0;0;0;0;64;0;13;0;0;21;5;5;6;7955;0;0;0;0
4152;1963;5;0;11;1;4;6;0;0;0;0;0;63;0;23;0;0;13;13;5;2;7692;173;311;0;0
4152;1964;5;0;10;2;3;2;-1;0;0;0;0;65;0;13;0;0;12;4;2;3;7184;36;0;0;0
4152;1965;5;0;12;3;10;4;6;0;3;0;0;74;1;20;0;0;28;14;8;3;10290;2095;0;0;0
4152;1966;5;0;11;2;4;15;1;0;0;0;0;67;0;32;0;0;9;11;3;10;11335;18;464;1;1
4152;1967;5;0;6;0;8;2;5;0;0;0;0;74;0;8;6;3;12;9;5;5;6255;839;0;0;0
5411;1967;5;0;6;0;3;2;-1;0;0;0;0;63;0;5;0;0;12;0;4;12;6169;8;113;0;0
4153;1967;123;0;1;0;0;0;0;0;0;0;0;62;0;0;1;0;0;0;0;0;503;0;14;0;0
3867;1961;3;0;13;1;7;0;1;0;0;0;0;67;0;20;3;3;8;11;4;2;12446;518;52;0;0
3867;1963;3;0;7;1;3;2;-2;0;0;0;0;69;0;9;2;2;4;5;0;0;5287;1722;53;0;0
3867;1964;3;0;4;2;0;0;-2;0;0;0;0;65;0;5;2;0;10;4;1;1;3255;101;68;0;0
3867;1965;3;0;5;0;0;0;-3;0;0;0;0;64;0;3;8;3;0;2;1;2;3722;12;344;0;0
4487;1967;122;0;6;2;1;2;1;0;0;1;0;79;0;11;3;2;9;8;4;4;7212;788;28;0;0
4945;1964;9;0;2;0;0;0;-2;0;0;0;0;52;0;1;19;9;0;0;0;0;1181;0;21;0;0
4488;1961;5;0;13;1;7;0;3;0;0;0;0;65;1;29;5;4;20;6;7;7;12794;37;0;0;0
4488;1963;9;0;12;1;0;2;-5;0;0;0;0;60;0;10;48;28;4;6;3;9;6017;119;1956;0;0
4488;1964;9;0;11;3;4;4;-2;0;1;0;1;67;1;29;3;0;20;13;6;12;8396;509;1445;0;0
4488;1965;9;0;13;4;3;4;-7;0;0;0;0;66;0;39;5;3;19;16;9;5;14454;294;1615;0;0
4488;1966;9;0;5;0;2;2;-4;0;0;0;0;61;0;6;2;2;5;9;2;4;5363;206;356;0;0
3960;1960;5;0;10;0;4;6;11;0;0;0;1;66;0;4;0;0;12;2;8;16;9623;110;380;0;0
3869;1957;10;0;7;0;4;2;5;0;0;0;0;66;0;3;0;0;7;0;3;20;7202;0;283;0;0
3869;1958;10;0;7;0;0;4;1;0;0;0;0;61;0;0;0;0;8;1;2;9;6130;6;514;0;0
3869;1959;10;0;7;0;0;0;-5;0;0;0;0;60;0;3;0;0;11;1;1;13;6173;0;424;0;0
3869;1961;10;0;7;0;1;4;-1;0;0;0;0;63;0;6;0;0;11;1;2;15;6906;0;308;0;0
3869;1962;10;0;7;0;3;0;1;0;0;0;0;61;0;3;0;0;4;3;3;10;6463;25;335;0;0
3869;1964;10;0;5;0;3;4;-1;0;0;0;0;76;0;8;0;0;11;0;6;16;6777;1028;179;0;0
3869;1965;10;0;6;1;2;4;-1;0;0;0;0;70;1;5;0;0;7;0;8;16;7287;209;648;0;0
3869;1967;10;0;7;0;2;2;-4;0;0;0;0;57;0;8;0;0;13;2;4;17;7641;273;478;0;0
4154;1967;3;0;4;0;0;0;0;0;0;0;0;55;0;2;0;0;0;0;0;0;834;0;0;0;0
4609;1967;122;0;6;4;3;4;2;0;0;0;0;67;1;18;71;33;3;8;2;3;7012;941;12;0;0
3674;1956;0;0;4;1;3;2;-1;1;0;0;0;67;0;6;58;22;2;0;4;2;3811;102;150;0;0
3674;1957;0;0;9;3;5;0;-1;0;0;0;0;64;0;18;142;73;10;5;8;2;9905;0;83;0;0
3674;1958;0;0;13;1;3;2;-1;0;1;0;0;59;0;17;56;34;1;2;7;4;5449;114;549;0;0
3674;1959;0;0;11;2;4;0;2;0;0;0;0;59;0;21;113;68;6;9;5;6;9502;4;6;0;0
3674;1960;0;0;10;2;3;4;-4;0;0;0;0;65;0;21;20;10;19;6;7;9;10143;0;547;0;0
3674;1961;0;0;6;2;0;2;1;0;0;0;0;61;0;15;76;28;8;7;6;2;5723;0;292;0;0
3674;1962;0;0;4;0;2;0;-2;0;0;0;0;58;0;14;47;23;1;2;1;1;3304;0;206;0;0
3674;1963;0;0;6;2;2;4;2;0;0;0;0;64;0;9;46;28;5;2;1;4;4169;0;0;0;0
3321;1953;0;0;1;0;0;0;-2;0;0;0;0;63;0;1;0;0;0;0;0;2;872;86;0;0;0
3321;1954;0;0;5;0;0;0;1;0;0;0;0;65;0;3;0;0;9;2;0;0;3565;906;0;0;0
3321;1956;0;0;14;0;5;2;-6;0;0;0;0;62;0;13;2;0;24;1;3;3;5837;135;280;0;0
3321;1957;0;0;9;0;1;0;-2;0;0;0;0;59;0;11;0;0;8;8;4;6;7599;0;0;0;0
3321;1958;0;0;13;1;3;0;0;0;0;0;0;64;0;6;4;3;26;11;0;3;10261;9;283;0;0
4490;1967;121;0;6;0;0;2;-6;0;0;0;0;65;0;12;0;0;8;4;4;9;7557;814;306;0;0
4490;1964;9;0;11;1;2;4;-4;0;0;0;0;65;0;14;0;0;13;1;8;22;13036;689;638;0;0
4490;1965;9;0;13;1;4;2;-4;0;0;0;0;63;0;9;0;0;15;2;10;19;13091;98;476;0;0
4743;1967;5;0;6;0;1;4;-5;0;0;0;0;51;0;7;0;0;10;2;3;8;6232;0;295;0;0
4491;1967;120;0;7;1;2;0;2;0;0;0;1;64;0;7;0;0;10;1;3;12;7858;16;154;0;0
3675;1956;9;0;1;1;0;0;1;0;0;0;0;64;0;1;4;2;0;0;0;0;355;114;0;0;0
3675;1960;9;0;5;3;1;4;-1;2;1;0;0;66;0;9;117;57;1;6;7;2;4862;987;531;0;0
3675;1963;9;0;12;4;6;2;4;0;1;0;0;66;1;18;126;58;6;5;5;6;10963;408;346;0;0
3675;1964;9;0;7;1;1;0;1;0;0;0;0;61;0;6;68;33;5;1;2;2;5732;8;0;0;0
5416;1967;120;0;7;3;0;0;4;0;0;1;0;62;1;10;12;5;5;4;3;2;4009;22;599;0;0
5075;1964;3;0;2;0;1;0;-1;0;0;0;0;64;0;3;4;0;5;2;0;0;1718;0;0;0;0
5075;1966;0;0;6;1;2;8;-2;0;2;0;0;68;0;13;88;48;5;4;2;3;6322;1196;276;0;0
5075;1967;0;0;6;4;3;0;3;0;1;0;0;70;1;13;38;15;7;1;6;0;5247;501;0;0;0
4744;1967;123;0;4;1;1;0;0;0;0;0;0;60;0;1;14;9;0;1;0;1;1787;110;47;0;0
4492;1967;120;0;7;0;1;0;-2;0;0;0;1;66;0;12;0;0;17;1;4;11;8970;207;538;0;0
4492;1963;9;0;8;0;4;4;1;0;0;0;0;60;0;3;0;0;5;1;2;14;8015;77;450;0;0
4492;1964;9;0;11;0;2;4;-2;0;0;0;0;61;0;11;0;0;14;3;10;18;11267;0;537;0;0
4492;1966;9;0;1;0;1;0;0;0;0;0;0;56;0;0;0;0;1;0;0;3;1034;0;0;0;0
5078;1967;10;0;7;4;1;2;-2;0;1;0;0;61;0;14;122;59;2;6;2;4;7227;1458;19;0;0
5078;1965;10;0;6;0;3;0;2;0;0;0;0;62;0;3;71;27;2;4;7;6;5455;283;226;0;0
5246;1966;3;0;12;5;5;6;-1;5;0;0;0;75;2;36;5;3;19;9;3;3;10553;2827;0;0;0
5246;1967;3;0;7;4;2;0;6;0;0;1;0;81;0;30;1;1;13;7;8;3;7200;1199;366;0;0
5417;1967;3;0;7;2;4;2;2;0;0;0;0;73;1;14;0;0;6;5;6;5;5868;12;987;0;0
4065;1967;120;0;7;1;2;2;0;0;0;0;0;70;0;16;5;2;15;4;5;4;7488;221;117;0;0
4065;1958;8;0;2;0;0;0;0;0;0;0;0;55;0;0;0;0;0;0;0;0;654;0;0;0;0
4065;1960;8;0;5;0;0;0;-2;0;0;0;0;58;0;6;0;0;2;0;1;1;2076;0;0;0;0
3136;1951;5;0;5;0;0;6;-3;0;0;0;0;65;0;5;2;1;7;5;4;6;5416;101;0;0;0
3136;1957;5;0;11;2;5;10;6;0;0;0;0;79;0;37;13;5;27;9;5;3;11597;1811;17;0;0
3136;1958;5;0;6;3;1;4;0;1;1;0;0;75;0;10;6;2;12;9;3;0;4763;1011;11;0;0
3136;1959;5;0;14;15;5;6;0;4;0;0;0;86;4;69;3;2;25;10;7;5;14340;2212;0;0;0
3136;1960;5;0;10;3;4;2;3;0;1;0;0;75;2;32;12;3;25;16;8;7;10924;2136;8;0;0
3136;1962;5;0;14;4;11;2;-2;2;2;1;0;76;0;30;0;0;31;21;3;7;13230;1715;344;0;0
3136;1963;5;0;7;1;3;6;-1;1;0;0;0;70;0;20;1;0;10;12;4;3;5668;1594;9;0;0
3136;1964;5;0;10;6;11;8;10;3;1;0;0;79;0;27;0;0;18;9;3;3;9732;1617;0;0;0
3136;1965;5;0;12;2;6;2;-3;0;0;0;0;76;0;27;0;0;26;9;8;7;12377;250;0;0;0
3136;1966;5;0;11;2;1;8;-1;0;0;0;0;67;1;23;0;0;10;7;3;3;9476;386;0;0;0
3136;1967;123;0;3;1;0;0;0;0;0;0;0;60;0;7;0;0;3;0;0;0;1482;0;0;0;0
3137;1959;5;0;14;0;3;2;-4;0;0;0;0;59;0;12;0;0;11;2;7;26;13008;191;645;0;0
3137;1949;10;0;1;0;1;0;1;0;0;0;0;62;0;1;0;0;3;0;0;0;1246;0;178;0;0
3137;1952;10;0;12;1;3;4;0;0;0;0;0;64;0;13;0;0;25;1;7;23;12725;42;358;0;0
3137;1953;10;0;2;0;0;0;2;0;0;0;0;63;0;2;0;0;1;0;1;3;1912;49;64;0;0
3137;1954;10;0;10;0;2;0;4;0;0;0;0;67;0;21;0;0;18;4;9;25;10913;0;1246;0;0
3137;1955;10;0;9;0;4;4;6;0;0;0;0;70;0;7;0;0;13;1;6;23;8795;75;441;0;0
3137;1956;10;0;7;1;2;8;3;0;0;0;0;67;0;10;0;0;19;3;3;16;7302;558;308;0;0
3137;1957;10;0;7;0;2;9;1;0;0;0;0;59;0;7;0;0;14;1;2;11;7304;21;306;1;1
4365;1967;3;0;7;3;4;4;2;0;0;0;1;78;0;23;14;8;9;5;8;4;7565;1099;316;0;0
4365;1961;3;0;14;7;6;8;-5;0;3;0;0;81;0;44;19;9;22;14;8;12;16775;1834;192;0;0
4365;1962;3;0;11;1;10;2;5;1;2;0;0;79;1;31;10;7;21;10;9;10;11130;2072;187;0;0
4365;1963;3;0;7;2;3;2;0;1;1;0;0;72;2;16;78;39;9;7;5;0;6399;1800;4;0;0
4365;1964;3;0;4;0;3;2;-2;0;1;0;0;75;0;12;2;1;6;5;2;1;4019;781;0;0;0
4365;1965;3;0;5;2;3;2;-1;1;1;0;1;77;0;13;17;11;11;7;4;4;4889;948;683;0;0
4365;1966;3;0;12;4;8;8;9;0;2;0;0;81;0;36;42;19;21;10;13;8;13288;2725;1505;0;0
4493;1967;5;0;6;3;1;0;1;0;0;0;0;68;0;15;0;0;5;4;5;2;5212;314;0;0;0
4066;1967;122;0;6;0;1;0;4;0;0;0;0;62;0;2;0;0;6;0;2;6;5775;10;273;0;0
4366;1963;0;0;6;0;2;7;-1;0;0;0;0;59;0;1;1;0;6;0;2;9;5206;0;293;1;1
4366;1965;5;0;7;0;3;0;-3;0;0;0;1;56;0;7;0;0;7;0;3;4;7803;239;430;0;0
4366;1967;123;0;7;0;2;2;0;0;0;0;0;66;0;4;0;0;11;1;3;8;8502;233;467;0;0
2824;1950;0;0;7;0;1;4;-3;0;0;0;0;62;0;6;0;0;13;3;4;19;7299;78;453;0;0
2824;1952;0;0;7;0;0;2;-3;0;0;0;0;64;0;5;0;0;12;1;4;24;8310;38;297;0;0
2824;1953;0;0;11;0;5;0;5;0;0;0;0;62;0;10;0;0;12;2;7;28;11953;121;702;0;0
5080;1967;120;0;7;1;3;4;-1;0;0;1;0;65;0;17;0;0;13;2;4;2;8134;140;180;0;0
4069;1966;0;0;6;0;1;8;-1;0;0;0;0;60;0;6;0;0;10;2;6;5;6718;128;396;0;0
4367;1967;10;0;7;1;3;0;-4;1;0;0;0;66;0;15;0;0;9;1;6;16;7741;1395;777;0;0
4367;1959;10;0;7;0;1;2;-5;0;0;0;0;61;0;5;0;0;6;0;2;18;5928;0;351;0;0
4367;1961;10;0;7;0;2;2;-1;0;0;0;0;61;0;4;0;0;7;0;0;17;6668;19;342;0;0
4367;1962;10;0;7;0;3;2;2;0;0;0;0;66;0;7;0;0;7;2;5;12;7008;0;177;0;0
4367;1964;10;0;5;1;0;6;-3;0;0;0;0;60;0;9;0;0;6;0;2;11;6141;22;183;0;0
4367;1965;10;0;6;1;2;2;3;0;0;0;0;65;0;9;0;0;4;0;4;12;6559;13;241;0;0
4158;1967;10;0;7;1;3;6;-2;0;1;0;0;67;0;11;0;0;14;2;5;17;8804;213;330;0;0
4158;1958;10;0;7;0;1;0;-3;0;0;0;0;62;0;8;0;0;7;2;4;12;7078;336;487;0;0
4158;1959;10;0;7;0;0;5;-3;0;0;0;0;60;0;8;0;0;5;1;4;11;7930;317;304;1;0
4158;1961;10;0;7;0;5;2;4;0;1;0;1;66;0;6;0;0;10;1;5;14;7689;310;259;0;0
4158;1962;10;0;7;0;2;0;1;0;1;0;0;65;0;4;0;0;4;0;1;16;8029;373;167;0;0
4158;1964;10;0;5;0;0;0;-1;0;0;0;0;68;0;7;0;0;8;1;6;13;6097;339;758;0;0
4158;1965;10;0;6;0;3;9;-1;0;0;0;1;68;0;9;0;0;6;0;8;15;7318;942;585;1;0
4751;1967;120;0;7;5;1;2;1;1;0;0;0;68;0;14;96;51;10;7;8;4;8087;908;0;0;0
4751;1964;10;0;5;0;1;2;-2;0;0;0;0;66;0;11;45;24;5;1;3;0;5334;244;294;0;0
4071;1967;121;0;6;1;3;0;1;0;0;0;0;54;0;9;0;0;9;4;7;1;5866;114;255;0;0
4617;1967;121;0;6;4;2;0;-2;1;1;0;0;64;0;7;77;37;2;5;4;2;4867;918;216;0;0
4617;1964;9;0;11;1;1;4;-4;0;0;0;0;61;1;8;108;53;11;7;6;8;9578;446;330;0;0
4617;1965;9;0;13;2;4;4;-2;0;0;0;0;63;1;17;115;69;10;9;12;5;11277;432;349;0;0
4617;1966;9;0;5;0;1;4;-3;0;0;0;0;60;0;3;39;21;3;1;3;4;4175;0;0;0;0
4369;1959;8;0;2;1;0;0;-4;0;0;0;0;53;0;3;14;7;0;2;0;1;849;0;0;0;0
4754;1967;120;0;7;0;0;15;0;0;0;0;0;59;0;4;0;0;7;5;5;4;6645;0;241;1;0
4618;1967;120;0;7;0;4;2;-3;0;1;0;0;70;0;8;0;0;15;5;2;1;7857;928;7;0;0
4756;1967;0;0;6;0;4;11;0;0;0;0;0;63;0;7;0;0;17;4;5;14;7061;595;616;1;1
4756;1962;5;0;3;0;1;7;1;0;0;0;0;54;0;3;1;1;2;0;0;0;3036;83;75;1;0
4756;1963;5;0;11;1;2;22;6;0;0;0;0;59;0;8;1;1;8;2;5;15;10585;124;956;2;1
4756;1964;5;0;10;2;8;2;8;0;0;0;0;61;1;13;0;0;7;4;5;18;9697;190;1382;0;0
4756;1965;5;0;5;0;2;2;2;0;0;0;0;57;0;4;0;0;8;0;3;11;5052;308;122;0;0
4756;1966;0;0;6;0;0;2;-2;0;0;0;0;71;0;4;0;0;5;1;0;34;6544;76;947;0;0
2709;1950;0;0;6;0;3;2;2;0;0;0;1;61;0;7;12;10;3;1;3;0;2444;37;196;0;0
2709;1953;0;0;1;0;0;0;-1;0;0;0;0;54;0;0;1;1;0;0;0;0;286;2;8;0;0
3967;1967;121;0;6;0;2;2;-2;0;0;0;0;73;0;13;89;40;11;4;10;3;8015;60;730;0;0
3967;1961;3;0;14;5;7;4;2;1;1;0;0;74;1;18;7;2;21;9;9;5;16514;1661;55;0;0
3967;1962;3;0;11;7;6;4;10;3;1;0;0;79;0;20;3;1;22;7;5;7;11555;1916;439;0;0
3967;1963;3;0;7;2;1;0;2;0;0;0;0;74;0;17;4;2;12;6;2;3;7606;275;251;0;0
3967;1964;3;0;4;1;1;2;0;0;1;1;0;78;0;6;6;4;3;0;3;2;4047;539;334;0;0
3967;1965;3;0;5;1;3;2;-6;0;1;0;0;72;1;9;1;0;4;1;7;2;4523;934;196;0;0
3967;1966;3;0;12;1;3;2;0;0;0;0;0;71;0;17;7;3;15;9;3;8;11672;808;406;0;0
3559;1955;8;0;8;1;1;0;0;1;0;0;0;58;0;4;41;27;2;2;5;2;2737;501;100;0;0
3968;1961;3;0;1;0;0;0;-2;0;0;0;0;64;0;2;0;0;1;0;0;1;851;113;0;0;0
3968;1962;3;0;3;0;2;2;-2;0;2;0;0;64;0;6;1;1;6;3;2;1;1427;333;64;0;0
3968;1963;3;0;7;0;1;4;-1;0;0;0;0;58;0;5;2;2;8;3;3;3;3156;12;123;0;0
3968;1964;3;0;2;0;0;0;-2;0;0;0;0;54;0;1;0;0;0;0;1;0;1110;0;0;0;0
4494;1967;10;0;7;1;1;4;-4;0;1;0;0;68;0;7;1;1;8;3;1;2;6492;262;49;0;0
4494;1964;10;0;5;1;2;0;3;0;0;0;0;67;0;10;2;0;11;1;2;1;3612;0;0;0;0
4494;1965;10;0;6;0;1;0;-2;0;0;0;0;69;0;11;0;0;11;4;4;2;6133;799;0;0;0
4495;1967;3;0;7;0;0;2;-4;0;0;0;0;60;0;9;0;0;4;3;1;20;6783;0;598;0;0
4495;1962;3;0;11;0;4;7;12;0;0;0;0;64;0;14;0;0;9;0;5;24;10387;0;746;1;0
4495;1963;3;0;7;0;2;6;0;0;0;0;0;58;0;5;0;0;4;1;2;9;6852;0;386;0;0
4495;1964;3;0;4;0;2;2;-4;0;0;0;1;64;0;3;0;0;7;1;4;13;4323;0;258;0;0
4495;1965;3;0;5;0;1;0;-2;0;0;0;0;65;0;9;0;0;7;2;4;15;5218;57;787;0;0
4495;1966;3;0;12;0;1;8;6;0;0;0;0;61;0;10;0;0;10;3;8;19;11476;22;767;0;0
4072;1967;3;0;3;2;0;0;2;0;0;0;0;63;1;2;13;9;3;1;0;5;1171;12;72;0;0
4072;1966;3;0;1;0;0;0;0;0;0;0;0;62;0;0;1;1;0;0;2;0;287;0;0;0;0
5082;1966;5;0;11;1;3;6;1;0;0;0;0;62;0;10;0;0;6;3;4;32;11281;0;670;0;0
5082;1967;5;0;6;0;1;17;-5;0;0;0;0;63;0;10;0;0;6;0;9;8;6377;869;181;1;0
4949;1967;122;0;6;2;1;4;2;0;0;0;0;66;0;14;77;41;6;6;6;3;6035;289;76;0;0
4619;1966;9;0;4;0;1;0;-2;0;0;0;0;60;0;1;0;0;3;0;2;12;3981;0;94;0;0
4497;1967;123;0;7;0;3;0;3;0;0;0;0;62;0;7;0;0;5;3;2;10;8947;33;631;0;0
4160;1967;0;0;6;0;1;2;1;0;0;0;0;66;0;11;0;0;12;3;5;14;6917;208;248;0;0
4160;1960;9;0;5;0;2;0;0;0;0;0;1;62;0;16;0;0;6;3;5;13;5596;0;487;0;0
4160;1963;9;0;12;1;3;8;-4;0;0;0;0;64;0;10;0;0;12;5;6;29;12673;685;785;0;0
4160;1964;9;0;11;1;5;8;-3;0;0;0;0;62;0;12;0;0;15;2;8;16;12075;119;783;0;0
4160;1965;9;0;13;1;2;4;-2;0;0;0;0;65;1;11;1;1;18;2;6;36;14383;447;715;0;0
4160;1966;9;0;5;1;0;0;-4;0;0;0;0;64;0;11;0;0;6;0;5;9;6075;202;282;0;0
4073;1959;0;0;5;1;3;2;2;0;0;0;0;62;0;10;0;0;1;1;1;8;5174;0;187;0;0
4759;1967;120;0;7;0;1;2;0;0;0;0;0;62;0;2;0;0;10;1;0;16;7496;212;271;0;0
4074;1961;3;0;14;1;3;0;-10;0;0;0;0;54;0;27;5;2;11;8;9;6;12411;0;1065;0;0
4074;1962;3;0;11;4;2;2;-6;1;1;0;0;62;1;16;2;1;14;8;8;10;7682;556;1612;0;0
4074;1963;3;0;7;0;0;4;-3;0;0;0;0;61;0;4;20;7;8;12;9;5;4819;0;810;0;0
4074;1964;3;0;4;0;1;2;-1;0;0;0;1;61;0;6;8;5;8;1;2;2;2813;0;343;0;0
3560;1955;8;0;10;0;2;6;-3;0;2;0;0;63;0;13;0;0;10;5;4;19;11379;1424;256;0;0
3560;1956;8;0;7;0;1;0;-3;0;0;0;0;65;0;12;0;0;9;1;7;15;7218;296;233;0;0
3560;1957;8;0;5;0;1;0;-2;0;0;0;0;66;0;8;0;0;9;0;2;6;5493;126;0;0;0
3560;1958;8;0;4;0;0;4;-4;0;0;0;0;64;0;4;0;0;5;0;3;10;4598;235;158;0;0
3560;1959;8;0;4;0;2;2;-1;0;0;0;0;69;0;6;0;0;9;3;5;12;4952;672;23;0;0
3560;1960;8;0;5;0;1;7;0;0;0;0;0;65;0;6;0;0;10;2;2;7;5625;102;232;1;1
3326;1952;0;0;1;0;1;0;1;0;0;0;0;71;0;3;0;0;0;2;2;1;1018;0;39;0;0
3326;1953;0;0;12;1;5;2;-6;0;0;0;0;63;0;20;3;0;21;8;6;3;10785;35;385;0;0
3326;1954;0;0;5;2;1;2;2;0;0;0;0;65;0;12;12;7;5;3;3;2;5164;0;104;0;0
3433;1955;8;0;8;2;1;0;-2;0;1;0;0;59;1;8;0;0;4;3;2;2;2812;462;0;0;0
3433;1957;8;0;2;0;0;0;-1;0;0;0;0;52;0;1;1;0;1;1;0;0;1003;0;0;0;0
3433;1958;8;0;4;0;1;0;0;0;0;0;0;65;0;8;2;1;6;2;4;3;3616;0;0;0;0
3433;1959;8;0;4;0;1;2;-3;0;0;0;0;63;0;10;1;0;7;6;3;2;3996;168;0;0;0
3433;1960;8;0;5;1;0;0;-2;0;0;0;0;65;0;10;1;0;6;5;3;4;5299;141;67;0;0
3879;1967;121;0;6;1;5;0;-3;0;2;0;0;72;0;10;0;0;8;5;4;5;7047;818;0;0;0
3879;1958;0;0;13;2;3;2;2;0;0;0;0;68;1;12;0;0;18;4;5;6;10675;38;11;0;0
3879;1960;0;0;10;1;6;4;2;0;0;0;0;69;0;22;3;1;19;2;4;5;10478;301;0;0;0
3879;1961;0;0;6;1;3;2;0;0;0;0;0;69;0;13;0;0;15;1;2;2;5759;335;0;0;0
3879;1962;0;0;4;0;1;0;-6;0;0;0;0;64;0;1;0;0;10;2;1;0;2853;226;0;0;0
3879;1963;0;0;6;1;1;0;0;0;0;0;0;61;1;9;0;0;5;2;3;2;3301;109;289;0;0
3434;1957;5;0;11;5;4;0;0;0;0;0;0;63;1;20;113;54;5;5;5;1;9428;0;101;0;0
3434;1958;5;0;10;1;2;0;2;0;0;0;0;63;1;5;51;19;6;3;4;6;5106;105;579;0;0
3434;1959;5;0;14;2;3;0;1;0;0;0;0;63;2;19;115;53;18;16;11;4;11573;36;502;0;0
3434;1960;5;0;10;4;6;0;3;0;0;0;1;69;0;20;106;54;10;11;9;1;10062;67;649;0;0
3434;1961;5;0;6;2;1;2;1;0;0;0;0;67;0;4;65;30;6;1;7;2;5310;6;367;0;0
3434;1962;5;0;14;1;3;2;-2;0;0;0;1;59;0;17;116;58;1;6;8;4;7749;61;731;0;0
3434;1963;5;0;11;1;5;2;-1;0;0;0;0;63;0;12;117;54;8;6;8;3;8296;32;832;0;0
3434;1964;5;0;10;3;3;0;-2;0;0;0;0;62;0;17;101;54;5;9;6;2;8720;424;333;0;0
3434;1965;5;0;12;3;7;0;-3;0;0;0;1;63;0;15;132;60;10;8;9;6;11172;376;667;0;0
3434;1966;5;0;11;1;4;0;-1;0;0;1;0;66;0;14;113;56;10;11;7;6;10482;458;1542;0;0
3434;1967;5;0;6;1;0;2;-5;0;0;0;0;66;0;6;80;39;5;3;6;5;6657;307;75;0;0
3971;1961;3;0;13;1;2;0;3;0;0;1;0;58;0;5;46;19;3;8;2;6;5771;157;762;0;0
3971;1962;3;0;11;4;4;8;1;0;0;0;0;62;0;10;72;33;6;2;2;5;6076;58;462;0;0
3971;1963;3;0;7;1;1;0;0;0;0;0;0;61;0;8;49;23;4;2;2;0;4067;0;61;0;0
4502;1967;121;0;6;1;2;4;-5;1;0;0;0;62;0;9;0;0;10;7;5;14;7235;817;578;0;0
4502;1965;3;0;5;0;2;4;-1;0;0;0;0;56;0;6;0;0;2;1;1;12;4723;0;183;0;0
4502;1966;3;0;12;0;4;4;6;0;0;0;0;63;0;8;0;0;14;5;4;29;11920;93;947;0;0
4077;1967;121;0;6;2;0;0;-1;0;0;0;0;63;1;10;0;0;6;1;0;5;4314;0;0;0;0
4077;1962;5;0;14;2;1;2;-3;0;0;0;0;64;0;27;4;1;14;7;2;5;9939;0;0;0;0
4077;1963;5;0;11;1;4;0;-1;0;0;0;0;65;0;11;3;2;12;7;2;9;7682;661;0;0;0
4077;1964;5;0;4;1;0;2;0;0;0;0;0;60;1;1;0;0;1;2;0;0;1591;189;0;0;0
3327;1952;3;0;4;1;0;0;-2;0;0;0;0;60;0;2;4;1;6;3;1;3;3353;0;98;0;0
3327;1955;3;0;6;1;3;2;5;0;0;0;0;68;0;9;16;7;14;2;2;3;4599;120;776;0;0
3437;1957;5;0;9;0;2;0;0;0;0;0;0;60;0;7;35;14;4;3;2;5;4233;0;253;0;0
3437;1958;5;0;8;3;3;2;9;0;0;0;0;71;1;20;9;6;17;6;6;2;8260;420;59;0;0
3437;1959;5;0;14;4;5;0;1;0;0;0;0;67;0;26;11;6;15;10;6;8;13806;598;134;0;0
3437;1960;5;0;10;6;2;0;6;0;0;1;0;69;2;29;14;8;14;13;4;1;10774;40;445;0;0
3437;1961;5;0;13;4;1;2;-6;0;0;0;0;74;1;33;19;7;22;11;10;8;15263;351;159;0;0
3437;1962;5;0;11;1;2;0;0;0;0;1;0;65;1;19;6;3;5;5;2;3;8827;73;27;0;0
3437;1964;5;0;2;0;2;0;2;0;0;0;0;68;0;0;5;2;0;1;1;1;1414;2;38;0;0
3562;1955;3;0;6;2;3;2;0;0;2;0;0;71;0;9;0;0;11;5;3;4;5407;810;0;0;0
3563;1955;3;0;4;0;1;2;0;0;0;0;0;66;0;6;0;0;5;0;2;5;4578;73;244;0;0
3328;1967;0;0;6;5;2;4;-4;0;0;0;0;62;1;18;96;57;4;0;5;1;7467;73;26;0;0
3328;1952;8;0;12;3;3;0;-1;0;1;0;0;61;0;14;92;46;9;8;7;6;7718;891;239;0;0
3328;1953;8;0;10;5;2;0;-1;2;0;0;0;68;1;15;188;87;11;8;14;7;11365;1281;229;0;0
3328;1954;8;0;10;7;2;2;1;3;0;0;0;65;0;25;196;116;10;13;4;6;10607;1819;0;0;0
3328;1955;8;0;10;3;10;2;4;0;1;0;0;69;1;25;171;94;8;5;13;1;10826;1634;0;0;0
3328;1956;8;0;7;5;6;4;-1;1;1;0;0;68;0;21;145;87;2;6;4;2;7779;923;739;0;0
3328;1957;8;0;5;2;1;0;-2;0;0;0;0;64;0;10;99;43;5;9;5;3;5896;913;181;0;0
3328;1958;8;0;4;2;0;0;-3;0;0;0;0;65;0;12;75;41;5;6;6;2;4086;581;591;0;0
3328;1959;8;0;4;3;1;0;-2;0;1;0;0;72;0;14;75;41;6;4;6;2;4425;761;202;0;0
3328;1960;8;0;5;1;4;2;1;0;0;0;1;65;1;15;83;48;2;8;10;2;5550;408;926;0;0
3328;1964;3;0;4;0;1;2;-4;0;0;0;0;58;0;5;28;10;1;5;2;2;3410;492;228;0;0
3328;1965;3;0;5;1;5;2;-2;0;0;0;1;68;0;11;43;25;7;6;5;2;5333;156;801;0;0
3328;1966;3;0;12;6;2;2;9;0;0;0;0;72;0;32;117;59;10;12;15;4;11872;855;1805;0;0
3883;1957;5;0;11;3;7;2;5;0;1;0;0;68;0;19;16;6;16;11;10;13;9219;298;946;0;0
3883;1958;5;0;10;2;10;0;7;0;1;1;2;69;0;20;31;10;20;11;4;4;9379;7;1141;0;0
3883;1959;5;0;14;6;9;8;10;0;0;0;0;70;1;36;18;4;33;10;6;7;15653;0;1013;0;0
3883;1960;5;0;10;3;3;11;-1;0;0;0;0;67;0;24;19;5;20;14;4;8;11564;33;973;1;0
3883;1961;5;0;13;3;7;2;-5;0;0;0;0;70;1;29;23;8;34;18;16;5;14639;288;1360;0;0
3883;1962;5;0;14;7;4;2;2;0;0;1;0;69;1;41;3;2;30;10;10;8;13980;496;746;0;0
3883;1963;5;0;11;1;5;2;5;0;0;0;0;72;0;18;2;2;30;15;9;9;9536;0;1631;0;0
3883;1964;5;0;6;0;1;0;2;0;0;0;0;60;0;7;1;0;4;5;5;0;4118;179;636;0;0
3883;1965;5;0;12;6;7;2;0;0;0;1;1;68;1;38;0;0;30;16;13;7;12193;2;1521;0;0
3883;1966;5;0;11;3;1;4;-2;0;0;0;0;67;0;27;28;13;16;8;16;4;9791;0;1503;0;0
3565;1955;8;0;2;0;0;0;-1;0;0;0;0;54;0;3;23;12;2;4;1;1;1836;140;0;0;0
3565;1957;8;0;3;0;0;0;-2;0;0;0;0;57;0;1;13;4;2;1;0;1;1493;0;0;0;0
3565;1958;8;0;4;2;0;4;-1;0;0;0;0;58;0;11;51;25;1;5;3;3;4486;117;146;0;0
3565;1959;8;0;4;2;1;0;2;0;0;0;0;69;0;10;50;29;2;2;4;2;4704;187;50;0;0
3565;1960;8;0;5;4;1;2;-1;0;0;0;0;66;0;12;62;31;2;6;3;6;5938;137;286;0;0
5086;1967;122;0;6;1;0;4;-2;0;0;0;0;56;1;5;0;0;4;0;2;12;5898;0;459;0;0
4957;1967;120;0;7;0;1;2;-2;0;0;0;1;68;0;17;0;0;16;3;12;9;9122;1028;144;0;0
4628;1966;0;0;6;1;1;9;-2;0;0;0;0;54;0;2;0;0;3;2;3;11;5621;0;526;1;0
3329;1958;5;0;1;0;0;0;-1;0;0;0;0;59;0;1;0;0;1;2;1;1;1144;2;0;0;0
3329;1959;5;0;12;0;2;2;-3;0;0;0;0;55;0;4;0;0;5;5;2;2;4747;131;67;0;0
3329;1960;5;0;4;1;0;0;1;0;0;0;0;61;0;4;0;0;1;1;5;0;1439;0;0;0;0
3329;1962;0;0;4;0;0;4;-2;0;0;0;0;55;0;3;10;2;2;1;1;1;1482;0;694;0;0
3682;1960;8;0;5;0;1;0;-4;0;0;0;0;61;0;2;0;0;6;3;4;2;4934;0;195;0;0
3885;1967;5;0;6;6;3;4;-1;0;1;0;0;68;0;23;96;46;6;8;2;3;7047;837;42;0;0
3885;1957;5;0;11;8;7;11;11;0;1;0;0;73;1;35;157;89;14;12;6;11;11805;1750;857;1;1
3885;1958;5;0;10;5;5;4;6;0;1;1;1;67;1;20;129;66;12;19;6;6;9141;1776;1047;0;0
3885;1959;5;0;14;5;7;2;-4;0;1;0;0;72;1;26;200;101;19;9;14;10;14341;2259;1421;0;0
3885;1960;5;0;10;3;2;6;2;0;0;0;0;74;0;30;158;86;16;6;12;14;10656;2013;1123;0;0
3885;1961;5;0;13;6;13;4;11;1;2;0;0;76;0;39;188;96;14;11;19;6;13267;2401;1508;0;0
3885;1962;5;0;14;7;5;4;1;1;2;0;0;71;1;34;225;109;16;13;6;18;13408;1805;2166;0;0
3885;1963;5;0;11;4;7;10;1;0;2;0;0;71;1;29;186;100;10;9;8;6;9670;2174;1583;0;0
3885;1964;5;0;10;5;6;4;16;0;1;0;0;71;0;20;135;80;5;6;3;2;10084;678;0;0;0
3885;1965;5;0;12;8;10;0;15;0;3;0;0;75;1;22;182;95;13;10;13;10;12942;2148;58;0;0
3885;1966;5;0;11;6;4;4;2;0;1;0;0;72;0;33;121;65;13;4;12;3;12016;1496;593;0;0
4373;1961;5;0;6;0;3;0;-1;0;0;0;0;62;0;5;0;0;4;3;3;11;5723;46;409;0;0
4373;1962;5;0;14;1;7;8;1;0;0;0;0;62;0;13;0;0;12;4;7;31;13313;109;822;0;0
4373;1964;5;0;10;0;5;8;5;0;1;0;0;66;0;11;0;0;13;1;9;19;10115;144;560;0;0
4373;1965;5;0;12;1;4;10;4;0;0;0;0;61;0;14;0;0;8;2;11;28;13997;62;714;0;0
4373;1966;5;0;11;0;3;4;0;0;0;0;0;58;0;15;0;0;7;1;3;25;11491;0;1598;0;0
4373;1967;5;0;2;0;1;0;0;0;0;0;0;39;0;0;0;0;3;0;0;1;2105;0;13;0;0
3445;1957;10;0;3;0;1;0;1;0;0;0;0;60;0;1;14;8;0;0;1;1;1319;0;0;0;0
3445;1958;10;0;7;0;0;0;1;0;0;0;0;58;0;5;21;12;4;1;1;1;2197;66;378;0;0
3445;1961;10;0;7;1;1;0;-6;0;0;0;0;66;0;11;71;35;10;6;7;0;6664;270;145;0;0
3445;1962;10;0;7;1;0;0;0;0;0;0;0;64;0;8;58;36;2;4;11;1;5612;333;214;0;0
3445;1964;10;0;5;1;0;2;3;0;0;0;0;59;0;7;49;27;3;3;2;0;3591;0;0;0;0
4374;1962;5;0;3;0;0;0;0;0;0;0;0;54;0;0;2;1;1;2;0;0;1374;0;0;0;0
4374;1963;5;0;11;3;0;0;0;0;0;0;0;61;0;15;1;1;9;2;6;2;6208;33;329;0;0
4374;1964;5;0;10;1;3;2;-1;0;0;0;0;66;1;18;11;6;24;11;6;5;8953;221;789;0;0
4374;1965;5;0;12;1;4;8;-1;0;0;0;0;65;0;23;2;0;19;8;6;8;11362;433;509;0;0
4374;1966;5;0;11;1;5;2;0;0;0;0;0;67;0;24;14;7;25;8;5;3;11999;398;649;0;0
4374;1967;5;0;6;2;1;2;-5;0;0;0;0;66;0;19;1;0;12;8;3;7;7278;390;110;0;0
4962;1963;5;0;11;4;4;2;7;0;0;1;0;62;1;13;86;47;3;4;4;4;6849;56;452;0;0
4962;1967;5;0;6;1;2;0;-1;1;0;0;0;71;0;17;9;6;9;7;9;2;6166;839;112;0;0
4376;1960;9;0;5;0;5;4;0;0;0;0;0;69;0;4;0;0;8;1;4;11;5170;180;180;0;0
4376;1963;9;0;12;0;0;8;-7;0;0;0;0;62;0;5;0;0;17;3;3;20;13135;310;1738;0;0
4376;1965;9;0;13;1;6;2;-3;0;4;0;0;67;0;21;0;0;14;1;8;22;15162;1967;1569;0;0
4376;1966;9;0;5;0;1;2;0;0;0;0;0;70;0;8;0;0;5;1;6;9;5761;744;380;0;0
5092;1967;0;0;6;0;2;0;2;0;0;0;0;61;0;3;0;0;6;1;3;11;6359;156;756;0;0
5092;1966;0;0;6;0;0;4;-4;0;0;0;0;63;0;8;0;0;11;1;2;17;7665;281;981;0;0
3446;1953;3;0;7;0;3;0;-2;0;0;0;0;60;0;6;0;0;5;0;4;14;6617;9;70;0;0
3446;1955;3;0;6;0;2;8;0;0;0;0;0;60;0;6;0;0;6;1;4;7;6547;79;626;0;0
3143;1955;3;0;6;1;1;0;-2;0;1;0;0;62;0;10;37;18;0;1;2;1;3499;333;50;0;0
3567;1961;5;0;7;0;0;0;-2;0;0;0;0;57;0;1;42;22;0;2;3;0;3072;13;137;0;0
4377;1961;3;0;14;0;2;4;-4;0;0;0;0;64;0;4;0;0;12;2;4;51;15331;162;1261;0;0
4377;1962;3;0;11;0;2;2;5;0;0;0;0;70;0;7;0;0;11;0;9;32;12006;13;812;0;0
4377;1963;3;0;7;0;3;7;-1;0;1;0;0;63;0;8;0;0;7;4;7;14;7116;673;975;1;0
4377;1964;3;0;4;0;1;2;-3;0;0;0;0;49;0;1;0;0;2;1;0;8;3591;0;146;0;0
4377;1965;3;0;5;0;2;8;-3;0;0;0;0;48;0;2;0;0;3;0;0;10;5075;63;260;0;0
4377;1967;3;0;7;0;5;2;5;0;0;0;0;64;0;9;0;0;7;1;1;18;7205;12;452;0;0
5443;1967;0;0;6;0;0;2;-4;0;0;0;0;60;0;5;1;0;13;4;3;1;3205;0;919;0;0
3685;1958;8;0;2;0;0;0;-1;0;0;0;0;58;0;2;0;0;1;0;0;0;733;0;49;0;0
3685;1959;8;0;2;0;0;0;-2;0;0;0;0;56;0;2;1;0;3;1;0;0;1424;0;0;0;0
4380;1967;0;0;6;0;4;2;-1;0;0;0;0;54;0;13;3;1;14;4;4;6;7594;57;201;0;0
4380;1963;9;0;12;1;3;2;1;0;0;0;0;62;1;13;11;5;12;5;6;6;8660;154;534;0;0
4380;1964;9;0;11;1;2;2;0;0;0;0;0;61;0;16;28;10;13;17;7;13;9538;41;1432;0;0
4380;1965;9;0;13;3;5;2;-4;0;0;0;0;66;0;27;27;11;20;21;9;16;13648;140;1427;0;0
4380;1966;9;0;5;0;1;4;-1;0;0;0;0;64;0;9;6;5;6;2;0;0;4757;0;319;0;0
4762;1967;5;0;6;0;1;2;0;0;0;0;0;54;0;6;5;4;3;4;0;0;2795;0;592;0;0
3890;1961;3;0;6;3;2;0;0;1;1;0;0;65;1;9;0;0;7;0;1;5;5848;812;118;0;0
3891;1961;3;0;14;0;3;4;-5;0;0;0;1;55;0;5;0;0;7;1;10;4;14218;88;649;0;0
3331;1957;8;0;5;1;2;0;0;0;0;0;0;66;0;6;0;0;7;1;5;4;4017;0;0;0;0
3331;1958;8;0;4;0;1;0;-1;0;0;0;0;64;0;3;0;0;6;2;2;4;3256;0;0;0;0
3331;1959;8;0;2;0;0;0;-3;0;0;0;0;58;0;1;0;0;2;3;0;4;1982;0;44;0;0
3331;1960;8;0;5;2;0;0;-2;0;0;0;0;62;0;4;0;0;9;2;4;1;4076;0;0;0;0
5445;1967;5;0;4;0;0;2;2;0;0;0;0;58;0;2;0;0;2;4;0;11;4059;0;75;0;0
5094;1966;9;0;5;0;2;0;-2;0;0;0;0;70;0;14;0;0;5;4;2;1;5002;194;0;0;0
3450;1967;3;0;7;0;3;2;11;0;0;0;0;78;0;15;0;0;16;4;9;12;8427;1164;245;0;0
3450;1952;3;0;7;0;1;2;-2;0;0;0;0;64;0;17;1;0;13;4;5;5;7347;0;375;0;0
3450;1953;3;0;7;0;6;4;1;0;1;0;0;70;0;17;0;0;12;1;8;7;8691;854;49;0;0
3450;1955;3;0;6;0;1;0;-7;0;1;0;0;71;0;11;0;0;14;1;6;4;7126;862;337;0;0
3450;1961;3;0;14;3;8;2;9;1;0;0;0;72;0;17;0;0;15;2;10;15;17166;1839;350;0;0
3450;1962;3;0;11;4;7;8;1;0;4;0;0;75;1;17;0;0;22;3;15;10;11893;2013;1081;0;0
3450;1963;3;0;7;1;2;8;-4;0;0;0;0;68;0;10;0;0;8;3;7;5;8172;1327;236;0;0
3450;1964;3;0;4;1;1;2;-3;1;0;0;0;69;0;14;0;0;3;0;3;4;4121;812;317;0;0
3450;1965;3;0;5;0;4;4;-1;0;1;0;1;74;0;8;0;0;21;1;2;7;5765;983;314;0;0
3450;1966;3;0;12;1;10;8;6;1;2;0;0;77;0;36;0;0;18;3;14;11;14549;2859;293;0;0
4381;1959;10;0;7;3;1;0;-2;0;0;0;0;56;1;6;0;0;7;4;0;1;5834;364;0;0;0
4381;1961;10;0;7;0;0;0;-3;0;0;0;0;68;0;14;4;3;12;5;1;3;6178;367;110;0;0
4381;1962;10;0;7;1;2;0;-1;0;0;0;0;69;1;10;14;4;6;4;4;4;5894;437;65;0;0
4381;1964;10;0;5;0;0;4;0;0;0;0;0;71;0;19;0;0;3;2;5;2;4920;1075;0;0;0
4381;1965;10;0;6;0;2;0;-3;0;0;0;1;64;0;13;49;22;6;7;5;3;6024;324;239;0;0
4381;1967;10;0;7;2;3;2;0;0;0;0;0;60;1;7;70;26;5;3;3;2;6851;221;55;0;0
3451;1967;120;0;7;0;1;2;-1;0;1;0;0;66;0;10;7;5;12;4;3;3;5639;909;503;0;0
3451;1957;0;0;9;1;3;4;-4;0;0;0;0;62;0;27;2;0;13;4;4;5;6964;80;0;0;0
3451;1958;0;0;13;5;3;2;-2;1;0;0;0;68;0;32;2;2;36;16;10;9;12767;850;895;0;0
3451;1959;0;0;11;3;2;0;-6;0;0;0;0;61;0;29;6;4;28;14;5;3;10185;0;112;0;0
3451;1960;0;0;10;0;3;2;0;0;0;0;0;67;0;18;6;3;29;7;10;5;8185;39;504;0;0
3451;1961;0;0;6;2;0;2;0;0;0;0;0;70;0;21;1;0;17;4;6;2;5344;0;21;0;0
3451;1962;0;0;4;2;0;2;-2;0;0;0;0;59;0;14;0;0;7;3;0;2;3350;0;162;0;0
3451;1963;0;0;6;0;3;0;1;0;0;0;0;64;0;2;3;3;10;4;7;1;3561;0;61;0;0
3451;1966;0;0;2;0;0;0;-1;0;0;0;0;61;0;4;3;0;1;1;1;0;1875;0;191;0;0
3452;1952;0;0;7;2;0;2;1;0;0;0;0;76;0;11;10;4;25;5;9;7;7750;371;434;0;0
3452;1953;0;0;12;6;6;2;8;0;0;0;0;75;0;35;32;10;47;16;10;17;13541;919;1113;0;0
3452;1954;0;0;5;1;0;2;-4;0;0;0;0;67;0;17;10;7;13;7;3;7;6749;130;371;0;0
3452;1956;0;0;14;6;6;21;0;0;0;1;0;75;1;29;10;5;50;17;8;8;13080;2058;970;1;0
3452;1957;0;0;9;2;2;2;-3;0;0;0;0;65;0;24;6;3;19;13;3;7;8364;740;1084;0;0
3452;1959;0;0;11;2;10;2;12;0;1;0;0;74;0;27;5;3;43;13;9;10;11505;830;763;0;0
3452;1960;0;0;10;1;8;4;5;0;0;0;1;68;0;38;1;0;41;15;2;2;10437;121;1242;0;0
3452;1961;0;0;6;0;1;4;-5;0;0;0;0;63;0;19;1;0;17;10;3;5;6880;241;709;0;0
3452;1962;0;0;4;0;1;0;-3;0;0;0;0;74;0;6;0;0;25;3;4;1;3565;88;837;0;0
3452;1963;0;0;6;2;1;10;-3;1;1;0;0;66;0;12;36;13;12;5;2;3;5228;1067;238;0;0
3452;1966;0;0;6;0;1;2;-1;0;0;0;0;62;0;7;15;6;10;3;5;2;5145;92;926;0;0
3688;1967;122;0;6;0;4;0;6;0;0;0;0;70;0;5;0;0;9;2;3;19;6781;0;566;0;0
3688;1957;10;0;7;0;1;0;1;0;0;0;0;65;0;6;0;0;11;3;1;18;6697;18;322;0;0
3688;1958;10;0;7;0;2;2;-4;0;0;0;0;62;0;3;0;0;10;0;2;13;6540;32;361;0;0
3688;1964;10;0;5;0;0;0;-4;0;0;0;0;69;0;3;0;0;13;0;3;19;6167;25;290;0;0
3688;1965;10;0;6;0;1;0;-2;0;0;0;0;64;0;3;0;0;11;0;3;14;6211;88;95;0;0
3455;1967;10;0;7;0;0;2;-3;0;0;0;0;54;0;8;16;4;5;4;0;2;2522;0;931;0;0
3455;1953;10;0;5;0;2;0;3;0;0;0;0;57;0;1;0;0;5;10;4;2;4411;22;142;0;0
3455;1954;10;0;10;2;2;6;4;0;0;1;0;67;1;17;25;12;22;8;7;5;9636;52;1316;1;0
3455;1955;10;0;9;1;3;8;5;0;0;0;0;66;0;15;3;1;11;9;6;4;7181;228;1671;0;0
3455;1956;10;0;7;1;5;0;2;0;0;0;0;68;1;9;5;4;16;8;5;0;6330;376;860;0;0
3455;1957;10;0;7;1;4;10;-2;0;0;0;0;71;1;16;23;12;15;10;12;6;8003;109;684;0;0
3455;1958;10;0;7;1;3;10;-1;0;0;0;0;66;0;8;19;10;11;4;4;7;6069;248;1241;0;0
3455;1959;10;0;7;0;3;0;-3;0;0;0;1;66;0;4;16;8;15;7;3;13;6973;0;1033;0;0
3455;1961;10;0;7;3;5;2;4;0;0;0;1;67;1;8;11;4;13;5;6;10;6455;0;678;0;0
3455;1962;10;0;7;0;1;4;-3;0;0;0;0;63;0;7;9;2;17;6;4;1;5781;44;553;0;0
3455;1964;10;0;5;0;1;15;-6;0;0;0;0;61;0;15;0;0;9;7;7;3;4104;60;772;1;0
3455;1965;10;0;6;3;1;6;2;0;0;1;0;69;0;7;2;1;13;0;6;4;5574;368;110;0;0
3693;1964;9;0;11;1;2;2;-5;0;1;0;0;64;0;18;3;1;10;8;5;5;7987;1580;0;0;0
3333;1957;5;0;11;1;3;6;3;0;0;0;0;59;1;14;0;0;13;3;5;9;11663;540;249;0;0
3333;1958;5;0;10;0;2;6;5;0;0;0;0;59;0;4;0;0;10;2;6;10;9833;164;594;0;0
3145;1951;9;0;1;0;0;0;0;0;0;0;0;54;0;2;0;0;0;0;0;0;398;0;0;0;0
3145;1954;9;0;4;0;0;0;-3;0;0;0;0;56;0;3;10;4;3;3;1;0;1425;177;193;0;0
3145;1956;9;0;14;0;5;2;-4;0;0;0;0;58;0;13;19;6;20;8;5;2;7188;14;658;0;0
3335;1952;8;0;4;0;0;0;2;0;0;0;0;64;0;6;0;0;7;0;6;3;4511;208;175;0;0
3335;1954;8;0;10;0;1;0;1;0;0;0;0;70;0;10;0;0;11;3;8;27;11756;70;1092;0;0
3335;1955;8;0;10;0;0;0;-6;0;0;0;0;57;0;10;0;0;9;4;6;12;10600;12;574;0;0
3335;1956;8;0;7;1;5;0;4;0;0;0;0;57;0;10;0;0;14;0;1;14;7462;0;286;0;0
3337;1951;3;0;5;0;1;4;-2;0;0;0;0;66;0;16;0;0;13;3;6;10;6410;680;461;0;0
3337;1952;3;0;7;0;2;0;-1;0;0;0;0;63;0;14;0;0;13;1;4;11;8708;32;879;0;0
3337;1953;3;0;7;0;2;0;2;0;0;0;0;64;0;13;0;0;10;3;7;14;8059;60;972;0;0
3337;1954;0;0;5;0;1;2;-4;0;0;0;0;66;0;6;0;0;5;1;2;13;7156;272;509;0;0
3337;1956;0;0;14;2;8;4;-1;1;1;0;1;62;0;20;0;0;30;5;6;28;16369;1991;1479;0;0
3337;1957;0;0;9;2;1;10;-5;0;0;0;0;63;0;13;0;0;24;6;3;25;11567;7;525;0;0
3337;1958;0;0;13;5;3;8;1;2;1;0;0;72;2;25;0;0;18;4;7;42;15525;2390;2134;0;0
3337;1959;0;0;11;2;4;4;2;0;1;0;0;73;0;20;0;0;31;6;12;43;14107;1107;1501;0;0
3337;1961;0;0;6;0;2;4;-5;0;0;0;0;67;0;10;0;0;14;0;5;9;7119;1209;429;0;0
3337;1962;0;0;4;0;1;0;-3;0;0;0;1;68;0;5;0;0;8;2;4;15;4320;254;333;0;0
3337;1963;0;0;6;0;2;0;-4;0;0;0;0;61;0;8;0;0;6;2;3;16;6043;20;567;0;0
3337;1964;5;0;10;1;3;2;6;0;1;0;0;64;0;16;0;0;20;0;6;24;12276;224;605;0;0
3337;1965;5;0;12;1;10;2;11;0;0;0;1;66;0;8;0;0;12;2;11;28;13911;33;1447;0;0
3337;1966;5;0;11;0;5;2;1;0;1;0;0;63;0;12;0;0;9;2;5;26;13157;1410;448;0;0
3337;1967;5;0;6;0;1;2;4;0;0;0;0;62;0;4;0;0;13;6;3;16;7265;311;243;0;0
3147;1951;3;0;5;2;1;2;-1;0;0;0;0;67;1;16;18;9;9;7;1;1;5215;1013;44;0;0
3147;1952;3;0;7;1;1;4;-6;0;0;0;0;66;0;15;10;2;12;9;1;2;7930;526;206;0;0
3147;1953;3;0;7;2;2;4;-1;0;0;0;0;69;0;24;2;0;8;7;5;2;8237;717;116;0;0
3147;1955;3;0;6;5;6;0;4;2;1;0;0;84;1;19;2;2;13;6;5;2;6310;939;0;0;0
3147;1959;8;0;4;1;1;0;-4;0;0;0;0;70;0;9;4;2;9;4;2;3;4695;120;73;0;0
3147;1960;8;0;5;0;4;0;-2;0;0;0;0;66;0;16;15;7;6;7;2;3;5026;162;127;0;0
3460;1967;121;0;6;2;2;0;-7;0;1;0;0;69;0;11;7;3;6;2;2;1;6053;110;20;0;0
3460;1960;9;0;5;3;2;2;1;0;0;1;0;69;1;21;52;20;3;2;2;4;5145;59;463;0;0
3460;1963;9;0;12;1;5;4;0;0;3;0;0;72;1;35;8;4;9;9;3;8;11110;2720;54;0;0
3460;1964;9;0;11;1;4;4;-4;0;1;0;0;74;0;23;25;12;15;9;3;7;10762;1866;64;0;0
3460;1965;9;0;13;3;11;4;-3;1;4;0;0;77;2;35;12;5;20;7;5;4;13809;1880;43;0;0
3340;1950;9;0;2;1;0;0;0;0;0;0;0;57;0;1;9;2;4;3;0;0;981;0;51;0;0
3340;1951;9;0;11;0;0;4;-5;0;0;0;0;61;0;8;68;29;11;8;8;5;8659;448;0;0;0
3340;1954;9;0;5;2;0;10;-2;1;0;0;0;63;0;10;83;36;5;7;2;4;5163;573;14;0;0
3340;1955;9;0;5;2;2;4;-7;0;1;0;0;66;0;17;98;44;3;3;6;3;4883;1667;64;0;0
3340;1956;9;0;14;7;4;12;0;1;0;0;0;65;1;40;264;99;11;13;14;14;14691;2490;307;0;0
3340;1960;9;0;5;0;2;0;-4;0;2;0;0;72;0;20;9;4;10;5;7;8;5129;894;6;0;0
3151;1952;8;0;12;2;2;7;-2;0;0;0;0;60;1;25;0;0;9;2;5;9;13289;507;720;1;0
3151;1953;8;0;10;1;4;4;-1;1;2;0;0;63;0;25;0;0;10;2;7;14;13023;1339;403;0;0
3151;1954;8;0;10;0;3;8;-1;0;1;0;0;64;0;18;0;0;14;2;5;19;12682;502;298;0;0
3151;1956;8;0;7;0;3;0;-5;0;2;0;0;61;0;11;0;0;13;1;5;13;8437;735;704;0;0
3151;1957;8;0;5;1;2;0;-1;1;0;0;0;65;0;12;0;0;6;0;8;6;6257;924;187;0;0
3151;1958;8;0;4;0;1;4;1;0;0;0;0;59;0;6;0;0;5;1;1;4;4519;463;584;0;0
3151;1959;8;0;4;0;0;0;-6;0;0;0;0;61;0;1;0;0;9;1;3;4;4920;263;85;0;0
3342;1956;10;0;5;0;1;0;0;0;0;0;0;58;0;6;1;1;3;1;0;1;1959;6;16;0;0
3342;1957;10;0;7;3;1;0;3;0;0;0;0;59;1;8;54;26;9;3;3;3;5535;0;29;0;0
3342;1958;10;0;7;1;3;4;-3;0;1;0;0;62;1;12;75;45;4;3;6;1;6435;400;408;0;0
3342;1959;10;0;7;0;2;0;-1;0;0;0;0;64;0;7;54;30;7;2;9;4;5836;0;230;0;0
3342;1961;10;0;7;4;4;0;6;0;0;0;0;68;0;13;69;31;4;5;8;2;6922;318;232;0;0
3342;1962;10;0;7;3;1;2;-4;1;0;0;0;60;0;12;58;28;4;1;2;1;5985;322;256;0;0
3342;1964;10;0;5;1;0;0;-7;0;0;0;0;59;0;4;40;17;1;4;5;5;4495;250;179;0;0
3342;1965;10;0;6;0;1;0;0;0;0;0;0;63;0;5;26;9;5;0;3;3;3018;317;105;0;0
3695;1957;5;0;11;4;5;7;4;0;0;0;0;74;1;20;16;10;20;7;9;5;11813;1;27;1;0
3695;1958;0;0;13;3;2;6;-6;1;0;0;0;65;2;23;146;74;15;8;14;11;12393;933;757;0;0
3695;1959;0;0;11;3;0;6;-7;0;0;0;0;61;2;29;123;52;14;10;5;8;11509;411;597;0;0
3695;1960;0;0;10;5;3;0;2;0;0;0;0;69;1;27;134;49;13;7;8;7;11448;389;323;0;0
3695;1961;0;0;6;1;1;2;-7;0;0;0;0;64;0;24;60;32;6;3;4;5;6179;1123;168;0;0
3695;1962;0;0;4;1;1;4;-3;0;0;1;0;62;0;4;28;5;5;2;5;2;3262;688;5;0;0
3695;1963;0;0;6;0;1;4;-7;0;0;0;0;61;0;10;23;8;7;3;3;4;5020;424;143;0;0
3695;1966;9;0;5;1;3;2;-3;0;1;0;0;71;0;11;7;2;4;5;3;2;5951;707;174;0;0
3155;1950;9;0;1;0;0;0;0;0;0;0;0;59;0;1;5;1;1;0;0;0;450;66;0;0;0
3158;1961;3;0;1;0;0;0;-2;0;0;0;0;42;0;2;6;1;0;2;0;0;869;39;0;0;0
3158;1962;3;0;11;1;2;0;-3;0;0;0;0;62;0;11;9;3;12;3;2;2;5842;486;73;0;0
3345;1967;122;0;6;0;5;0;6;0;0;0;0;66;0;2;6;2;11;7;3;1;5569;19;753;0;0
3345;1951;10;0;12;0;2;0;0;0;0;0;0;63;0;11;0;0;20;9;2;2;10654;0;0;0;0
3345;1955;10;0;9;3;0;0;3;0;0;1;0;60;2;8;2;1;4;2;2;1;3369;2;111;0;0
3345;1957;5;0;11;1;1;0;-2;0;0;0;0;60;1;9;0;0;7;2;3;2;5670;9;0;0;0
3345;1958;5;0;10;0;2;2;-3;0;0;0;0;65;0;14;10;5;11;7;3;3;7012;0;433;0;0
3345;1959;5;0;14;2;4;4;-1;0;0;0;0;64;0;22;8;3;10;13;4;1;10716;46;406;0;0
3345;1960;5;0;6;4;3;2;5;1;0;0;0;65;1;13;0;0;3;3;1;3;5354;265;0;0;0
3345;1961;5;0;13;4;3;6;4;0;0;0;0;65;0;27;6;3;15;11;7;13;13441;60;325;0;0
3345;1963;5;0;4;1;3;2;3;0;0;0;0;62;0;5;0;0;3;3;3;1;2367;0;9;0;0
3345;1964;5;0;8;1;3;0;1;0;0;0;0;62;0;4;0;0;6;2;4;2;3603;37;474;0;0
3696;1956;0;0;14;0;6;0;2;0;0;0;0;59;0;20;0;0;18;5;7;19;15899;509;402;0;0
3696;1957;0;0;9;1;3;4;-8;0;1;0;0;64;0;14;1;0;19;4;3;33;11251;187;610;0;0
3696;1958;0;0;13;0;4;8;2;0;0;0;0;61;0;6;0;0;13;6;7;22;11650;109;1093;0;0
3696;1959;0;0;11;2;6;2;9;0;0;0;0;66;0;12;0;0;15;0;2;32;13616;884;1536;0;0
3696;1960;0;0;10;0;1;10;1;0;0;0;0;69;0;15;0;0;26;5;7;26;12014;730;593;0;0
3696;1961;0;0;6;0;1;6;-1;0;0;0;0;64;0;8;0;0;12;1;3;19;6943;240;752;0;0
3696;1962;0;0;4;0;0;2;-4;0;0;0;0;61;0;3;0;0;6;2;2;10;4487;0;610;0;0
3696;1963;0;0;6;1;2;19;-3;0;0;0;0;65;0;7;0;0;9;3;3;29;6229;573;957;1;0
3348;1951;3;0;5;1;0;0;-2;0;0;0;0;69;0;9;71;41;6;5;6;1;5040;143;737;0;0
3348;1952;3;0;7;0;1;2;-6;0;0;0;0;66;0;11;93;48;11;7;10;4;7032;628;919;0;0
3348;1953;3;0;7;0;0;6;-2;0;0;0;0;65;0;20;76;39;3;5;8;5;6747;863;687;0;0
3348;1955;3;0;6;3;4;0;3;0;2;0;0;70;0;16;61;32;7;6;6;2;5760;830;396;0;0
3348;1961;3;0;14;1;3;2;-10;0;0;0;0;64;1;21;179;99;15;10;8;6;15449;548;1762;0;0
3348;1962;3;0;11;1;3;2;-4;0;0;0;0;66;0;12;109;67;15;8;4;7;9010;459;1484;0;0
3348;1963;3;0;7;0;1;4;-6;0;1;0;0;62;0;11;42;25;7;7;8;1;5160;376;950;0;0
3348;1964;3;0;4;0;2;2;-1;0;0;0;1;56;0;4;31;15;1;3;2;0;1995;0;366;0;0
3349;1952;8;0;12;1;6;4;4;0;1;0;0;62;0;23;0;0;19;3;10;9;14174;1308;336;0;0
3349;1953;8;0;10;0;5;0;-2;0;0;0;0;58;0;19;0;0;7;3;10;9;11397;72;878;0;0
3349;1954;8;0;10;0;2;4;2;0;0;0;0;63;0;11;0;0;12;3;9;13;10943;180;131;0;0
3349;1955;8;0;10;0;2;7;0;0;0;0;0;69;0;12;0;0;16;1;15;16;12901;0;714;0;0
3349;1956;8;0;7;2;0;0;-3;0;0;0;0;65;0;9;0;0;14;3;7;11;7476;289;385;0;0
3349;1957;8;0;5;0;0;2;-4;0;0;0;0;55;0;2;0;0;2;3;2;8;5764;296;0;0;0
3349;1958;8;0;4;0;2;2;0;0;0;0;0;64;0;2;0;0;9;3;7;3;4509;475;490;0;0
3349;1959;8;0;4;0;1;20;-1;0;0;0;0;61;0;7;0;0;4;0;1;10;4559;663;64;2;0
3349;1960;8;0;5;0;3;0;-1;0;0;0;0;54;0;5;0;0;4;3;1;4;5073;443;869;0;0
3349;1963;5;0;11;1;1;21;3;0;0;0;0;62;0;9;0;0;10;2;3;32;12155;79;954;1;0
3349;1964;5;0;10;1;5;4;5;0;0;0;0;58;0;7;0;0;8;0;3;20;11571;370;1332;0;0
3349;1965;5;0;12;0;3;6;6;0;0;0;0;61;0;6;0;0;13;5;7;19;11609;114;1260;0;0
3711;1957;5;0;11;1;3;4;2;0;0;0;0;73;1;26;2;2;13;8;5;8;11799;236;288;0;0
3711;1958;5;0;5;0;2;2;0;0;0;0;0;72;0;8;0;0;5;3;2;3;4713;225;0;0;0
3711;1959;5;0;2;0;0;0;0;0;0;0;0;52;0;0;0;0;0;1;0;0;271;0;0;0;0
3711;1960;5;0;10;1;2;2;0;0;0;0;0;60;0;10;13;6;10;6;1;4;5217;102;138;0;0
2826;1950;10;0;1;0;1;0;0;0;0;0;0;59;0;1;0;0;1;2;0;1;896;0;0;0;0
2826;1952;10;0;12;0;3;2;-4;0;0;0;0;66;0;20;0;0;31;9;5;7;11947;65;0;0;0
2826;1954;10;0;10;3;2;0;4;0;0;0;0;68;1;21;0;0;20;9;9;3;11435;265;78;0;0
2826;1957;5;0;2;0;1;0;0;0;1;0;0;61;0;1;0;0;4;1;0;1;726;14;46;0;0
3050;1955;3;0;2;1;1;0;0;0;0;0;0;55;0;3;0;0;0;5;2;1;2035;0;307;0;0
3050;1961;3;0;1;0;0;2;-1;0;0;0;0;44;0;0;1;0;1;0;0;0;963;0;52;0;0
4763;1967;0;0;6;3;1;0;1;0;0;0;0;72;1;15;45;25;12;1;2;2;5839;0;220;0;0
4763;1963;0;0;6;1;1;2;0;0;0;0;0;56;0;4;40;22;3;3;2;0;2880;0;0;0;0
4763;1966;0;0;4;2;2;2;2;0;0;1;0;65;0;8;42;19;4;2;2;0;3447;293;215;0;0
5097;1967;122;0;6;2;5;0;1;0;0;0;0;76;0;10;4;2;11;3;4;2;6242;372;98;0;0
5458;1967;120;0;7;2;0;0;0;0;0;0;0;60;2;10;70;26;11;8;5;3;8362;217;0;0;0
5265;1967;0;0;6;1;4;6;-5;0;1;0;0;63;0;19;2;2;11;6;3;0;6626;626;0;0;0
5265;1966;0;0;6;0;3;4;-4;0;2;0;0;66;0;6;58;26;9;4;3;2;5565;1169;35;0;0
4767;1967;122;0;6;0;5;21;-1;0;0;0;0;64;0;8;0;0;13;4;4;17;7502;12;119;1;0
4768;1963;3;0;7;0;2;0;2;0;0;0;0;65;0;6;0;0;9;1;3;14;6519;31;401;0;0
4768;1964;3;0;4;0;1;2;-3;0;0;0;0;60;0;5;0;0;6;2;3;9;4296;137;230;0;0
4768;1965;3;0;5;0;0;4;1;0;0;0;0;56;0;1;0;0;4;1;0;12;4915;51;317;0;0
4768;1966;3;0;12;0;2;2;4;0;0;0;0;64;0;5;0;0;13;1;3;25;12283;86;1588;0;0
4768;1967;3;0;7;0;2;6;0;0;0;0;1;61;0;11;0;0;8;2;3;22;6770;0;317;0;0
5461;1967;10;0;7;1;5;4;4;0;0;0;0;72;0;18;0;0;9;6;6;4;6381;1412;0;0;0
4772;1967;10;0;7;0;3;0;-2;0;0;0;0;55;0;8;0;0;5;4;3;14;7164;0;164;0;0
5107;1967;0;0;6;0;2;8;0;0;0;0;0;69;0;14;0;0;8;1;4;17;7377;508;269;0;0
5107;1966;0;0;6;0;2;4;-4;0;1;0;0;69;0;10;0;0;9;0;5;15;7201;1191;566;0;0
4221;1959;0;0;11;1;2;2;-1;0;0;0;0;62;0;15;0;0;21;3;3;36;11346;249;644;0;0
4221;1960;0;0;10;1;1;4;1;0;0;0;0;64;1;9;0;0;15;2;4;24;9604;0;319;0;0
4221;1961;0;0;6;0;0;4;-5;0;0;0;0;56;0;8;0;0;11;2;1;10;6520;51;365;0;0
4221;1962;0;0;4;0;0;4;-2;0;0;0;0;52;0;5;0;0;3;0;1;8;3690;43;254;0;0
4223;1962;0;0;4;1;1;0;-1;0;0;0;0;67;0;4;0;0;5;1;3;2;3099;174;0;0;0
4223;1963;0;0;2;0;0;0;-1;0;0;0;0;56;0;3;0;0;2;2;0;0;690;0;378;0;0
4224;1961;3;0;8;0;2;2;-1;0;0;0;0;57;0;5;0;0;5;2;1;12;8034;69;256;0;0
4224;1962;3;0;11;2;6;2;6;0;0;0;0;62;0;7;0;0;9;2;6;19;10687;43;354;0;0
4224;1964;3;0;3;0;1;0;1;0;0;0;0;67;0;3;0;0;8;0;1;8;3041;0;392;0;0
4225;1963;9;0;7;0;0;2;-1;0;0;0;0;54;0;6;0;0;12;1;1;9;6568;13;252;0;0
5473;1967;0;0;6;2;3;0;3;0;0;0;0;63;0;11;15;9;5;7;1;6;4636;0;844;0;0
5475;1967;0;0;6;2;5;0;3;0;0;0;0;74;0;21;91;47;13;3;8;2;6570;232;286;0;0
5109;1963;9;0;12;1;0;4;-2;0;0;0;0;60;0;13;87;43;10;3;6;4;8522;57;0;0;0
5109;1964;9;0;2;0;1;0;1;0;0;0;0;61;0;1;16;6;2;1;1;0;918;224;0;0;0
5109;1965;9;0;13;4;6;4;-2;0;1;0;0;65;0;18;151;84;6;7;12;2;12752;462;20;0;0
5109;1966;9;0;5;3;1;0;-1;0;0;1;0;70;0;9;53;19;3;1;2;2;5041;200;225;0;0
5269;1967;10;0;5;0;0;4;-2;0;0;0;0;56;0;3;0;0;5;0;1;0;5006;13;64;0;0
5282;1967;10;0;2;0;0;0;1;0;0;0;0;72;0;2;0;0;2;1;1;6;1744;0;145;0;0
3051;1951;5;0;5;0;1;0;0;0;0;0;0;61;0;13;14;5;1;6;1;6;3715;0;718;0;0
5286;1967;5;0;6;0;4;2;2;0;0;0;0;66;0;7;87;33;8;4;9;2;5858;368;17;0;0
2717;1951;3;0;5;0;1;2;1;0;0;0;0;62;0;5;0;0;9;3;3;8;4270;0;171;0;0
2717;1952;3;0;7;0;0;2;-6;0;0;0;0;56;0;16;0;0;9;2;3;8;7267;610;304;0;0
2721;1945;9;0;13;2;4;6;0;0;0;0;1;60;0;15;0;0;11;3;11;17;13715;41;398;0;0
2721;1947;9;0;13;0;2;7;-10;0;0;0;0;58;0;16;0;0;21;2;8;24;14121;520;559;1;1
2721;1948;9;0;13;0;6;13;13;0;0;0;0;65;0;24;0;0;24;2;16;15;14100;606;295;0;0
2721;1949;9;0;7;0;1;2;-6;0;0;0;0;61;0;12;0;0;11;0;4;15;7794;356;192;0;0
2721;1950;9;0;12;2;5;2;-1;0;0;0;0;61;2;17;0;0;18;1;11;22;13292;227;532;0;0
2721;1951;9;0;11;1;4;10;5;0;0;0;0;59;0;22;0;0;13;0;6;20;11317;254;252;0;0
2721;1954;9;0;4;0;0;0;-7;0;0;0;0;48;0;2;0;0;6;1;2;8;3831;0;215;0;0
2721;1955;9;0;4;0;1;4;-2;0;0;0;0;65;0;2;0;0;3;0;8;6;3565;26;172;0;0
2721;1956;9;0;14;1;4;9;-4;0;0;0;0;59;1;12;0;0;14;2;9;24;14354;64;627;1;0
2831;1967;10;0;7;0;4;0;-7;0;0;0;0;77;0;18;18;9;14;8;5;4;8248;1408;291;0;0
2831;1946;10;0;13;6;7;2;1;0;1;0;0;73;0;29;23;9;41;12;8;6;16059;2476;233;0;0
2831;1949;10;0;11;6;8;8;7;1;1;0;0;76;0;32;17;6;32;9;5;9;13981;1438;0;0;0
2831;1950;10;0;5;1;3;0;0;0;0;0;0;73;0;14;3;2;11;8;3;6;7049;9;30;0;0
2831;1951;10;0;12;5;9;4;3;2;2;0;1;80;2;48;42;20;22;15;5;10;13874;1928;1185;0;0
2831;1952;10;0;12;3;4;4;6;1;0;1;0;87;1;40;16;9;32;15;12;16;15441;1564;1101;0;0
2831;1953;10;0;5;2;2;2;-3;0;1;0;0;75;0;17;6;4;17;7;3;2;5972;720;401;0;0
2831;1954;10;0;10;8;7;6;0;4;0;0;0;78;1;28;14;8;24;8;5;6;12398;1206;274;0;0
2831;1955;10;0;9;9;6;6;11;2;0;0;0;80;3;42;35;21;14;9;5;6;9325;1326;1619;0;0
2831;1956;10;0;7;3;1;8;-7;1;0;0;0;76;0;25;22;12;33;13;6;2;7741;1140;895;0;0
2831;1957;10;0;7;2;3;6;-3;0;1;0;0;75;0;22;3;1;20;9;4;6;8218;748;647;0;0
2831;1958;10;0;7;2;1;2;-4;1;1;0;0;75;0;12;20;11;28;12;5;9;7104;2002;1206;0;0
2831;1959;10;0;7;3;3;8;3;0;0;1;0;75;0;20;13;9;17;7;5;8;7936;1034;538;0;0
2831;1961;10;0;7;5;4;4;2;1;0;1;0;77;0;28;17;11;21;12;6;6;7993;1220;672;0;0
2831;1962;10;0;7;4;3;6;0;1;2;0;0;75;1;22;4;2;19;11;7;3;7062;1565;503;0;0
2831;1964;10;0;5;2;1;2;-2;0;0;0;0;75;1;12;22;6;7;4;6;4;5291;1119;668;0;0
2831;1965;10;0;6;4;2;10;-1;1;0;0;0;76;0;17;39;18;15;3;3;4;7057;857;522;0;0
2832;1953;3;0;7;0;0;2;-2;0;0;0;0;61;0;5;1;1;9;3;4;4;5502;0;797;0;0
2832;1954;0;0;5;0;1;0;-1;0;0;0;0;64;0;3;2;0;6;5;4;1;5302;10;514;0;0
2832;1956;0;0;14;1;2;0;0;0;0;0;0;56;1;9;32;20;4;0;3;1;4130;0;595;0;0
2839;1953;0;0;1;0;0;0;0;0;0;0;0;53;0;1;4;1;0;2;0;0;337;60;101;0;0
2839;1954;9;0;2;0;0;0;-2;0;0;0;0;53;0;2;27;8;0;0;1;2;1676;77;199;0;0
2839;1955;9;0;4;0;0;2;-2;0;0;0;0;59;0;3;34;18;1;2;2;3;3177;0;759;0;0
2839;1956;9;0;7;0;1;4;2;0;0;0;0;64;0;2;20;7;6;3;3;5;2280;41;958;0;0
2840;1955;3;0;4;0;1;0;2;0;0;0;0;64;0;4;1;1;4;3;0;3;3052;0;554;0;0
2841;1949;8;0;7;0;3;0;0;0;0;0;0;63;0;8;0;0;9;1;5;13;7141;17;318;0;0
2841;1950;8;0;10;0;4;0;1;0;0;0;0;57;0;12;0;0;10;1;1;13;10018;0;308;0;0
2850;1947;5;0;5;1;2;0;-5;0;0;0;0;60;0;8;0;0;7;2;3;11;5670;887;708;0;0
2850;1948;5;0;5;1;0;2;-1;0;0;0;0;61;0;7;0;0;1;1;8;7;5116;24;48;0;0
2850;1951;5;0;5;0;4;2;0;0;1;0;0;70;0;5;0;0;5;1;7;22;5363;270;2;0;0
2921;1948;0;0;12;1;3;6;-1;0;0;0;0;60;0;24;0;0;17;2;4;8;12334;90;331;0;0
2921;1949;0;0;4;0;1;0;0;0;0;0;0;63;0;3;0;0;3;0;3;9;4858;0;135;0;0
2921;1950;0;0;7;0;2;6;1;0;0;0;0;60;0;8;0;0;9;1;2;5;7378;0;561;0;0
2921;1952;0;0;6;0;1;6;-4;0;0;0;0;63;0;9;0;0;9;0;5;14;6476;0;103;0;0
2944;1950;0;0;7;2;1;0;-3;0;0;0;0;63;0;6;55;31;2;1;1;1;5377;243;99;0;0
2944;1952;0;0;6;1;1;0;-1;0;0;0;0;61;0;5;44;26;5;4;3;2;3464;295;78;0;0
2944;1953;0;0;6;0;2;0;-1;0;0;0;0;61;0;10;32;18;1;0;3;1;3709;405;84;0;0
2944;1954;0;0;2;0;0;0;0;0;0;0;0;60;0;0;8;6;0;1;1;0;1072;56;112;0;0
2949;1954;0;0;3;0;1;0;2;0;0;0;0;62;0;0;0;0;4;1;0;1;3673;25;0;0;0
2957;1952;0;0;1;0;0;0;0;0;0;0;0;73;0;2;0;0;2;1;2;1;1613;11;0;0;0
2957;1953;0;0;7;1;1;0;-1;0;0;0;0;59;0;6;1;1;7;2;2;2;2997;0;271;0;0
2967;1960;5;0;10;0;8;2;8;0;0;0;0;63;0;8;0;0;11;2;2;22;9466;52;589;0;0
2967;1950;0;0;7;0;2;2;-4;0;0;0;1;61;0;11;0;0;7;0;6;9;7019;9;377;0;0
2967;1952;0;0;2;1;2;0;0;0;0;0;0;66;1;3;0;0;4;1;3;5;2192;0;6;0;0
2967;1953;0;0;12;0;3;2;-4;0;0;0;0;60;0;20;0;0;20;1;4;26;11210;0;163;0;0
2967;1954;0;0;5;0;0;0;-4;0;0;0;0;59;0;9;0;0;7;1;2;12;6651;63;138;0;0
2967;1956;0;0;14;0;10;6;8;0;1;0;1;63;0;13;0;0;22;2;8;27;14032;836;696;0;0
2967;1957;5;0;2;0;0;0;-1;0;0;0;0;69;0;1;0;0;1;0;1;6;1819;156;180;0;0
2967;1958;5;0;10;1;4;6;6;1;2;0;0;68;0;11;0;0;12;1;7;22;9506;1677;391;0;0
2967;1959;5;0;14;1;6;0;4;0;0;0;1;63;0;17;0;0;18;3;8;27;12749;12;629;0;0
3053;1967;10;0;7;0;1;2;1;0;0;0;0;62;0;4;0;0;2;3;1;17;6851;72;850;0;0
3053;1949;10;0;11;2;3;4;0;0;0;0;0;57;1;16;0;0;10;3;7;14;11779;0;1153;0;0
3053;1950;10;0;5;1;1;2;-3;0;0;0;0;54;0;11;0;0;9;2;1;11;5656;0;442;0;0
3053;1951;10;0;12;0;2;2;0;0;0;0;0;62;0;28;0;0;16;1;9;21;13183;489;1248;0;0
3053;1952;10;0;12;1;5;0;1;0;1;0;1;63;0;29;0;0;13;3;6;29;13510;917;1385;0;0
3053;1953;10;0;5;0;2;2;-2;0;0;0;0;66;0;9;0;0;5;4;4;19;5451;311;369;0;0
3053;1954;10;0;10;0;0;4;-1;0;0;0;0;66;0;7;0;0;12;3;10;16;9886;335;957;0;0
3053;1955;10;0;9;0;2;8;7;0;0;0;1;70;0;13;0;0;8;1;12;21;9497;473;1095;0;0
3053;1956;10;0;7;0;0;4;-7;0;0;0;0;62;0;10;0;0;12;2;6;15;6886;105;686;0;0
3053;1957;10;0;7;0;2;7;4;0;0;0;0;73;0;11;0;0;10;3;2;31;7653;225;360;1;0
3053;1958;10;0;7;0;4;0;0;0;0;0;0;65;0;4;0;0;12;1;5;9;6700;129;875;0;0
3053;1959;10;0;7;0;2;2;-2;0;0;0;1;72;0;4;0;0;7;1;4;27;8049;307;324;0;0
3053;1961;10;0;7;0;2;4;-1;0;0;0;0;58;0;6;0;0;9;6;5;17;8324;57;415;0;0
3053;1962;10;0;7;0;3;2;0;0;0;0;0;72;0;6;0;0;13;1;7;27;7757;0;379;0;0
3053;1964;10;0;5;0;0;6;2;0;0;0;0;75;0;6;0;0;6;2;5;15;6491;21;775;0;0
3053;1965;10;0;6;0;0;2;3;0;0;0;0;60;0;6;0;0;5;0;1;13;5759;88;329;0;0
3054;1954;8;0;8;0;1;0;-3;0;0;0;0;57;0;5;35;19;4;2;2;3;3413;1191;0;0;0
3054;1955;8;0;10;1;2;0;-9;0;1;0;0;60;0;16;101;46;7;5;9;4;7489;1870;55;0;0
3054;1956;8;0;7;1;3;0;-2;0;0;0;0;61;1;11;75;38;2;3;3;9;6272;33;175;0;0
3054;1957;8;0;5;0;1;2;-2;0;0;0;0;62;0;4;56;30;3;4;7;5;4520;20;0;0;0
3054;1958;8;0;4;1;0;4;-2;0;0;0;0;60;0;8;44;20;2;1;1;2;3928;0;125;0;0
3054;1959;8;0;4;1;0;0;-3;0;0;0;0;60;0;8;52;21;5;1;5;2;3496;36;76;0;0
3054;1960;8;0;5;1;0;2;-3;0;0;0;0;60;0;5;58;24;2;3;6;2;4638;0;0;0;0
3056;1956;10;0;7;1;3;5;5;0;0;1;1;55;0;16;2;1;4;1;4;6;7139;488;466;1;0
3056;1953;10;0;5;1;0;2;-1;0;0;0;0;58;0;14;0;0;7;2;3;2;5655;224;200;0;0
3063;1951;3;0;1;0;0;0;0;0;0;0;0;53;0;0;2;1;0;0;0;0;33;0;0;0;0
3063;1953;3;0;7;6;2;6;1;0;0;0;0;69;2;18;83;47;7;1;2;2;7338;229;23;0;0
3063;1954;0;0;5;1;1;6;0;0;0;0;0;70;1;10;77;37;7;2;3;3;6510;832;5;0;0
3063;1956;0;0;14;6;6;4;0;0;0;0;0;67;0;38;180;70;15;11;5;3;15181;75;0;0;0
3066;1949;0;0;4;0;1;0;-1;0;0;0;0;58;0;1;1;1;5;2;0;0;3413;83;0;0;0
3066;1950;0;0;7;0;0;2;-3;0;0;0;0;57;0;4;3;1;7;6;5;3;5831;91;1332;0;0
3066;1952;0;0;6;0;0;0;-3;0;0;0;0;64;0;4;3;2;8;3;1;8;6804;105;154;0;0
3066;1953;0;0;10;0;5;0;-5;0;0;0;0;59;0;9;2;1;12;11;3;10;9559;169;947;0;0
3066;1954;0;0;5;1;2;0;0;0;0;0;0;65;0;10;6;3;7;5;1;7;5154;0;285;0;0
3066;1956;0;0;14;3;5;0;2;0;0;0;0;65;0;30;0;0;28;5;6;4;11628;137;0;0;0
3066;1957;0;0;9;0;0;0;-5;0;0;0;0;55;0;3;0;0;3;1;2;2;3183;161;0;0;0
3067;1954;9;0;1;0;0;0;-1;0;0;0;0;58;0;3;10;6;2;2;1;0;893;29;0;0;0
3067;1955;9;0;1;0;0;0;-4;0;0;0;0;60;0;2;13;7;1;0;1;0;833;127;0;0;0
3067;1956;9;0;14;9;5;2;2;0;0;0;0;67;2;28;130;62;12;5;12;8;12383;1009;0;0;0
3067;1960;9;0;5;1;1;2;-3;0;1;0;0;61;0;8;49;27;5;1;1;2;4582;33;0;0;0
3369;1955;3;0;6;1;0;2;-3;0;0;0;0;58;1;6;3;1;13;3;2;0;2633;24;66;0;0
3417;1955;3;0;6;0;2;7;0;0;0;0;0;60;0;7;0;0;6;2;1;16;5880;0;293;1;1
4427;1957;0;0;9;0;2;0;-5;0;0;0;0;51;0;3;0;0;8;5;4;5;8313;0;535;0;0
4840;1964;5;0;10;0;7;2;11;0;2;0;0;66;0;8;0;0;9;1;9;17;9229;1425;244;0;0
4840;1965;5;0;12;0;3;5;2;0;0;0;0;60;0;9;0;0;11;2;7;20;11685;12;562;1;0
5196;1967;123;0;7;0;1;17;2;0;0;0;0;63;0;7;0;0;4;1;2;8;8062;0;147;1;0
