PlayerId;TeamId;FranchiseId;GP;G;A;+/-;PIM;PP G;PP A;SH G;SH A;Fights;Fights_Won;HIT;GvA;TkA;SB;GR;Game Rating Off;Game Rating Def;SOG;TOI;PPTOI;SHTOI;PDO;GF/60;GA/60;SF/60;SA/60;CF;CA;CF%;CF% rel;FF;FA;FF%;FF% rel;GWG;FO;FOW
2;17;17;82;36;41;22;93;11;11;0;0;5;1;124;88;52;20;82;77;68;323;73077;22693;362;100.9;3.7;2.2;33.9;21.7;1128;748;60.1;5.8;783;514;60.4;6.8;9;155;68
5;12;12;82;17;18;-29;43;4;7;0;0;1;0;80;45;71;33;66;59;70;176;59565;17933;3181;94.2;2.1;3.7;26.0;27.3;743;767;49.2;3.3;497;520;48.9;2.7;2;717;373
6;221;221;60;24;27;2;25;13;10;1;2;1;0;47;45;63;47;73;65;81;117;49191;16189;11344;100.3;2.6;2.2;27.8;24.6;670;555;54.7;0.8;459;387;54.3;-0.0;6;1112;580
7;19;19;68;3;16;1;16;0;3;0;1;0;0;70;11;41;74;66;61;68;89;67485;5101;5705;100.1;2.3;2.3;26.4;26.6;869;856;50.4;2.5;573;583;49.6;2.7;1;2;0
14;5;5;3;0;1;-1;0;0;0;0;0;0;0;2;0;2;2;57;53;62;4;1699;0;101;101.0;2.1;4.2;14.8;31.8;11;28;28.2;-10.1;7;16;30.4;-10.2;0;5;4
21;9;9;20;0;3;-3;11;0;0;0;0;1;0;16;2;22;30;64;51;71;15;18417;318;1490;100.3;1.6;2.3;17.8;27.8;168;257;39.5;-1.8;109;176;38.2;-3.2;0;0;0
23;3;3;81;22;31;18;24;2;4;0;0;0;0;97;53;38;43;70;66;64;171;68797;5683;527;101.8;3.3;2.3;31.4;26.1;995;888;52.8;2.0;681;577;54.1;1.3;3;19;13
28;0;0;81;16;19;-8;65;1;0;0;0;3;0;147;58;39;32;64;59;64;145;67056;4310;3979;98.4;2.8;3.1;27.7;26.2;937;879;51.6;-6.0;622;587;51.4;-7.1;1;20;11
32;19;19;56;2;8;-4;14;0;0;1;0;0;0;48;19;19;16;57;52;62;54;26801;331;3498;100.0;2.4;3.1;22.2;28.2;290;367;44.1;-6.8;197;251;44.0;-6.4;0;3;2
38;217;217;48;4;11;-7;90;0;0;0;0;4;0;58;13;12;10;60;55;62;44;27252;1814;156;98.3;2.2;3.2;23.5;28.1;324;373;46.5;-5.1;216;257;45.7;-5.7;0;0;0
46;24;24;82;9;12;-31;95;3;2;1;0;7;1;81;51;56;34;63;56;70;114;71077;8489;1630;96.3;1.3;2.7;21.1;26.9;706;889;44.3;-2.2;501;620;44.7;-2.6;0;784;354
49;25;25;81;17;26;9;56;2;3;1;0;2;1;139;48;36;45;65;58;68;137;64652;4103;4628;102.0;2.8;2.3;25.6;25.6;734;836;46.8;-0.8;537;541;49.8;-0.2;3;64;24
55;216;216;70;3;22;6;101;0;1;0;0;11;5;59;12;53;62;60;54;66;84;66447;2319;6639;100.5;2.9;2.5;26.3;24.3;835;741;53.0;-1.9;571;509;52.9;-2.1;1;0;0
56;0;0;58;4;6;0;50;2;0;0;0;2;0;39;20;10;5;58;53;58;47;26604;391;346;99.9;2.3;2.2;27.7;25.7;383;341;52.9;-2.5;248;221;52.9;-3.4;2;8;4
12991;17;17;14;3;0;1;2;0;0;0;0;0;0;8;5;0;3;60;56;57;13;5059;45;12;102.1;2.1;1.4;25.6;22.8;63;66;48.8;-8.7;46;41;52.9;-4.2;0;0;0
73;12;12;81;13;30;-22;216;3;6;0;0;26;7;247;55;30;39;72;58;72;143;68532;12580;2183;98.2;2.4;3.4;25.3;30.2;841;978;46.2;-0.5;564;663;46.0;-1.0;2;40;17
74;24;24;82;13;15;-17;47;0;0;1;1;3;0;53;45;63;44;60;52;67;97;58918;1332;4775;98.5;2.3;3.5;21.4;28.2;614;794;43.6;-2.9;422;535;44.1;-3.2;1;636;306
76;20;20;67;1;26;42;64;0;0;0;4;4;2;55;23;32;121;64;52;74;43;55890;74;11355;105.2;3.7;1.4;30.2;18.9;777;567;57.8;-0.5;541;345;61.1;1.1;0;0;0
80;9;9;80;5;2;-27;172;0;0;0;0;19;5;43;25;29;15;55;50;60;37;51887;1117;476;96.5;1.0;2.9;17.8;31.2;452;770;37.0;-6.0;302;521;36.7;-6.1;0;584;253
83;22;22;46;1;2;-5;27;0;0;0;0;3;2;18;12;15;8;56;49;61;4;17391;39;777;99.9;1.0;2.1;13.5;26.5;135;268;33.5;-13.5;80;152;34.5;-13.5;0;172;99
100;21;21;80;12;13;-26;43;6;4;0;0;3;0;84;46;36;25;60;54;62;112;42982;7627;4625;96.4;1.9;3.8;23.5;32.0;473;650;42.1;-4.6;346;455;43.2;-2.3;1;44;16
107;15;15;62;4;19;15;51;1;2;0;1;5;2;72;15;26;96;62;53;69;49;55556;1763;7335;103.0;3.2;2.4;26.2;25.5;682;678;50.1;-2.0;470;455;50.8;-2.4;1;0;0
109;21;21;81;9;23;-19;38;0;0;1;0;4;0;91;50;32;30;60;56;61;132;61922;3106;3911;97.6;2.9;4.0;28.7;31.7;837;871;49.0;4.5;586;633;48.1;4.3;0;130;65
110;220;220;70;4;10;-7;66;0;0;1;1;4;0;134;52;42;34;62;53;69;75;42557;250;11006;99.3;1.9;2.7;23.3;29.9;464;614;43.0;-6.1;309;432;41.7;-6.6;1;76;24
11978;5;5;32;5;6;-7;25;1;1;0;0;1;0;20;19;16;16;61;55;67;37;22973;6175;46;99.2;1.9;3.0;21.5;31.0;245;327;42.8;-1.5;168;233;41.9;-0.4;1;376;188
116;20;20;54;4;5;1;6;0;0;2;1;0;0;43;20;5;7;57;52;57;34;18764;0;2546;97.1;1.9;2.5;25.7;24.2;232;236;49.6;-10.2;159;146;52.1;-8.9;1;6;1
133;22;22;81;19;43;-9;103;11;17;0;1;7;3;138;69;40;24;70;63;73;170;57578;22000;1386;98.5;2.9;3.1;27.9;26.6;726;755;49.0;4.6;517;501;50.8;4.9;4;14;4
134;3;3;81;9;38;33;161;2;7;0;5;11;6;104;22;61;207;70;55;80;139;87688;14569;15104;102.9;3.3;2.3;28.5;26.4;1182;1150;50.7;-1.2;812;751;52.0;-2.0;3;0;0
146;25;25;81;4;51;6;68;1;23;1;0;0;0;75;17;73;157;67;61;74;130;79116;18697;7100;101.7;3.4;3.0;27.7;27.9;964;1061;47.6;0.4;697;693;50.1;0.2;1;0;0
147;26;26;81;21;18;4;38;3;1;0;0;0;0;115;69;25;40;70;64;65;192;70464;8998;671;100.5;2.9;2.6;27.3;25.6;955;978;49.4;2.4;631;575;52.3;4.1;4;26;10
14487;16;16;12;2;3;1;6;2;0;0;0;0;0;18;1;10;7;70;65;70;25;12686;1183;954;101.2;2.0;1.7;28.1;28.9;174;168;50.9;3.8;116;122;48.7;-1.9;0;0;0
11979;221;221;51;4;15;-12;103;4;7;0;1;9;1;58;12;29;69;66;60;73;120;47494;11616;8672;96.1;1.7;2.5;28.0;24.8;673;538;55.6;2.2;446;378;54.1;0.1;1;2;2
154;21;21;81;6;14;-34;101;0;1;0;1;5;1;111;20;49;107;61;56;66;108;82563;2266;7039;96.5;1.9;3.4;24.7;31.0;984;1114;46.9;1.8;682;829;45.1;0.2;0;0;0
11980;17;17;21;0;3;-4;9;0;1;0;0;1;1;14;3;3;2;58;52;58;9;6213;337;981;96.7;2.9;5.2;24.3;34.2;76;92;45.2;-10.0;49;66;42.6;-12.9;0;8;4
11981;16;16;81;9;16;-11;33;1;5;0;1;1;0;62;58;21;30;60;54;64;104;46630;4236;3253;97.3;2.0;2.9;26.9;28.7;574;650;46.9;-3.2;396;440;47.4;-2.0;2;508;257
177;0;0;81;22;29;9;82;2;5;4;2;6;0;136;71;74;50;67;57;74;144;70417;5529;10546;99.9;3.0;2.8;27.7;25.6;966;866;52.7;-4.5;644;592;52.1;-6.2;3;791;443
178;220;220;72;3;15;-11;78;0;3;1;1;2;1;120;37;53;159;67;52;78;88;72249;4377;14991;98.5;2.4;3.0;25.3;27.2;890;918;49.2;1.6;603;638;48.6;1.7;0;0;0
189;9;9;81;10;8;-20;25;1;0;2;1;1;1;80;34;21;41;57;53;62;75;55086;1436;3328;98.2;1.2;2.8;17.3;31.2;459;840;35.3;-8.0;316;559;36.1;-6.7;0;66;25
191;11;11;81;12;39;12;136;8;18;0;1;8;0;128;37;80;68;66;59;76;196;77992;23105;17265;102.7;2.8;2.2;29.4;32.4;1151;1079;51.6;1.2;763;832;47.8;-0.5;3;1;1
193;15;15;79;5;23;6;84;0;6;0;0;6;0;81;32;13;22;63;59;60;71;44558;4619;475;102.0;2.8;2.3;23.8;23.7;510;518;49.6;-1.2;347;348;49.9;-1.3;1;2;1
196;10;10;81;18;25;-4;28;1;4;0;0;0;0;77;65;57;41;70;66;67;178;69450;6161;6784;98.5;2.6;2.7;30.3;27.2;989;839;54.1;2.8;677;607;52.7;2.3;2;64;25
197;5;5;50;11;3;-15;18;1;0;1;0;0;0;67;40;23;21;59;53;62;72;32990;860;4202;97.0;1.9;3.5;21.4;29.9;359;458;43.9;-1.3;233;317;42.4;-1.9;2;61;24
206;18;18;80;46;46;7;98;11;13;0;0;4;0;148;99;42;34;77;71;67;337;71531;20887;781;101.8;4.0;3.0;33.8;29.9;1124;986;53.3;3.9;792;704;52.9;5.6;7;200;89
209;9;9;81;1;7;-40;52;0;1;0;0;4;1;106;31;33;20;58;52;61;74;60327;4569;669;95.5;1.1;3.3;17.1;31.0;502;863;36.8;-6.2;342;599;36.3;-6.5;0;30;10
217;214;214;81;5;15;12;37;0;0;0;1;1;0;114;75;24;61;63;55;70;84;51787;749;14877;103.2;2.2;1.5;23.3;23.1;586;668;46.7;-2.1;395;402;49.6;0.3;1;64;28
225;26;26;64;5;8;-7;91;2;1;0;0;3;0;87;73;30;31;65;58;72;109;49743;9022;9728;98.9;1.7;2.2;22.6;25.6;602;641;48.4;0.6;384;417;47.9;-2.8;1;200;88
235;217;217;82;2;25;20;96;0;1;1;4;4;0;79;29;57;174;63;52;72;68;75050;1949;18660;100.9;3.3;2.8;29.3;27.2;1020;981;51.0;0.9;714;672;51.5;2.3;0;0;0
240;0;0;34;15;10;7;16;0;1;0;0;0;0;32;32;21;13;65;60;63;63;29784;2616;720;99.3;3.7;2.8;30.6;21.4;442;314;58.5;2.7;300;204;59.5;4.0;2;358;169
260;214;214;72;3;24;19;130;0;6;0;1;10;3;108;17;73;131;70;56;79;110;77658;4870;13354;102.0;2.8;2.1;26.4;24.4;946;908;51.0;4.0;662;622;51.6;3.6;0;0;0
265;9;9;57;0;5;-22;67;0;0;0;0;3;1;63;5;20;90;59;51;67;23;52059;1300;2696;97.7;1.3;2.8;18.9;30.6;499;778;39.1;-4.5;314;509;38.2;-5.1;0;0;0
278;216;216;81;19;25;9;37;0;1;0;0;1;0;74;45;32;33;67;64;61;114;67157;2249;1647;100.4;3.1;2.7;27.2;24.3;851;768;52.6;-1.4;588;533;52.5;-1.7;1;50;24
287;217;217;82;16;32;-7;203;12;12;2;0;17;6;141;25;91;68;69;63;72;190;76675;21089;3225;100.9;2.7;2.5;29.3;30.3;1044;1053;49.8;-0.9;735;777;48.6;-2.0;4;1;0
293;23;23;81;17;24;5;107;4;5;1;1;7;2;65;54;54;43;63;57;68;140;62059;4125;4868;98.0;3.0;2.8;33.9;26.0;980;787;55.5;3.9;692;521;57.0;5.0;0;836;447
296;0;0;81;8;9;17;21;0;0;0;0;1;0;18;23;19;11;56;50;62;45;24064;843;2524;106.2;4.0;1.6;31.7;25.3;360;304;54.2;-1.9;246;201;55.0;-1.7;1;366;176
304;17;17;82;9;28;14;49;1;3;1;1;3;0;79;23;60;141;64;58;70;148;91806;7827;4259;99.5;3.0;2.5;33.0;26.8;1469;1109;57.0;1.6;1000;799;55.6;0.0;3;0;0
306;12;12;76;9;9;-10;59;0;0;3;1;5;3;158;37;24;14;62;56;65;104;51873;1457;3197;97.7;1.6;2.6;23.5;28.2;598;733;44.9;-2.1;408;482;45.8;-0.9;2;43;22
11983;8;8;81;25;33;-7;115;13;12;0;0;7;4;124;53;52;26;69;59;77;154;64900;23872;1432;99.2;2.2;2.2;27.9;25.5;826;712;53.7;3.7;583;533;52.2;3.3;6;754;391
330;26;26;81;9;22;-6;128;3;4;0;0;10;2;72;40;27;23;63;58;64;100;62598;6624;147;99.2;2.4;2.6;26.1;26.3;829;869;48.8;1.5;544;538;50.3;1.1;3;744;355
331;26;26;79;3;20;9;86;0;0;0;2;4;0;100;21;37;195;66;52;76;63;77490;2519;5531;100.6;2.1;2.0;24.8;24.8;932;1094;46.0;-2.5;611;633;49.1;-0.3;1;1;0
338;10;10;81;17;32;-1;132;2;12;0;1;12;0;84;48;43;37;68;63;69;141;57112;18278;3500;100.7;2.9;2.5;30.8;28.2;845;784;51.9;-0.3;572;535;51.7;0.8;2;64;33
339;19;19;76;5;17;8;33;0;0;0;0;1;0;87;56;35;39;62;56;67;88;43976;89;16586;103.1;2.5;1.9;22.9;23.5;542;527;50.7;1.9;325;350;48.1;-0.1;1;18;7
342;220;220;81;17;18;-13;31;5;2;0;1;1;0;168;75;81;76;71;57;78;141;63000;5471;19199;100.0;2.2;3.0;22.9;30.6;735;880;45.5;-4.0;481;616;43.8;-5.0;1;300;141
353;17;17;82;20;40;30;76;4;5;0;1;4;1;128;73;26;39;72;68;68;157;71832;13639;442;103.2;3.7;2.1;31.9;24.5;1079;871;55.3;-0.9;725;583;55.4;-0.2;3;49;21
354;3;3;81;2;19;4;151;1;0;0;0;13;5;103;21;36;104;60;53;67;75;73529;934;5682;98.1;2.6;2.5;28.7;22.9;973;880;52.5;1.5;675;566;54.4;1.7;1;0;0
359;221;221;80;4;11;-7;29;0;1;0;0;1;0;65;41;13;18;58;53;59;61;39969;590;265;96.8;1.5;2.2;26.0;23.9;531;468;53.2;-0.0;345;307;52.9;0.3;2;29;11
363;19;19;66;5;10;-3;16;1;0;0;4;0;0;50;27;21;12;57;52;60;67;32745;674;3335;98.9;1.3;2.1;20.3;27.4;331;435;43.2;-7.7;218;290;42.9;-7.0;0;14;5
366;24;24;82;4;19;-13;44;0;1;0;2;0;0;41;14;31;134;60;53;66;57;70573;1059;5354;99.5;2.2;3.0;23.0;28.7;765;980;43.8;-2.8;539;646;45.5;-1.5;0;2;1
12993;18;18;80;12;41;6;39;6;17;1;1;1;0;124;25;99;163;73;66;78;186;85189;20491;7327;102.1;3.0;2.2;30.6;29.7;1232;1116;52.5;2.9;853;822;50.9;2.7;4;1;1
373;10;10;47;3;20;12;101;0;1;0;1;5;1;36;7;22;64;62;57;66;47;49401;1312;3995;103.6;3.5;2.6;28.5;29.4;697;634;52.4;1.8;472;465;50.4;0.4;0;1;0
375;10;10;71;3;20;19;75;0;1;0;1;5;3;42;21;30;79;61;55;66;55;63035;914;8405;103.1;3.3;2.2;29.2;27.1;873;825;51.4;-0.6;593;564;51.3;0.9;1;0;0
378;24;24;82;7;13;-32;79;0;2;0;0;3;0;128;76;64;69;64;54;73;107;63649;6594;14360;95.6;1.5;3.2;22.6;29.0;657;856;43.4;-3.2;471;595;44.2;-3.2;2;273;132
385;5;5;80;6;31;-24;126;4;5;0;0;6;1;122;40;84;102;69;62;71;233;81863;22960;6450;99.5;2.6;3.5;25.4;32.4;1017;1116;47.7;3.5;687;857;44.5;0.6;1;1;1
387;217;217;46;1;19;10;50;0;1;0;2;2;0;57;16;30;83;64;53;74;48;41226;828;9076;100.0;2.4;2.2;30.4;27.0;564;529;51.6;1.0;413;368;52.9;3.1;0;0;0
401;221;221;80;22;28;0;107;3;11;4;1;7;3;186;54;41;30;70;61;76;156;61744;20481;5049;100.2;2.4;2.3;27.6;26.9;841;734;53.4;0.3;562;526;51.7;-1.4;4;76;44
402;3;3;81;9;19;3;53;1;1;3;6;3;0;68;64;45;60;66;53;75;88;51823;393;16320;98.8;1.9;2.4;24.0;26.1;584;711;45.1;-8.1;401;450;47.1;-7.7;1;942;479
412;10;10;81;7;32;-10;127;5;12;0;1;3;0;98;25;99;102;66;59;76;231;83849;22375;5231;99.9;2.5;2.4;29.3;28.6;1189;1071;52.6;0.8;813;778;51.1;0.0;2;0;0
13495;18;18;80;12;33;16;224;11;9;0;0;20;1;135;26;89;194;72;53;83;171;77634;19360;15648;102.7;3.1;2.1;30.1;27.3;1104;1061;51.0;0.6;753;707;51.6;3.5;6;1;0
12994;224;224;73;16;24;23;45;1;0;0;0;1;0;83;64;51;33;63;56;71;102;64825;2007;3965;103.8;3.1;1.8;28.2;25.1;897;756;54.3;1.5;607;526;53.6;-0.2;3;753;414
12995;15;15;69;14;25;5;78;6;9;1;0;4;1;106;55;46;37;73;68;76;139;55088;16931;529;101.1;2.4;1.9;27.3;24.5;710;648;52.3;1.4;489;444;52.4;1.2;2;183;89
11984;217;217;82;29;22;22;87;2;3;0;2;5;2;55;85;44;34;63;57;67;178;72222;6990;2252;103.5;3.1;1.8;31.3;28.0;1028;900;53.3;4.3;733;657;52.7;4.1;5;1077;580
425;8;8;67;2;18;8;43;0;0;0;0;3;0;70;17;41;114;65;58;72;65;62411;1138;14798;101.7;2.5;2.0;26.4;24.7;766;749;50.6;-1.0;531;512;50.9;0.9;0;0;0
427;21;21;17;0;1;-8;31;0;0;0;0;1;1;28;16;7;2;58;50;62;16;13257;592;550;95.5;1.4;3.5;21.7;32.9;137;181;43.1;-1.5;90;136;39.8;-4.2;0;1;0
431;18;18;80;10;15;-13;33;0;0;0;1;1;0;59;54;50;29;59;50;66;97;52776;156;4289;97.3;2.3;3.3;28.9;30.6;793;744;51.6;1.3;505;541;48.3;-1.2;1;709;382
439;217;217;82;9;16;9;101;2;0;1;1;3;0;96;32;43;110;61;56;66;107;76246;1115;12410;102.2;3.0;2.8;26.9;31.5;963;1105;46.6;-5.7;656;793;45.3;-6.9;2;0;0
12390;15;15;47;2;15;5;14;0;1;0;0;0;0;21;19;11;9;60;56;60;39;27127;780;277;102.4;2.8;2.1;25.1;24.3;327;309;51.4;0.0;224;209;51.7;-0.5;0;151;83
442;8;8;81;20;22;-1;52;5;7;0;0;2;1;157;84;33;23;65;59;70;198;63533;13814;3006;100.9;2.5;2.3;27.3;27.5;781;751;51.0;-0.0;553;559;49.7;-0.2;3;7;1
443;220;220;76;8;19;-9;38;2;2;0;0;0;0;116;33;35;29;64;57;67;66;46174;8886;4146;99.2;2.4;2.9;27.5;30.3;598;632;48.6;0.3;397;454;46.7;-1.1;1;180;82
453;12;12;47;3;5;-22;8;0;0;0;1;0;0;78;27;8;19;58;54;61;39;30494;579;3955;94.2;1.8;4.6;19.8;31.2;313;441;41.5;-5.5;199;303;39.6;-7.3;0;56;25
464;5;5;80;8;20;-22;29;1;2;0;2;1;0;65;45;28;20;61;57;59;94;53645;4722;2065;98.7;2.2;3.5;22.2;31.0;625;760;45.1;-0.4;392;524;42.8;-1.7;2;9;3
12996;221;221;63;11;14;-11;18;0;0;0;0;2;1;55;43;21;21;65;61;62;89;50139;1132;1325;96.7;2.2;3.0;25.3;25.6;651;587;52.6;-0.8;423;414;50.5;-2.0;2;243;102
12997;21;21;52;6;12;-11;32;1;2;0;0;0;0;17;16;15;11;58;53;60;32;27810;2480;537;96.8;2.7;3.9;26.5;28.9;357;371;49.0;-1.1;241;255;48.6;-2.2;0;297;147
470;20;20;82;30;41;60;34;1;5;0;7;0;0;58;65;73;39;68;60;75;166;61497;5166;14134;107.1;4.6;1.5;31.2;19.7;885;585;60.2;2.4;617;384;61.6;2.3;9;862;447
14492;16;16;81;9;6;-14;24;2;1;0;0;0;0;84;45;38;36;58;53;62;106;54368;2740;3105;98.0;2.0;2.9;25.0;29.2;636;811;44.0;-7.2;444;535;45.4;-4.8;1;50;17
484;12;12;77;16;15;-15;49;4;3;0;1;1;1;76;47;31;19;63;57;65;114;49037;7753;3935;98.7;2.0;3.0;24.4;31.9;609;709;46.2;-1.1;408;519;44.0;-4.0;1;573;285
487;20;20;47;2;25;47;47;0;0;0;2;1;0;44;18;24;98;65;53;75;52;46578;416;6780;107.4;4.7;1.6;32.0;22.1;693;541;56.2;-2.0;485;348;58.2;-0.9;0;0;0
494;11;11;81;9;16;-11;63;0;1;0;1;3;0;129;56;38;39;63;56;68;92;61788;5247;7173;99.5;1.9;2.4;24.1;28.8;783;855;47.8;-4.1;500;597;45.6;-3.4;0;103;49
501;214;214;81;21;59;15;134;1;35;0;0;6;3;186;84;46;34;76;71;73;226;76814;19477;645;102.1;2.9;2.0;27.4;23.2;1040;907;53.4;7.5;674;588;53.4;6.0;4;33;13
507;23;23;81;4;12;-10;87;1;1;0;0;9;3;80;16;49;174;63;51;71;80;72053;1084;4038;96.7;1.9;2.5;29.9;26.4;1064;986;51.9;-1.1;708;625;53.1;-0.4;0;0;0
509;20;20;78;45;49;64;119;2;16;1;1;5;1;65;62;70;35;75;69;76;194;68090;18513;4737;107.1;5.0;1.5;34.1;19.7;986;644;60.5;2.4;733;441;62.4;3.1;7;1045;597
518;15;15;81;21;28;-19;47;11;8;0;0;1;1;117;91;103;47;74;63;84;167;71718;19635;15210;96.2;2.0;2.9;28.7;26.9;1015;902;52.9;4.4;696;625;52.7;4.8;3;1357;752
13497;8;8;13;0;3;-1;9;0;0;0;0;1;0;18;11;3;3;64;57;58;16;10637;5;0;96.3;2.0;2.4;29.4;22.3;163;113;59.1;6.6;103;77;57.2;6.0;0;3;2
532;217;217;24;1;2;-2;28;0;0;0;0;2;0;13;9;2;3;56;52;56;14;10471;215;128;99.7;2.1;2.8;26.5;34.0;124;152;44.9;-4.8;92;116;44.2;-5.5;0;116;58
539;11;11;34;4;7;-10;40;1;0;0;0;2;0;33;7;16;32;59;56;64;28;26448;2617;2870;96.4;2.3;3.7;24.8;28.4;368;379;49.3;-3.9;227;243;48.3;-0.5;0;0;0
556;18;18;80;7;15;9;42;0;0;0;1;2;0;87;26;35;24;59;54;63;91;50094;179;4413;102.2;2.8;2.2;28.6;29.2;716;697;50.7;0.1;472;498;48.7;-0.7;1;102;46
12998;19;19;19;2;5;0;14;0;1;0;0;0;0;22;4;11;24;65;59;70;23;19244;921;1647;101.4;2.4;2.4;22.6;26.0;220;241;47.7;-2.5;142;168;45.8;-5.4;0;0;0
568;19;19;80;9;36;-19;68;1;18;0;0;2;0;68;30;71;26;66;60;72;83;63160;18612;291;97.6;2.0;3.0;23.0;26.7;772;783;49.6;0.4;481;546;46.8;-2.3;1;1027;553
588;224;224;82;26;28;6;127;7;8;0;0;9;3;192;74;41;39;75;69;77;242;68364;23359;753;101.3;2.6;1.8;29.1;23.9;955;784;54.9;2.9;660;532;55.4;3.2;8;87;37
593;14;14;81;20;23;-11;117;2;5;0;0;7;1;67;43;58;30;62;54;68;128;71433;10575;4501;101.2;2.7;3.0;25.6;31.6;892;1020;46.7;-1.6;604;734;45.1;-2.8;4;964;475
12999;217;217;53;9;9;6;27;0;0;0;2;1;0;42;13;11;5;59;55;59;52;22459;171;2663;104.9;3.7;3.0;26.0;32.7;263;336;43.9;-6.3;188;244;43.5;-6.0;2;68;31
598;214;214;71;14;13;-6;49;2;2;0;0;3;1;62;55;28;29;64;59;64;110;52350;4973;0;99.0;2.3;2.7;24.1;25.9;628;703;47.2;-1.7;411;441;48.2;-1.6;2;174;90
599;214;214;69;54;32;15;33;29;10;1;0;1;0;49;58;46;7;74;69;73;205;67312;17993;2492;102.2;3.0;2.1;27.6;23.5;886;801;52.5;7.0;583;520;52.9;6.0;12;1166;570
611;25;25;81;13;33;-5;135;4;10;0;0;14;6;174;50;33;34;73;67;74;151;62712;17816;716;99.3;2.5;2.5;27.4;25.5;765;787;49.3;2.6;544;514;51.4;1.9;2;56;24
13500;14;14;65;7;8;-14;57;0;0;0;0;7;3;39;17;35;21;59;52;62;65;38461;993;899;95.4;2.0;3.2;27.1;26.9;503;508;49.8;2.1;329;347;48.7;1.5;0;437;219
617;12;12;72;4;14;-16;33;1;1;0;2;1;0;66;22;43;125;62;53;70;93;70668;3390;6597;98.1;2.0;2.9;25.6;30.0;859;1007;46.0;-0.8;594;692;46.2;-0.9;0;1;0
648;3;3;81;3;25;8;99;0;3;0;2;9;2;110;19;51;182;66;53;76;94;83500;4391;7597;98.1;2.7;2.6;29.6;23.8;1096;1005;52.2;1.1;791;649;54.9;2.6;0;0;0
651;25;25;31;2;6;-2;51;1;1;0;0;1;0;40;6;17;37;60;54;68;32;29874;1686;2454;101.7;2.4;2.5;23.9;30.2;331;422;44.0;-1.8;242;284;46.0;-2.5;0;0;0
665;10;10;81;8;19;12;23;0;0;2;1;1;0;61;69;43;52;62;52;70;94;37596;126;17555;102.1;3.1;2.3;29.4;27.5;555;485;53.4;1.5;365;342;51.6;0.6;1;74;27
667;26;26;64;17;19;18;20;0;1;0;0;0;0;55;36;27;26;66;61;63;95;52852;2973;361;104.3;3.1;1.8;27.7;27.1;699;775;47.4;-0.4;479;466;50.7;1.2;4;20;9
668;221;221;80;7;14;-10;38;0;0;0;1;4;0;46;41;53;17;61;56;65;85;50576;2543;4275;95.7;1.9;2.6;25.2;22.7;671;552;54.9;2.1;434;372;53.8;1.5;1;570;320
681;224;224;82;0;21;23;130;0;1;0;0;12;2;85;16;62;127;64;52;73;84;71509;3458;14994;102.4;3.2;2.1;29.0;24.2;981;871;53.0;0.2;673;557;54.7;2.3;0;0;0
691;23;23;81;19;31;-11;40;5;7;1;0;0;0;119;82;47;34;64;59;68;215;72790;8637;4696;97.3;2.4;2.8;30.7;27.1;1045;915;53.3;1.0;730;637;53.4;-0.0;5;66;32
694;11;11;81;22;23;-15;170;7;7;1;1;15;4;109;87;64;31;68;60;77;147;67592;17718;4944;98.6;1.9;2.6;26.7;31.3;909;968;48.4;-3.4;598;709;45.8;-3.4;4;1179;603
696;10;10;81;12;19;2;46;2;6;0;1;2;0;48;52;29;28;60;56;63;124;50844;4191;2186;100.0;2.5;2.3;28.2;25.8;744;648;53.4;1.7;478;430;52.6;2.0;1;40;23
14033;24;24;82;41;24;3;80;14;10;0;0;4;1;105;112;107;83;72;59;85;237;73192;22489;15445;100.5;2.9;2.6;28.4;27.2;944;966;49.4;5.3;677;649;51.1;6.6;4;1207;635
698;5;5;80;14;27;-29;146;4;14;0;0;10;2;84;72;57;24;65;58;70;137;67831;18472;2264;97.4;1.9;3.2;25.0;31.7;822;971;45.8;0.6;570;701;44.8;1.1;4;829;421
708;224;224;33;0;8;-5;6;0;1;0;0;0;0;29;9;16;43;59;50;66;31;29930;907;2256;97.3;2.2;2.6;28.0;25.4;407;375;52.0;0.6;282;237;54.3;1.8;0;0;0
709;8;8;81;20;29;5;75;13;7;0;0;5;0;127;26;72;57;71;65;70;206;81489;20315;3515;102.1;2.5;2.0;26.2;26.9;982;974;50.2;-1.2;691;717;49.1;-1.2;4;0;0
13502;19;19;80;16;15;-11;44;2;1;2;1;0;0;73;57;53;30;61;55;66;126;64599;4618;4962;98.8;2.1;2.9;23.5;28.4;729;806;47.5;-2.5;511;592;46.3;-3.0;1;250;142
713;214;214;36;1;4;-14;12;0;0;0;0;0;0;27;12;12;7;61;56;59;28;23474;492;1675;92.5;1.8;3.8;23.8;25.2;263;298;46.9;-0.5;184;199;48.0;0.3;0;180;94
722;17;17;82;18;38;7;34;2;10;0;1;0;0;93;82;52;43;73;66;68;254;72920;16090;985;100.7;3.1;2.5;31.6;26.9;1142;934;55.0;-1.4;748;656;53.3;-3.4;0;3;1
723;224;224;58;4;10;-4;26;0;0;0;0;0;0;60;31;21;24;59;55;64;89;41987;2675;2560;98.3;2.0;2.3;27.2;25.8;538;549;49.5;-5.2;374;361;50.9;-4.1;0;20;6
724;5;5;67;4;10;-19;99;1;1;1;0;6;2;76;26;41;158;63;51;72;66;60103;1189;13863;98.4;2.0;3.2;22.5;31.1;664;892;42.7;-4.1;449;586;43.4;-1.3;0;0;0
732;220;220;22;4;4;-1;49;2;1;0;0;3;2;44;6;9;8;64;58;64;44;17938;4985;1143;101.3;3.2;3.2;25.7;28.7;251;233;51.9;3.9;151;167;47.5;0.1;0;0;0
747;220;220;81;14;32;-9;84;0;18;0;0;2;0;72;52;41;25;63;58;68;81;59268;15158;1374;101.2;2.7;2.8;25.2;29.6;688;815;45.8;-3.6;486;556;46.6;-1.2;1;968;351
748;14;14;76;5;24;-6;107;0;1;0;0;13;8;122;49;20;26;61;54;64;79;54150;1787;2384;101.1;2.9;3.2;23.2;28.4;643;720;47.2;-1.3;418;488;46.1;-1.8;1;49;22
759;23;23;47;2;5;-7;14;0;0;0;0;0;0;12;14;13;4;54;50;58;35;22871;285;155;95.1;1.7;2.8;29.7;26.4;342;304;52.9;-1.1;221;192;53.5;-0.9;0;290;133
760;217;217;82;7;25;22;82;0;3;1;3;6;0;79;21;70;135;65;57;74;118;82411;2549;12741;102.1;2.8;2.1;30.2;30.1;1119;1103;50.4;-0.0;813;817;49.9;-0.1;1;2;2
762;17;17;81;14;16;-2;58;2;1;2;1;4;0;96;64;45;55;64;57;71;166;56417;3098;11165;98.7;2.2;2.4;29.0;27.0;818;729;52.9;-1.7;546;508;51.8;-1.1;3;64;30
764;224;224;81;17;17;8;40;1;0;0;0;0;0;60;61;55;28;61;54;67;131;66191;3006;4472;100.8;2.9;2.4;28.2;25.8;871;800;52.1;-1.0;613;549;52.8;-0.4;5;789;384
767;25;25;81;12;16;-3;63;0;1;0;1;3;1;72;41;49;46;62;54;69;92;59753;620;7104;99.8;2.3;2.7;24.3;26.9;640;790;44.8;-3.4;470;511;47.9;-2.7;3;777;375
769;9;9;81;7;10;-23;56;0;1;0;0;2;0;144;46;25;32;62;54;66;98;66958;5590;1072;99.3;1.6;2.6;18.8;29.2;600;931;39.2;-3.2;410;639;39.1;-3.0;1;12;4
771;11;11;81;11;16;9;61;2;0;0;1;3;0;78;33;22;19;64;59;61;103;52097;763;1168;102.6;2.6;1.9;26.0;26.8;723;637;53.2;3.0;455;462;49.6;1.9;3;22;10
14500;14;14;81;18;36;-5;39;4;6;1;0;3;1;121;80;47;65;64;56;71;176;69827;8439;6120;100.2;3.0;3.1;28.3;29.9;960;975;49.6;2.7;654;685;48.8;2.6;3;163;62
783;5;5;80;3;23;-20;70;0;3;0;3;4;1;92;21;71;127;61;54;68;83;83805;5491;16658;99.1;2.6;3.6;25.1;31.5;1029;1145;47.3;3.0;686;858;44.4;0.5;0;0;0
786;19;19;27;4;3;-5;8;0;0;0;0;0;0;14;14;6;4;57;53;57;26;12758;179;175;101.4;2.5;4.0;19.8;34.4;138;186;42.6;-9.2;87;139;38.5;-13.2;2;1;0
794;10;10;2;0;1;-1;0;0;0;0;0;0;0;1;0;0;3;55;54;45;1;1792;0;247;87.7;4.0;6.0;44.2;28.1;36;26;58.1;15.7;25;19;56.8;16.8;0;0;0
797;19;19;80;4;16;17;150;0;0;0;1;15;6;176;21;61;132;67;54;75;59;79733;1693;16519;103.9;2.9;2.2;23.6;25.9;895;954;48.4;-1.4;614;661;48.2;-0.5;0;0;0
801;3;3;81;5;13;4;25;0;1;1;0;1;1;99;46;30;23;60;53;65;61;38492;2176;3695;100.8;2.2;2.0;24.7;23.8;445;488;47.7;-4.4;315;296;51.6;-1.9;1;17;9
13503;19;19;80;26;24;2;120;12;8;0;0;11;6;114;47;83;42;70;63;75;215;68823;20259;1405;100.1;2.4;2.2;28.0;25.9;886;876;50.3;1.4;626;576;52.1;5.2;5;574;260
815;21;21;31;1;4;-14;16;0;0;0;1;0;0;50;10;24;32;59;52;66;31;29036;1027;2480;96.4;1.9;3.6;24.8;32.5;335;414;44.7;1.0;232;303;43.4;-0.3;0;0;0
817;8;8;34;5;5;0;14;0;1;0;0;0;0;38;14;10;3;62;56;61;42;19311;829;1323;100.9;2.1;1.9;27.4;28.3;246;239;50.7;0.4;169;182;48.1;-1.6;0;55;22
822;18;18;80;9;19;-20;35;1;3;0;0;1;0;112;42;24;30;65;60;61;122;61544;4894;701;96.6;2.5;3.5;31.8;30.9;929;856;52.0;2.0;628;622;50.2;1.4;1;9;3
823;12;12;50;2;4;-19;69;0;0;0;0;7;6;40;19;13;7;58;51;57;19;21130;1837;542;91.8;1.0;4.1;18.9;30.2;224;304;42.4;-3.5;138;211;39.5;-6.7;1;37;11
829;217;217;82;9;12;17;18;0;0;3;2;0;0;66;60;42;44;63;54;72;105;37385;201;19436;103.8;3.2;2.5;27.3;32.1;480;554;46.4;-4.7;323;390;45.3;-5.5;3;371;184
830;11;11;49;2;4;-3;52;0;2;0;0;4;1;67;12;19;117;66;52;76;35;46631;908;3765;100.0;1.9;2.1;23.3;26.2;634;629;50.2;-1.9;369;398;48.1;-0.1;0;0;0
833;8;8;73;8;17;11;43;0;2;0;0;3;0;70;33;23;23;65;59;62;93;44269;4714;835;102.9;2.9;2.0;28.0;26.8;573;530;51.9;0.9;395;385;50.6;0.4;0;9;5
837;216;216;81;23;30;22;85;3;3;0;0;5;1;115;72;42;66;66;58;73;135;64035;5231;14083;104.2;3.8;2.3;27.0;23.2;789;737;51.7;-2.5;534;488;52.3;-1.9;6;262;109
838;19;19;80;20;15;12;57;1;1;0;0;5;2;88;37;33;37;68;63;66;112;63682;4901;392;102.5;2.8;2.1;26.2;25.9;794;788;50.2;1.2;530;540;49.5;1.4;3;164;87
840;20;20;82;12;25;36;29;0;0;3;1;1;0;66;30;22;21;61;58;60;69;51687;194;5037;104.1;4.1;2.0;29.7;20.1;701;530;56.9;-1.8;495;333;59.8;-0.2;1;82;24
843;23;23;81;14;18;-2;61;1;1;0;1;1;0;101;38;31;42;63;58;66;173;56570;4641;3571;97.7;2.9;3.0;33.1;27.4;898;786;53.3;0.9;617;510;54.7;1.8;1;107;47
850;220;220;78;14;22;-5;47;0;5;0;0;0;0;72;56;53;24;63;56;67;121;56161;8502;3738;100.0;2.6;2.8;26.7;29.3;704;751;48.4;-0.4;481;539;47.2;-1.0;1;736;333
854;18;18;80;3;20;0;31;0;0;0;0;1;0;79;31;18;19;60;55;61;60;44155;893;153;103.3;2.4;2.4;22.3;30.9;517;632;45.0;-6.8;315;449;41.2;-9.6;0;0;0
855;17;17;82;17;20;5;37;2;1;0;0;1;1;89;66;39;30;67;64;66;158;67341;5424;0;100.0;2.7;2.3;29.6;25.0;1057;796;57.0;1.5;665;551;54.7;-1.2;1;20;10
862;21;21;15;0;1;-2;21;0;1;0;0;1;1;14;2;8;19;62;54;71;13;14279;433;1744;98.4;1.3;1.8;29.5;30.3;181;181;50.0;0.5;132;139;48.7;1.1;0;0;0
866;9;9;60;4;6;-10;24;0;1;0;1;0;0;40;11;22;19;56;52;60;41;28062;933;1038;97.5;1.7;3.0;21.2;28.4;284;394;41.9;0.3;188;256;42.3;1.3;0;28;12
867;220;220;52;1;14;-3;36;0;0;0;1;1;0;54;25;30;81;61;51;69;67;50501;1074;8483;99.4;2.9;3.1;28.6;28.9;665;682;49.4;-1.0;464;477;49.3;0.0;0;0;0
881;11;11;78;9;10;-10;22;1;0;1;1;0;0;57;31;32;22;58;53;61;80;37408;471;2663;97.4;2.1;3.2;26.0;29.6;471;511;48.0;-5.4;316;358;46.9;-4.7;3;19;8
885;12;12;73;0;14;-10;65;0;0;0;2;1;0;103;29;57;140;65;51;74;60;66891;1917;12714;98.1;2.0;2.7;25.1;27.2;807;893;47.5;0.7;543;578;48.4;1.9;0;2;1
894;8;8;79;5;13;6;49;0;0;0;0;7;2;39;41;33;10;59;53;63;69;49722;762;3750;102.6;2.5;2.0;24.9;26.8;613;596;50.7;-0.1;402;437;47.9;-2.3;0;601;284
908;11;11;81;16;31;-1;126;6;15;2;0;8;0;145;67;60;43;73;67;76;146;64182;22727;14688;100.5;2.4;2.4;28.7;31.1;974;917;51.5;1.0;597;650;47.9;-0.4;5;145;78
913;5;5;49;7;4;-15;41;2;0;0;0;1;0;54;26;26;20;59;53;63;46;30420;1577;4944;98.3;2.4;4.0;23.3;34.0;347;463;42.8;-4.5;236;336;41.3;-4.9;1;100;57
914;12;12;73;10;25;-14;133;0;5;1;0;9;2;172;75;33;52;66;59;72;120;59402;3851;9596;97.3;2.2;3.0;26.4;27.0;744;801;48.2;1.6;518;518;50.0;3.5;1;101;65
922;16;16;81;21;18;-10;54;4;1;2;0;2;0;103;62;30;36;63;58;65;161;53741;7527;4273;96.4;2.5;3.3;28.4;26.5;715;712;50.1;0.9;490;470;51.0;2.7;4;440;199
13505;23;23;78;19;20;-14;70;8;12;2;0;2;1;58;50;67;38;65;56;77;91;50838;20478;1528;96.0;1.6;2.6;28.4;27.1;696;674;50.8;-2.2;475;441;51.9;-1.9;2;983;499
930;22;22;9;0;2;1;14;0;0;0;1;2;0;7;1;6;10;62;51;71;9;7771;71;782;99.5;1.4;1.4;30.6;27.3;95;92;50.8;2.8;75;65;53.6;6.0;0;0;0
941;12;12;37;5;9;-6;16;3;4;0;0;0;0;31;14;6;6;61;56;62;25;15509;5640;157;97.9;1.4;2.6;22.1;30.2;176;219;44.6;-1.5;111;154;41.9;-4.4;0;0;0
951;217;217;82;26;44;-8;103;6;17;1;0;3;1;185;68;43;43;71;63;74;277;68984;25291;1306;98.6;3.1;3.0;33.1;27.4;1020;890;53.4;4.4;738;627;54.1;6.0;6;65;25
12397;17;17;79;24;32;10;76;5;4;1;1;4;1;35;38;64;27;66;60;68;122;64486;10778;2559;98.3;3.4;2.7;34.4;23.6;1079;757;58.8;3.4;723;520;58.2;2.9;2;885;493
955;20;20;82;11;56;70;72;5;18;0;2;2;0;78;35;87;95;76;72;72;224;93380;19532;5938;105.7;4.7;1.9;31.7;20.9;1340;936;58.9;0.8;942;644;59.4;-0.9;2;0;0
957;26;26;81;1;22;-9;83;0;2;0;0;3;0;108;16;42;186;64;53;72;85;84379;3097;7325;97.5;2.5;2.8;27.4;24.4;1109;1129;49.6;2.8;747;669;52.8;5.1;0;0;0
960;0;0;81;23;21;26;29;1;0;6;0;1;0;187;85;60;41;69;63;74;206;66899;529;18388;100.3;3.1;2.2;31.9;23.6;1022;775;56.9;1.4;699;515;57.6;1.5;4;37;16
966;23;23;63;14;12;-4;55;0;0;0;0;5;1;85;35;7;18;59;54;61;99;35212;157;98;97.6;2.8;3.2;32.3;28.8;556;489;53.2;1.0;374;322;53.7;0.7;1;2;1
968;15;15;82;32;33;-3;99;12;15;0;2;3;0;79;53;58;20;70;65;71;190;68642;22433;2897;99.2;2.5;2.5;26.7;25.1;862;833;50.9;0.3;602;571;51.3;0.4;13;937;407
972;23;23;79;1;17;-8;63;0;2;0;1;1;0;52;19;36;130;61;51;70;64;69285;1470;4317;97.4;2.0;2.5;29.6;26.6;1019;962;51.4;-2.0;673;594;53.1;-0.9;0;0;0
980;3;3;81;10;27;21;50;4;11;0;4;4;3;90;36;62;157;69;61;77;168;85395;20526;15749;103.0;3.0;2.2;27.1;27.2;1106;1120;49.7;-2.8;761;750;50.4;-4.5;2;0;0
985;18;18;80;15;28;10;51;1;2;1;5;3;0;172;72;55;40;66;58;72;156;59246;5066;16550;100.6;2.7;2.4;29.5;28.2;809;795;50.4;-0.2;555;555;50.0;1.1;1;97;47
989;20;20;82;53;34;78;141;1;2;1;0;7;4;78;82;37;25;71;68;69;234;77814;9491;1626;108.1;5.6;1.9;32.7;21.3;1165;799;59.3;1.4;798;549;59.2;-1.0;10;809;439
990;214;214;81;4;6;-17;104;1;2;0;0;6;3;104;62;31;33;61;52;66;82;43577;1667;10967;96.0;1.4;2.9;22.3;28.2;438;590;42.6;-7.0;311;400;43.7;-6.8;1;153;58
997;24;24;35;4;2;-2;40;2;0;0;0;4;1;27;8;7;9;60;53;62;25;14694;3606;151;100.9;1.2;1.5;22.0;31.4;143;217;39.7;-6.4;104;148;41.3;-7.5;0;2;0
1015;8;8;80;10;29;9;70;4;5;1;1;2;0;105;21;39;87;63;58;67;97;73247;6190;6569;101.9;2.9;2.4;27.2;27.9;949;921;50.7;-0.5;665;672;49.7;-0.3;1;0;0
1022;9;9;81;2;24;-28;168;0;8;0;1;12;6;158;23;82;104;70;56;79;115;89277;19495;12183;98.3;1.6;2.6;20.5;27.5;851;1170;42.1;0.9;598;806;42.6;2.0;0;0;0
14041;0;0;81;12;31;-7;101;7;11;0;2;7;2;86;17;69;137;67;62;71;189;83333;17523;6785;96.8;2.5;2.9;32.5;26.5;1266;1049;54.7;-1.9;871;713;55.0;-2.4;0;0;0
1026;11;11;81;6;11;-1;53;0;0;0;0;5;1;95;33;11;16;58;53;61;82;41594;585;98;100.2;2.6;2.5;27.7;27.3;592;548;51.9;1.3;379;377;50.1;2.4;1;9;2
1032;25;25;81;15;44;30;42;0;7;0;0;2;0;106;72;57;67;68;58;75;154;65865;6108;12549;103.3;3.9;2.2;34.3;26.7;994;889;52.8;7.9;722;572;55.8;8.4;2;93;55
1042;217;217;8;1;2;0;6;0;0;0;0;0;0;10;3;3;6;61;55;67;7;6990;7;1463;97.9;2.6;3.1;32.4;30.9;103;97;51.5;-1.9;75;69;52.1;-1.1;0;0;0
1051;3;3;81;10;19;7;53;0;2;8;2;1;0;147;74;42;26;62;55;69;141;50402;228;15095;98.8;1.9;2.3;25.5;26.1;587;676;46.5;-6.3;412;431;48.9;-5.4;1;27;9
1052;217;217;58;2;9;-1;23;0;0;0;0;1;0;25;18;16;12;55;50;59;27;23483;684;1394;102.4;2.8;2.9;23.5;31.0;264;341;43.6;-8.5;179;245;42.2;-9.5;1;328;165
13007;24;24;82;3;18;-12;68;1;0;0;0;4;1;81;17;59;116;62;54;70;82;77522;2672;6388;99.2;2.2;2.9;23.5;28.4;864;1044;45.3;-0.8;620;704;46.8;0.4;1;0;0
1058;214;214;81;3;15;-11;117;0;1;0;1;9;5;64;12;35;169;62;52;70;67;72566;1239;6665;98.0;1.9;2.5;23.0;24.4;814;946;46.3;-3.0;530;577;47.9;-2.0;0;1;1
1059;18;18;80;20;29;1;118;4;6;1;0;6;2;117;62;46;36;62;56;69;144;64158;6239;4912;100.7;2.5;2.4;27.5;28.6;818;865;48.6;-2.7;578;611;48.6;-0.8;2;646;343
1065;214;214;78;23;25;-13;127;14;8;0;0;10;1;140;48;19;17;68;61;67;150;53076;18431;120;97.2;2.3;2.9;25.4;24.6;637;671;48.7;0.3;428;427;50.1;0.9;7;3;1
13508;14;14;73;25;37;-11;75;12;11;0;0;1;0;65;40;47;36;68;61;74;159;62660;20283;729;100.3;2.9;2.8;26.2;26.4;801;792;50.3;3.1;534;549;49.3;2.9;9;1061;525
1068;0;0;52;3;10;14;17;0;1;0;1;1;1;38;14;6;12;58;52;61;46;15587;464;373;106.4;4.2;1.2;35.3;21.7;259;172;60.1;3.8;172;110;61.0;4.3;1;4;3
12399;12;12;31;3;5;-6;40;1;1;0;0;2;0;50;10;34;43;65;57;75;62;30982;5307;2567;99.1;1.9;2.6;24.6;30.1;377;421;47.2;1.0;251;299;45.6;-1.1;1;0;0
1084;9;9;68;2;14;-3;66;0;4;0;1;2;0;93;26;67;171;70;52;82;62;71167;7457;11493;100.9;2.0;2.1;21.5;25.7;710;904;44.0;2.9;493;601;45.1;4.9;1;0;0
1086;12;12;58;9;19;-1;93;2;1;1;4;5;2;140;41;20;29;68;61;72;96;47706;4406;8002;98.1;2.3;2.7;26.9;25.7;598;624;48.9;3.4;434;403;51.9;6.9;2;83;37
1091;15;15;82;13;15;3;53;0;2;0;1;1;1;94;52;29;50;63;57;68;81;52390;1578;12847;101.8;2.5;2.3;22.6;25.6;586;629;48.2;-3.1;394;431;47.8;-4.1;1;201;120
1094;8;8;34;1;9;3;54;0;0;0;0;4;4;48;15;7;13;61;55;64;31;19009;246;130;103.7;2.8;2.1;25.8;28.4;224;245;47.8;-3.5;159;179;47.0;-2.5;1;4;1
13008;17;17;41;3;5;-2;8;0;0;0;0;0;0;17;19;9;9;57;52;60;26;18205;980;2304;100.4;2.4;3.0;21.6;27.9;208;239;46.5;-10.0;133;167;44.3;-13.0;1;245;125
1104;220;220;78;14;10;-14;61;2;2;0;0;1;0;141;48;34;34;63;56;67;122;51041;3708;4853;97.4;2.3;3.2;26.9;28.8;648;691;48.4;0.2;447;472;48.6;1.7;2;229;107
1108;11;11;81;10;29;12;94;7;13;1;1;6;2;92;29;96;134;70;61;81;197;81596;23475;18766;102.9;2.6;2.1;27.7;31.8;1172;1134;50.8;0.0;754;853;46.9;-2.0;0;2;0
1113;5;5;80;5;13;-22;76;0;2;0;1;4;1;95;39;22;19;58;54;60;86;43995;1452;5719;96.4;2.3;4.1;24.5;31.6;521;619;45.7;0.3;364;447;44.9;1.0;2;49;16
13510;23;23;78;5;42;9;82;3;17;0;6;6;2;77;15;81;122;69;61;78;167;77081;23873;17166;99.4;2.7;2.4;33.3;27.6;1174;1010;53.8;2.1;829;679;55.0;2.7;0;0;0
1126;22;22;13;1;2;3;2;0;0;0;0;0;0;8;5;3;14;65;52;75;6;5111;0;2916;110.8;2.8;0.7;20.4;23.2;44;65;40.4;-5.4;32;39;45.1;-3.2;0;54;24
11989;17;17;1;0;0;0;0;0;0;0;0;0;0;0;0;0;1;56;50;62;0;75;0;0;0.0;0.0;0.0;0.0;0.0;0;2;0.0;-43.0;0;0;0.0;-41.1;0;0;0
1142;26;26;81;12;33;-6;129;3;9;0;0;9;6;170;64;36;32;70;63;74;136;54902;20506;238;101.2;2.5;2.4;24.4;26.2;647;747;46.4;-1.7;433;476;47.6;-2.4;2;142;68
1146;5;5;17;1;3;-8;8;0;0;0;0;0;0;20;7;13;35;63;52;71;15;15637;482;1784;95.5;1.8;3.7;23.0;29.5;184;221;45.4;1.5;124;150;45.3;2.8;0;0;0
1159;0;0;58;2;16;17;32;0;1;0;0;0;0;49;10;32;107;61;52;70;61;55116;1294;6441;99.5;3.3;2.4;31.1;20.9;816;602;57.5;2.0;566;374;60.2;5.0;2;0;0
1169;19;19;80;14;34;17;112;8;13;0;2;2;0;99;19;75;118;67;60;76;181;76042;19639;6445;103.1;3.0;2.4;25.4;26.8;908;948;48.9;-0.6;638;666;48.9;0.6;4;3;1
1172;0;0;81;22;39;25;70;2;8;1;2;3;1;78;80;72;39;66;59;73;197;70701;6483;14537;100.5;3.3;2.2;32.6;23.2;1099;814;57.4;2.2;759;547;58.1;2.3;5;1033;543
1173;224;224;80;4;21;3;76;1;1;0;3;2;1;138;16;68;67;65;55;73;106;90748;6396;14718;99.6;2.3;2.2;27.4;25.1;1184;1042;53.2;0.1;816;746;52.2;-1.7;1;0;0
1175;3;3;78;34;28;1;56;12;10;0;0;3;1;117;75;35;30;77;71;65;225;66351;19776;869;98.2;3.2;3.0;31.4;25.3;950;806;54.1;3.4;658;553;54.3;1.2;5;167;59
1187;214;214;81;2;22;17;41;0;0;1;3;1;0;63;16;37;188;65;52;75;64;72308;848;14163;103.4;2.7;2.1;23.3;25.0;812;943;46.3;-3.0;540;586;48.0;-1.9;0;0;0
1198;24;24;40;0;9;1;68;0;0;0;0;6;4;37;8;14;69;62;51;69;14;34841;638;3231;100.2;2.1;2.1;24.6;25.1;392;434;47.5;3.7;289;282;50.6;5.5;0;0;0
1206;21;21;81;10;24;-35;95;2;12;0;0;3;0;154;43;46;33;67;60;70;121;63455;13750;58;96.7;1.6;3.2;20.9;29.7;674;847;44.3;-1.9;433;614;41.4;-4.9;2;30;15
1210;10;10;81;4;20;-6;52;0;1;0;0;2;0;66;39;30;22;64;60;62;99;56204;5127;513;99.8;2.2;2.5;25.6;27.8;735;743;49.7;-3.1;469;515;47.7;-4.5;1;7;3
1213;17;17;40;3;3;-3;27;0;0;1;0;3;0;38;26;22;20;60;52;68;41;19474;271;6948;96.9;1.7;2.4;26.2;25.5;254;237;51.7;-5.7;172;161;51.7;-4.6;0;39;16
13012;21;21;81;8;24;-49;55;1;16;0;0;3;0;62;26;37;28;62;55;68;123;45658;16733;2245;93.7;1.3;4.3;22.7;35.4;501;743;40.3;-6.9;342;527;39.4;-7.1;1;473;241
1225;15;15;82;21;28;-12;97;5;9;1;0;5;2;96;78;65;49;73;67;71;252;72118;19419;3315;98.0;2.1;2.5;27.6;25.6;926;853;52.1;2.0;657;598;52.4;1.9;2;139;62
1228;221;221;74;22;29;4;81;6;12;3;1;5;4;175;89;45;25;80;74;69;163;56647;18071;14185;99.9;2.8;2.5;28.3;25.6;811;657;55.2;2.9;530;454;53.9;1.6;3;33;19
1240;17;17;70;8;21;34;67;1;1;0;0;3;0;87;19;43;94;67;61;71;99;71041;6786;11965;104.2;3.2;1.5;29.9;23.0;1010;826;55.0;-1.7;685;550;55.5;-0.4;1;0;0
1244;10;10;41;6;8;-12;25;0;2;1;0;1;0;22;22;25;17;63;56;66;57;32644;4320;1715;96.7;1.7;2.9;26.2;30.0;413;442;48.3;-4.4;291;321;47.5;-4.1;0;404;200
1246;10;10;81;14;17;8;69;0;1;1;2;5;1;37;37;70;75;63;55;73;66;47113;2641;16245;102.0;3.0;2.7;26.7;29.2;611;642;48.8;-4.2;403;451;47.2;-4.9;5;797;396
1251;23;23;81;23;31;4;181;3;4;4;2;13;10;126;81;24;40;68;64;67;194;61310;6323;5208;97.8;3.0;3.1;33.0;27.6;963;826;53.8;1.6;657;551;54.4;1.3;7;97;48
1255;17;17;82;2;15;3;48;1;2;0;0;2;0;62;17;43;138;61;52;70;61;72255;914;8162;97.6;2.5;2.4;30.1;23.0;1050;836;55.7;-0.4;708;543;56.6;1.4;0;0;0
1258;0;0;39;2;13;12;4;1;2;0;1;0;0;29;8;41;67;65;56;73;50;39328;5177;8290;101.4;3.6;2.7;28.8;25.1;563;473;54.3;-2.4;383;324;54.2;-3.0;1;0;0
1260;3;3;81;21;41;47;78;1;3;0;1;6;1;119;76;51;36;73;68;71;168;76370;7431;3128;105.7;3.8;1.6;31.1;24.9;1112;936;54.3;4.3;769;631;54.9;2.6;9;190;99
1262;214;214;81;16;25;-6;32;2;6;0;0;0;0;60;51;27;30;66;61;64;110;73195;5805;1510;99.5;2.3;2.6;25.1;26.4;860;939;47.8;-0.8;596;630;48.6;-1.0;3;746;377
1265;220;220;64;3;12;-4;114;0;1;0;0;11;6;110;18;33;153;66;52;75;81;58739;2948;15958;100.8;2.8;2.9;25.6;29.6;735;827;47.1;-1.0;491;558;46.8;0.2;0;0;0
1269;3;3;16;1;2;4;33;0;1;0;0;5;2;20;4;7;32;64;51;73;15;14182;165;814;103.1;3.0;2.3;28.2;29.7;177;215;45.2;-4.5;120;140;46.2;-5.7;0;0;0
1274;10;10;67;4;18;-2;69;0;1;0;1;3;1;55;21;52;105;63;57;71;110;69408;4419;6812;99.3;2.5;2.5;31.1;29.1;999;902;52.6;0.7;692;655;51.4;0.4;1;0;0
1275;23;23;41;1;8;1;16;0;0;0;0;0;0;16;15;11;9;57;52;61;32;22447;296;562;100.2;2.7;2.6;33.5;32.4;338;348;49.3;-2.7;247;231;51.7;-1.0;0;278;98
1290;17;17;82;14;38;4;109;7;15;0;2;7;0;100;26;60;95;69;64;70;258;87383;22019;4534;99.5;3.0;2.6;33.1;27.2;1412;1076;56.8;1.2;946;781;54.8;-1.3;2;0;0
1292;23;23;81;20;28;-17;126;10;16;3;3;8;2;142;60;57;52;74;68;77;240;52561;23941;18679;95.1;1.6;2.8;31.8;27.9;786;704;52.8;0.2;555;456;54.9;1.9;1;365;142
11990;18;18;45;2;13;9;52;1;0;1;2;4;1;68;13;44;58;65;53;74;56;43005;1029;2772;99.8;2.7;2.3;34.5;28.2;711;527;57.4;7.9;481;388;55.4;6.4;1;0;0
1320;25;25;81;3;17;-4;95;0;2;0;0;7;1;65;23;24;24;59;54;61;46;37532;3144;1921;100.7;2.5;2.9;22.0;27.0;383;531;41.9;-6.4;272;326;45.5;-5.2;0;38;15
1326;220;220;30;10;12;9;24;1;4;0;0;2;0;33;14;24;17;70;61;76;53;22195;4844;2773;106.3;3.7;1.9;27.2;26.4;330;279;54.2;8.5;204;194;51.3;7.1;2;307;173
11992;21;21;80;5;10;-7;30;0;0;0;0;0;0;73;27;17;25;59;54;60;71;42572;920;1549;99.7;1.9;2.6;21.7;29.5;453;608;42.7;-3.8;302;401;43.0;-2.5;0;10;2
1330;24;24;51;5;8;-20;20;1;1;0;0;0;0;65;21;17;17;57;53;60;71;28143;1424;575;92.8;1.9;4.3;24.6;29.0;329;376;46.7;0.9;223;258;46.4;0.8;1;1;0
13017;22;22;81;18;24;-11;116;14;9;0;0;8;6;66;46;52;33;65;56;73;84;61485;21275;1021;99.8;1.7;2.0;19.1;22.4;558;748;42.7;-3.8;380;471;44.7;-3.2;2;1106;568
1342;11;11;24;1;5;-4;6;0;0;0;0;0;0;14;5;5;7;59;54;59;12;12258;887;518;95.7;2.9;4.1;22.3;23.5;152;151;50.2;-1.7;97;96;50.3;0.1;0;156;72
14511;24;24;82;9;19;-26;20;0;3;0;3;2;0;98;57;59;50;64;58;67;117;71040;5503;5302;97.0;1.6;2.9;21.8;28.2;717;940;43.3;-3.6;516;652;44.2;-3.4;2;99;48
1351;26;26;71;7;12;-6;39;1;2;1;1;5;0;80;51;34;26;61;54;68;76;37497;6149;2834;97.9;1.8;2.6;22.9;25.7;428;521;45.1;-3.2;272;312;46.6;-3.5;2;4;1
1363;214;214;81;11;13;-2;43;1;1;1;1;3;0;92;56;36;42;64;59;69;119;58236;2805;8805;99.2;2.0;2.2;24.2;24.2;694;747;48.2;-0.3;456;464;49.6;0.3;0;163;84
11993;15;15;59;7;8;0;24;0;0;2;1;2;1;57;41;28;54;63;52;71;42;21415;155;11982;99.1;2.7;3.2;19.2;21.3;203;244;45.4;-6.0;137;157;46.6;-5.5;1;157;71
1369;8;8;78;10;10;2;126;0;0;0;2;12;5;80;67;37;25;63;56;69;107;51905;3471;6002;101.1;2.4;2.4;25.8;29.3;643;693;48.1;-3.5;434;499;46.5;-4.0;2;533;294
1370;224;224;17;1;1;-2;39;0;0;0;0;3;3;30;11;7;6;64;51;66;15;8287;110;101;98.1;2.2;3.0;23.5;27.4;88;110;44.4;-7.1;61;72;45.9;-3.4;0;1;0
1380;26;26;38;3;6;-4;77;0;1;2;0;7;3;50;13;21;103;67;52;78;46;35101;3149;3231;99.6;1.9;2.6;21.5;27.1;412;494;45.5;-2.6;256;298;46.2;-3.1;0;0;0
1382;5;5;58;7;12;-12;27;1;4;0;0;1;0;65;39;21;8;62;57;63;62;38277;2882;4473;99.3;2.1;3.0;22.1;29.8;451;498;47.5;1.6;296;363;44.9;0.9;0;153;69
1385;20;20;1;0;2;2;0;0;0;0;0;0;0;1;0;0;0;63;60;72;1;935;30;263;122.2;7.7;0.0;34.6;11.5;11;6;64.7;9.4;9;4;69.2;12.1;0;0;0
1389;214;214;81;4;41;-10;63;2;24;0;1;0;0;103;15;87;178;75;69;76;175;90164;19879;5322;99.2;2.2;2.4;25.5;26.2;1095;1176;48.2;-0.2;734;779;48.5;-1.3;0;0;0
14049;216;216;81;2;12;19;37;0;0;1;0;1;0;54;13;45;133;60;51;68;53;72465;488;5651;102.0;3.3;2.4;25.6;22.2;892;825;52.0;-2.3;593;535;52.6;-1.5;0;1;0
1402;15;15;82;9;29;2;48;0;3;0;0;2;1;163;69;33;40;68;62;67;115;70049;5465;3647;100.9;2.8;2.4;29.7;27.8;987;879;52.9;3.4;680;622;52.2;2.8;2;112;60
1409;10;10;81;20;29;7;78;4;8;0;0;0;0;34;60;65;32;64;57;73;152;64456;19913;1812;102.8;3.0;2.0;28.1;26.1;852;794;51.8;-0.5;576;542;51.5;0.6;3;765;401
1414;20;20;82;22;54;73;61;0;1;1;0;3;2;82;66;36;29;70;65;65;181;70776;6065;624;107.2;5.3;1.5;33.6;17.8;1097;646;62.9;6.5;749;416;64.3;6.1;5;22;9
1416;26;26;81;12;11;-4;26;0;0;5;2;2;1;99;69;40;43;63;54;71;121;42249;1577;19326;97.1;1.4;2.5;22.8;26.8;470;574;45.0;-3.3;317;364;46.5;-3.5;1;370;173
1418;12;12;75;10;13;-16;56;0;1;1;1;1;1;120;83;69;71;68;56;79;146;61169;5078;15507;97.3;1.5;2.5;24.7;29.4;735;884;45.4;-1.9;496;585;45.9;-1.2;0;972;496
1421;17;17;82;3;23;30;117;0;0;0;1;11;2;83;24;41;185;66;52;76;85;82579;1628;13017;102.0;3.2;2.0;28.8;21.8;1141;961;54.3;-2.5;761;611;55.5;-0.2;1;2;0
1425;18;18;80;11;13;-12;65;1;3;0;1;5;0;111;58;23;24;62;55;66;160;57704;6229;1000;98.3;1.9;2.6;28.6;31.1;835;769;52.1;1.9;566;598;48.6;-0.8;1;200;87
1437;214;214;81;28;47;13;170;8;21;1;0;10;8;170;64;45;44;77;72;76;192;72612;19823;1005;102.2;3.0;2.2;27.1;24.8;959;930;50.8;3.5;631;591;51.6;3.4;4;112;53
12402;8;8;21;4;2;3;6;0;0;0;0;0;0;25;14;5;7;60;54;62;25;12624;342;506;102.4;2.9;2.0;27.7;25.4;150;147;50.5;-3.4;117;111;51.3;-1.2;0;11;5
1445;10;10;81;37;31;-7;121;16;7;0;0;7;2;112;60;60;51;74;69;74;263;66969;22889;1399;100.1;3.0;2.7;30.7;27.8;986;855;53.6;2.1;666;603;52.5;2.0;4;23;8
1448;18;18;80;39;43;3;191;5;16;2;0;15;8;121;86;55;33;68;61;73;218;74175;19893;4031;101.6;3.6;2.9;32.7;31.1;1114;1046;51.6;1.4;795;751;51.4;3.4;3;1147;604
1453;221;221;80;18;27;12;62;2;2;1;2;4;0;118;55;47;45;67;63;68;188;71939;6447;5922;100.5;2.6;2.1;28.1;24.6;965;849;53.2;0.0;658;576;53.3;0.9;2;83;42
1457;15;15;82;23;25;-19;83;5;10;0;0;1;0;61;55;35;33;66;60;68;129;64927;14317;2273;96.5;2.3;3.2;28.3;27.4;892;826;51.9;4.1;603;575;51.2;3.1;8;935;492
1471;23;23;81;16;20;5;45;1;3;0;1;1;0;47;66;55;47;60;54;66;126;65001;3135;2615;100.1;2.7;2.4;30.5;27.8;967;860;52.9;0.4;648;584;52.6;-1.1;3;944;518
1472;14;14;75;24;21;-12;63;5;6;0;0;3;1;135;73;37;57;67;61;71;155;65763;10942;3515;99.1;2.4;3.0;25.8;28.7;821;883;48.2;0.7;564;606;48.2;1.6;1;35;17
13516;221;221;80;5;36;1;139;3;9;0;3;11;8;120;21;71;126;73;67;73;196;82411;17041;13615;98.9;2.6;2.6;28.5;25.3;1119;959;53.8;1.0;768;683;52.9;0.4;0;0;0
1491;25;25;81;67;43;46;88;20;7;0;0;4;0;73;64;64;46;72;70;75;284;74820;22003;1847;104.8;4.9;2.3;36.0;26.6;1132;976;53.7;9.7;844;641;56.8;10.5;6;1352;715
1496;20;20;82;4;40;78;157;0;0;0;3;11;4;96;24;51;154;65;53;74;75;81207;1742;9227;107.7;4.9;1.7;31.3;21.0;1136;816;58.2;-0.3;812;542;60.0;0.1;0;0;0
1497;22;22;81;25;27;10;71;3;3;0;0;3;0;112;57;50;37;67;62;69;215;73753;5004;1599;102.0;2.8;2.3;26.1;26.5;871;942;48.0;3.5;616;643;48.9;2.7;4;32;13
1504;21;21;81;14;24;-25;91;11;10;0;0;5;2;122;39;26;31;67;61;68;105;53840;18161;113;96.8;1.9;3.0;23.8;27.1;626;724;46.4;0.8;418;477;46.7;2.1;1;8;5
1508;216;216;81;10;15;9;26;0;0;0;0;1;0;51;38;19;26;59;55;61;73;38237;694;4780;101.6;3.2;2.4;27.9;23.7;491;435;53.0;-0.6;337;281;54.5;1.1;3;82;37
1517;0;0;81;14;41;3;119;6;15;1;0;7;1;118;21;78;83;69;64;70;237;81762;21652;5354;98.4;3.0;2.8;32.3;25.5;1255;962;56.6;1.1;867;674;56.3;-0.4;3;0;0
1527;220;220;62;6;17;-9;70;3;5;0;0;4;0;116;25;54;81;66;58;74;143;58874;14727;5410;99.5;2.1;2.5;24.7;27.3;699;758;48.0;-0.5;478;536;47.1;-0.1;0;0;0
1528;20;20;82;56;57;74;65;20;9;1;0;1;0;117;93;48;40;77;73;73;321;69810;20018;1156;108.7;5.5;1.5;33.3;19.5;982;672;59.4;1.4;722;441;62.1;3.0;9;175;86
1538;217;217;78;21;31;14;135;3;10;2;0;11;6;189;48;34;26;71;64;71;169;61747;10807;982;102.3;3.2;2.0;31.4;25.7;925;737;55.7;6.2;636;517;55.2;6.0;2;37;18
1541;12;12;41;3;12;-11;34;0;2;0;0;0;0;47;9;25;82;63;54;72;47;40402;3232;5178;97.8;2.0;2.9;25.8;28.1;496;550;47.4;1.4;347;367;48.6;2.3;1;0;0
1542;224;224;82;6;10;3;67;0;0;2;0;3;0;87;53;46;56;64;52;72;69;42685;2221;15927;99.3;2.4;2.3;29.4;26.2;582;546;51.6;-1.5;416;371;52.9;-0.3;2;347;193
1550;23;23;28;2;6;-4;2;0;0;1;0;0;0;11;13;5;8;61;57;58;41;16726;103;213;97.4;2.2;3.2;28.2;31.6;243;244;49.9;-1.2;150;166;47.5;-4.9;0;0;0
1560;21;21;81;9;16;-20;62;1;3;1;0;4;2;106;35;60;66;64;55;73;101;64335;4224;11892;98.8;1.9;3.0;20.8;28.6;644;838;43.5;-3.0;429;596;41.9;-4.2;0;672;351
11994;17;17;80;9;16;-5;24;0;0;1;0;0;0;67;41;24;39;66;63;61;147;54412;671;2783;96.4;2.2;2.6;30.5;24.0;833;656;55.9;-0.3;554;429;56.4;0.8;1;1;0
1565;18;18;80;8;17;15;106;0;0;1;2;10;4;109;35;21;23;60;53;65;80;44268;1047;1582;105.5;2.9;2.0;24.3;29.8;555;611;47.6;-3.7;352;432;44.9;-5.2;1;36;14
1584;217;217;82;6;25;21;83;3;3;0;1;5;1;112;26;63;108;68;61;73;141;79500;11157;5349;103.0;3.2;2.1;30.6;28.3;1107;1015;52.2;2.7;792;733;51.9;3.0;1;1;0
1586;18;18;80;3;19;-11;106;0;1;0;1;6;0;117;15;46;72;57;53;63;69;72409;864;6968;100.3;2.8;3.5;25.8;32.4;947;1043;47.6;-4.4;622;774;44.6;-6.7;1;4;1
13518;10;10;81;14;13;14;43;0;0;0;0;3;0;44;33;26;24;64;60;61;126;52113;289;10;102.9;2.8;1.9;28.0;26.0;743;631;54.1;2.5;486;435;52.8;2.1;4;15;5
1588;220;220;81;12;29;-27;73;5;11;0;0;1;0;104;17;67;112;65;60;68;191;80173;16014;7874;97.5;2.8;3.8;28.6;30.8;1047;1088;49.0;0.9;732;791;48.1;0.8;4;2;0
1593;10;10;81;1;23;4;86;0;0;0;1;4;0;81;22;76;100;63;53;71;59;73574;1483;16262;100.5;2.4;2.3;25.7;26.6;955;942;50.3;-2.5;616;642;49.0;-3.0;0;0;0
1598;5;5;80;16;21;-14;87;2;7;2;0;5;3;138;73;43;52;69;63;69;147;68410;12923;4234;100.3;2.5;3.1;25.1;31.9;836;989;45.8;0.6;569;703;44.7;0.9;2;176;101
1611;20;20;56;4;28;41;115;0;0;0;1;9;1;92;20;44;79;63;56;71;59;58659;1408;8885;103.5;4.3;2.1;30.4;20.1;821;556;59.6;0.3;564;381;59.7;-1.3;1;0;0
1615;5;5;59;9;11;-10;52;2;1;0;2;4;0;49;39;36;37;63;54;71;66;37502;3172;13247;100.4;2.2;3.1;21.8;31.5;407;514;44.2;-2.2;268;362;42.5;-3.0;0;549;256
1626;22;22;81;2;11;-13;177;0;0;0;1;19;3;96;13;30;180;62;51;70;72;80381;1380;6064;99.0;2.1;2.8;22.3;27.1;841;1152;42.2;-5.3;589;728;44.7;-3.7;1;0;0
13520;5;5;21;1;2;-7;14;0;0;0;0;0;0;26;9;7;6;60;53;66;17;13429;780;2283;96.9;1.6;3.5;20.6;31.9;144;180;44.4;0.6;96;135;41.6;-0.4;0;109;52
1635;0;0;81;30;44;6;55;9;14;0;0;1;0;145;76;56;47;77;75;73;229;71251;21468;2366;98.7;3.4;3.0;32.5;25.2;1055;839;55.7;-0.3;762;564;57.5;1.4;6;102;45
1641;17;17;82;36;42;33;60;6;14;0;0;2;0;63;52;76;54;73;67;76;184;76510;22338;4688;103.9;3.6;1.7;31.4;22.2;1134;824;57.9;2.8;785;564;58.2;3.8;8;799;417
1651;3;3;81;41;31;45;66;1;3;1;0;0;0;71;66;53;36;66;60;68;191;76431;5445;1169;104.2;4.1;2.0;32.5;23.6;1134;918;55.3;5.7;797;591;57.4;6.3;10;825;414
1655;22;22;52;6;13;-14;96;4;5;0;1;8;3;72;7;35;78;68;63;71;105;46881;12689;4909;98.8;1.8;2.9;23.0;31.8;513;681;43.0;-2.5;353;478;42.5;-2.8;1;0;0
1661;14;14;66;8;27;-15;83;5;11;0;0;3;0;108;14;72;75;63;55;69;124;66637;11287;4664;99.8;2.7;3.3;26.2;31.2;836;953;46.7;-1.9;563;683;45.2;-3.1;2;0;0
1663;14;14;38;1;6;-25;102;0;1;0;0;6;0;31;9;16;53;55;51;61;30;33724;1110;3232;93.9;1.7;4.3;23.7;32.0;383;506;43.1;-4.2;255;354;41.9;-4.6;0;0;0
1665;21;21;81;8;19;-32;63;0;2;1;1;1;0;124;31;56;139;62;55;69;86;78597;4379;17354;96.9;2.1;3.5;23.7;30.0;866;1104;44.0;-2.6;602;756;44.3;-1.0;1;0;0
1667;214;214;74;2;29;0;103;1;3;0;1;8;2;87;15;43;112;65;60;72;95;79268;5053;4572;100.0;2.4;2.4;25.7;25.7;981;1026;48.9;0.7;657;683;49.0;-0.8;1;0;0
12404;214;214;81;20;18;20;48;0;1;2;3;4;2;62;44;27;45;62;56;66;114;51871;619;4094;104.4;2.9;1.9;24.8;25.5;627;693;47.5;-1.1;417;430;49.2;-0.1;3;496;233
1687;5;5;80;14;14;-13;22;1;0;1;0;0;0;105;68;41;26;60;54;65;111;48756;2090;10698;99.6;2.7;3.5;24.4;30.6;576;679;45.9;0.6;388;477;44.9;0.9;1;138;65
1693;22;22;81;5;27;16;108;2;4;0;1;8;2;89;18;63;157;66;52;76;77;78046;5465;8200;102.9;2.8;2.1;25.7;25.8;933;1028;47.6;2.9;640;656;49.4;3.4;1;0;0
1705;25;25;76;9;9;-4;50;0;0;0;0;4;1;90;38;12;17;57;53;60;72;36711;538;3259;100.6;2.6;3.0;22.8;27.7;387;530;42.2;-6.1;280;333;45.7;-5.2;1;25;12
1710;217;217;82;9;28;0;44;1;8;3;2;0;0;116;58;35;37;69;62;70;194;53242;14635;11185;101.4;2.2;2.2;25.9;30.9;664;774;46.2;-5.5;452;550;45.1;-6.2;2;46;23
1711;20;20;82;31;47;66;160;1;2;1;0;16;11;163;74;39;32;67;61;67;202;69041;6337;1129;107.5;5.3;1.8;33.1;21.2;1084;739;59.5;1.6;730;482;60.2;0.4;9;36;19
1712;224;224;82;13;28;0;148;2;13;0;0;11;10;174;67;25;17;68;60;70;123;50007;18819;0;100.5;3.0;2.3;31.0;25.5;749;605;55.3;3.2;511;418;55.0;2.5;3;0;0
1736;5;5;80;29;27;-24;41;8;14;0;0;1;0;108;71;36;38;71;66;69;220;66469;23762;1594;97.4;2.6;3.8;27.0;30.9;875;933;48.4;4.3;601;659;47.7;5.2;3;120;54
1738;10;10;81;31;33;-5;81;11;17;0;1;3;1;45;48;48;45;67;60;73;162;65398;23725;1274;99.7;2.9;2.5;31.9;26.6;990;809;55.0;4.1;680;570;54.4;4.7;2;1300;649
14055;8;8;69;9;25;7;54;1;8;1;1;4;0;125;53;37;51;66;60;72;108;54805;5875;4151;102.2;2.2;1.8;25.8;27.3;696;665;51.1;0.3;480;487;49.6;-0.2;2;33;22
1752;221;221;8;0;0;-2;0;0;0;0;0;0;0;6;1;3;2;60;54;66;4;3673;273;597;97.4;0.0;1.0;21.6;38.2;42;56;42.9;-9.7;24;44;35.3;-14.8;0;39;19
1765;16;16;81;15;25;1;161;4;8;0;0;9;2;219;54;39;37;71;59;77;172;63348;14679;5778;99.6;2.3;2.2;29.7;26.8;927;859;51.9;3.5;619;572;52.0;4.2;1;95;40
1784;14;14;69;23;20;-16;80;5;11;0;0;6;0;98;41;33;28;68;62;69;137;49596;17761;326;99.7;2.8;3.2;25.5;28.7;646;689;48.4;1.0;419;466;47.3;0.7;3;10;4
1790;11;11;81;6;15;2;104;0;0;1;1;10;3;116;39;27;27;61;55;66;104;53442;955;2733;99.6;1.8;1.8;26.8;26.4;765;655;53.9;3.9;478;457;51.1;3.8;2;143;70
1793;17;17;82;5;10;-2;33;0;1;1;1;3;0;44;52;40;48;61;52;69;60;32761;721;13134;99.4;2.2;2.6;25.1;28.1;413;427;49.2;-7.8;271;292;48.1;-8.5;2;415;205
1795;3;3;81;4;25;26;93;1;0;1;2;5;0;67;21;40;129;63;52;73;78;73593;1231;6780;102.7;2.9;1.9;27.5;23.8;948;929;50.5;-1.4;652;594;52.3;-1.3;1;0;0
1801;11;11;82;12;20;-4;74;1;4;0;1;6;2;67;77;64;38;65;57;72;137;69774;6135;4519;99.4;2.1;2.3;28.0;28.3;972;911;51.6;-1.6;635;632;50.1;-1.4;3;985;511
1802;221;221;29;0;7;1;66;0;0;0;0;4;0;35;6;20;28;59;53;66;33;24855;746;2271;101.8;2.8;2.5;23.9;25.3;319;280;53.3;2.4;194;202;49.0;-1.7;0;0;0
1810;216;216;81;30;41;10;46;7;15;0;1;0;0;96;43;42;26;78;77;69;168;69184;21702;1071;101.1;2.9;2.0;26.8;20.9;883;713;55.3;2.5;599;476;55.7;2.9;3;9;1
14525;26;26;79;6;19;10;97;3;3;1;1;5;0;88;28;51;201;67;53;77;127;80908;10824;9091;101.3;2.5;2.2;24.9;25.0;990;1147;46.3;-2.0;666;674;49.7;0.6;0;0;0
11997;5;5;39;6;11;-21;24;1;1;0;0;0;0;30;25;19;12;60;57;60;69;31257;3751;662;94.1;1.8;4.0;22.5;28.6;363;428;45.9;0.9;239;291;45.1;1.7;1;54;21
13021;22;22;81;11;14;-5;45;0;0;0;2;1;1;118;46;32;40;61;55;65;86;58449;391;4552;99.7;2.0;2.6;20.4;25.3;565;782;41.9;-4.8;385;497;43.7;-4.5;3;41;21
1838;19;19;80;1;9;-7;65;0;0;0;1;5;1;51;32;48;55;62;52;73;33;33635;423;17533;100.2;1.9;2.8;20.1;29.8;339;475;41.6;-8.9;225;332;40.4;-9.5;0;699;336
1842;217;217;82;58;37;6;75;21;11;0;1;1;0;93;90;54;42;74;68;69;305;72587;25037;1927;100.2;3.6;2.9;33.5;27.7;1095;958;53.3;4.4;790;685;53.6;5.4;8;1268;632
1845;11;11;75;8;8;-11;32;1;1;0;0;2;0;33;31;37;17;58;51;64;52;39241;1162;775;98.4;2.1;2.8;25.2;28.4;519;517;50.1;-1.0;323;363;47.1;-1.1;1;541;276
1846;17;17;77;5;19;5;53;0;0;1;1;1;0;70;10;49;65;59;53;66;76;67812;1029;7786;98.7;2.5;2.3;30.4;23.9;1023;776;56.9;1.2;672;521;56.3;0.8;2;0;0
1849;8;8;81;11;17;9;37;0;0;1;2;1;0;151;92;38;57;64;57;72;121;57253;861;17422;102.2;2.2;1.8;23.6;25.7;705;675;51.1;0.1;455;474;49.0;-1.2;1;23;8
1852;19;19;80;2;10;-16;98;0;1;0;0;6;0;101;15;40;163;63;52;71;78;82795;1819;16833;98.2;2.0;2.7;24.0;26.4;997;1013;49.6;0.4;651;704;48.0;-0.7;1;0;0
1853;17;17;73;27;37;20;71;6;19;0;1;0;0;72;55;73;32;71;63;79;159;67065;18946;7415;103.0;3.1;1.8;31.9;27.1;1056;835;55.8;2.1;697;597;53.9;1.1;5;1239;665
1855;18;18;35;0;11;-7;32;0;0;0;0;2;2;32;7;18;36;56;51;60;23;29264;134;2825;102.0;3.2;4.1;24.6;36.8;342;460;42.6;-8.3;228;355;39.1;-10.7;0;0;0
1856;221;221;71;7;15;8;38;0;1;0;0;2;0;103;34;15;18;62;57;63;75;44513;706;668;100.9;2.3;1.6;26.0;20.0;550;475;53.7;0.2;371;291;56.0;3.4;0;6;3
1859;21;21;81;9;10;-20;91;1;0;0;1;5;2;120;43;47;59;64;54;71;94;62885;1760;9990;97.8;1.5;2.7;20.4;28.4;618;825;42.8;-3.8;410;581;41.4;-4.8;0;198;92
1864;3;3;81;29;31;6;57;10;10;0;1;1;0;83;66;66;29;67;60;74;179;68524;22217;529;99.2;3.0;2.6;31.0;24.7;972;825;54.1;3.7;680;556;55.0;2.6;3;1117;544
1865;3;3;52;5;22;11;113;2;7;0;0;11;4;69;15;35;71;66;60;72;98;48860;9970;3623;100.6;3.1;2.1;31.4;23.1;674;577;53.9;2.7;487;375;56.5;4.0;0;0;0
1866;11;11;74;12;11;3;24;0;2;0;1;0;0;29;33;30;13;57;50;63;70;43085;537;1159;100.4;2.3;2.1;27.6;26.9;616;531;53.7;4.1;381;378;50.2;3.2;2;535;251
1869;15;15;82;10;48;6;72;5;19;0;0;4;0;99;19;86;121;73;68;74;179;91605;21320;5185;101.2;2.6;2.2;25.4;24.4;1091;1038;51.2;0.9;767;731;51.2;0.3;3;0;0
1871;220;220;67;41;24;6;91;14;10;1;0;5;1;155;81;47;34;76;70;71;204;53682;19001;3487;101.4;3.8;3.0;29.8;26.9;790;679;53.8;5.6;522;466;52.8;5.2;6;126;59
1872;10;10;81;14;22;-4;37;1;2;2;0;1;0;61;42;42;43;65;61;63;133;62495;6463;4498;99.5;2.4;2.8;26.3;28.5;780;849;47.9;-5.7;527;589;47.2;-5.2;5;42;15
1875;3;3;67;13;38;16;63;2;12;0;0;3;1;96;46;34;23;72;67;71;131;50619;16444;130;101.3;3.6;2.3;31.4;22.6;755;595;55.9;5.8;514;388;57.0;5.0;2;52;21
1893;221;221;8;1;0;-2;6;0;0;1;0;0;0;17;6;5;3;66;58;72;12;4849;1286;1028;91.7;0.7;3.0;26.0;26.7;72;56;56.3;5.1;46;36;56.1;6.0;0;2;1
14526;16;16;5;1;1;3;2;0;0;0;0;0;0;4;0;2;11;66;57;77;5;4629;77;125;109.2;3.1;0.8;24.9;23.3;54;65;45.4;2.6;37;40;48.1;0.3;1;0;0
14527;22;22;81;31;44;-4;62;4;19;1;0;2;0;152;61;53;40;68;60;73;231;68719;21490;6217;99.7;3.2;3.2;31.2;29.8;925;969;48.8;4.8;685;676;50.3;4.9;4;223;98
14529;15;15;82;26;30;13;53;7;13;0;0;5;0;88;48;61;29;73;67;73;131;71503;21291;1325;103.0;2.6;1.7;24.1;22.5;857;804;51.6;1.3;572;528;52.0;1.3;4;790;409
2491;22;22;81;11;26;-6;93;9;11;0;1;1;0;113;39;106;140;71;56;81;208;82598;21457;16142;100.6;2.0;2.1;23.8;27.5;892;1098;44.8;-1.2;629;762;45.2;-3.0;4;0;0
2495;9;9;59;1;12;-20;64;0;2;1;1;4;0;54;17;38;62;60;52;67;58;59145;3660;3728;98.8;1.6;3.0;20.0;32.2;575;847;40.4;-0.4;396;630;38.6;-3.1;0;0;0
2646;12;12;71;6;12;-15;69;1;1;0;0;5;1;132;33;21;19;62;55;65;96;44687;1371;1501;97.4;2.1;3.2;24.2;28.8;526;608;46.4;0.1;353;422;45.5;-0.9;1;11;2
2648;216;216;81;7;12;-1;29;2;2;1;0;1;1;46;35;26;9;60;54;60;67;39234;686;3403;99.3;2.8;2.9;27.0;26.1;511;474;51.9;-2.0;336;317;51.5;-2.6;2;315;156
2656;26;26;28;0;9;2;15;0;1;0;0;0;0;44;18;13;58;66;50;77;31;25351;1876;4176;100.5;2.3;2.3;24.6;26.0;316;335;48.5;1.7;202;214;48.6;-3.1;0;0;0
2665;11;11;47;1;12;-7;27;0;0;0;2;1;0;41;16;26;66;60;54;67;56;42488;592;4054;98.1;2.3;2.9;27.7;28.4;593;594;50.0;0.1;378;415;47.7;-0.2;0;0;0
2845;224;224;76;21;19;-6;61;0;1;0;0;5;1;101;68;46;34;63;58;66;175;62652;4117;2160;98.6;2.8;3.0;28.7;26.7;828;810;50.5;-3.2;586;548;51.7;-2.1;0;46;25
14542;14;14;62;8;13;-6;23;1;0;0;0;1;0;57;45;24;38;59;51;66;92;36063;233;10232;98.8;2.8;3.3;26.1;27.6;456;525;46.5;-2.6;307;343;47.2;-0.7;2;139;59
14549;16;16;81;0;14;-11;154;0;4;0;0;10;3;141;15;56;134;65;56;73;94;75292;8494;8291;98.4;2.1;2.6;25.5;26.6;938;1008;48.2;-1.8;627;650;49.1;0.1;0;3;0
13523;14;14;70;17;10;-10;22;1;1;0;0;0;0;46;49;56;28;63;52;72;91;47909;2144;7468;97.9;2.2;3.0;24.7;27.4;589;654;47.4;-0.7;387;428;47.5;0.6;3;680;333
14078;15;15;67;7;9;-3;16;0;0;0;0;0;0;61;35;27;25;60;52;64;46;30077;85;7562;101.1;2.3;2.6;21.1;27.2;306;386;44.2;-7.2;213;267;44.4;-7.3;0;187;102
14562;16;16;14;5;4;-4;13;2;1;0;0;1;1;10;6;5;3;62;56;63;26;9319;1528;186;93.4;2.7;4.2;25.5;24.7;120;118;50.4;2.8;80;79;50.3;2.0;0;115;60
14080;22;22;81;16;19;14;16;0;2;0;0;0;0;85;43;37;19;66;62;64;117;65052;4250;81;102.6;2.8;2.0;25.0;23.5;755;813;48.2;3.5;522;511;50.5;4.6;3;1;1
12001;23;23;81;30;31;-5;73;15;17;3;2;5;2;138;67;52;86;80;78;77;256;55915;24893;18694;97.9;2.3;2.5;32.6;27.7;801;734;52.2;-0.6;585;494;54.2;1.1;3;55;25
12002;15;15;54;0;10;-13;28;0;3;0;0;2;0;58;10;26;75;62;56;68;63;50815;1982;3573;95.7;1.4;2.3;25.9;23.9;635;590;51.8;2.9;441;397;52.6;3.7;0;0;0
12013;216;216;81;5;32;19;113;3;9;0;1;11;3;112;24;88;99;67;60;75;182;83929;18173;4586;101.8;3.3;2.2;28.9;22.9;1103;906;54.9;2.1;760;631;54.6;1.6;1;0;0
12016;26;26;33;2;9;9;37;0;1;0;1;1;1;34;14;24;47;65;58;74;57;28577;8032;2507;104.6;3.0;2.0;24.3;25.7;371;375;49.7;1.8;242;238;50.4;-0.5;1;17;6
12017;21;21;67;1;24;-33;106;1;8;0;0;6;2;89;18;45;87;62;57;66;103;66315;7069;4999;96.4;2.4;4.1;24.6;31.1;803;916;46.7;0.9;546;666;45.0;-0.8;0;0;0
12022;20;20;82;5;14;16;37;0;0;0;2;1;1;47;38;31;35;60;54;66;61;43989;483;6003;102.8;2.5;1.3;26.6;20.3;554;508;52.2;-7.6;383;299;56.2;-4.5;1;537;253
12023;12;12;55;2;13;-7;68;0;0;0;2;8;4;82;17;36;101;62;52;68;40;51292;1356;6186;98.1;2.5;3.3;25.5;28.0;610;684;47.1;-0.7;431;465;48.1;-0.2;0;0;0
12024;21;21;1;0;0;-2;0;0;0;0;0;0;0;0;0;1;0;54;50;48;0;501;0;25;66.7;0.0;14.4;7.2;43.1;3;10;23.1;-16.1;1;6;14.3;-31.2;0;0;0
12025;3;3;81;10;20;0;48;0;5;0;2;2;0;84;43;25;31;61;57;63;102;42106;3627;4825;98.0;2.5;2.7;26.2;23.9;500;523;48.9;-3.1;355;327;52.1;-1.4;1;13;6
12026;216;216;66;4;17;2;47;2;2;0;1;5;1;57;13;45;73;63;57;68;81;60921;3620;4237;100.2;2.8;2.7;25.1;24.1;744;688;52.0;-1.8;487;468;51.0;-2.3;0;0;0
12027;20;20;74;53;34;50;90;11;11;6;0;4;1;102;106;66;23;80;76;77;286;61375;16694;12453;106.7;4.5;1.6;31.6;21.6;851;604;58.5;-0.3;622;424;59.5;-1.3;8;190;84
12030;216;216;70;26;30;-1;87;4;15;0;0;5;1;73;46;46;27;70;65;71;119;57817;18019;809;99.6;2.9;2.4;27.3;21.8;778;635;55.1;1.3;508;423;54.6;0.7;7;647;360
12031;224;224;82;9;16;-7;47;0;0;0;0;1;0;118;65;43;31;61;56;65;109;65238;1549;1342;98.3;2.4;2.7;26.1;25.2;838;785;51.6;-1.6;559;520;51.8;-1.7;2;21;9
12034;221;221;80;9;16;-13;85;0;3;0;0;7;3;157;55;29;29;62;56;66;91;55207;3958;2053;95.8;2.1;2.9;24.8;22.8;708;632;52.8;-0.4;454;416;52.2;-0.6;1;61;33
12036;221;221;80;7;13;3;12;0;0;1;1;0;0;43;42;38;34;60;54;66;80;52709;549;1767;99.0;1.8;1.8;26.1;22.9;688;623;52.5;-0.9;449;401;52.8;0.2;1;580;307
12040;3;3;81;7;15;13;83;0;0;2;0;7;2;56;40;28;21;59;52;66;75;38827;163;4707;103.3;2.5;1.7;24.9;24.9;458;492;48.2;-3.8;320;314;50.5;-3.2;1;453;240
12042;3;3;81;18;17;2;29;4;2;0;0;1;0;107;66;28;44;65;60;66;152;63506;5203;3644;100.4;2.4;2.2;25.7;24.9;785;853;47.9;-4.8;536;528;50.4;-3.8;6;72;28
12043;9;9;57;9;11;-7;25;1;0;1;1;0;0;56;28;37;32;63;54;70;65;48322;3435;2817;101.3;1.6;2.1;19.4;29.2;463;693;40.1;-2.6;306;470;39.4;-3.2;2;375;182
12048;16;16;81;15;10;-14;110;2;1;0;0;8;2;123;84;48;52;66;56;74;141;64823;4730;17067;97.9;1.5;2.2;25.3;26.9;815;845;49.1;-0.5;530;592;47.2;-2.4;3;890;494
12049;16;16;67;7;5;-1;78;0;1;0;0;5;2;56;25;19;30;61;55;66;57;40503;3102;3407;100.5;2.4;2.5;22.5;24.4;430;499;46.3;-4.5;296;320;48.1;-2.6;1;379;199
12051;217;217;12;0;3;-4;0;0;0;0;0;0;0;7;1;5;15;64;58;63;15;10660;138;1761;94.0;1.4;2.7;31.7;26.3;164;142;53.6;6.5;112;97;53.6;8.1;0;0;0
12052;25;25;81;9;16;-20;40;2;3;0;0;0;0;122;79;56;83;66;57;73;114;68820;5909;13664;98.7;2.0;2.9;22.1;28.6;722;913;44.2;-4.3;509;621;45.0;-6.7;3;258;134
12053;216;216;81;28;28;2;152;11;12;0;2;10;2;119;90;61;81;69;59;81;170;65284;20837;15118;99.7;2.6;2.2;25.9;21.5;802;662;54.8;1.6;546;451;54.8;1.5;5;1132;579
12056;24;24;7;0;0;-4;5;0;0;0;0;1;0;3;3;2;0;54;50;57;1;3201;18;308;89.7;2.2;6.7;24.7;34.9;37;48;43.5;-0.5;26;35;42.6;-1.2;0;50;24
12059;5;5;80;2;15;-24;82;0;0;0;0;4;2;96;23;51;200;63;52;72;71;75566;1617;8634;97.9;2.0;3.2;23.2;29.9;850;1088;43.9;-2.3;582;710;45.0;1.4;0;1;0
12060;23;23;81;12;15;-8;39;2;2;0;2;3;1;88;51;34;26;63;57;65;110;53088;2571;3089;97.9;2.0;2.6;29.0;29.0;815;753;52.0;-0.9;511;493;50.9;-3.3;2;57;29
12061;23;23;81;4;25;-2;87;0;4;0;1;5;1;111;18;53;174;66;53;76;125;82399;8156;11239;99.1;2.4;2.6;30.0;29.4;1191;1106;51.9;-1.2;817;771;51.4;-3.1;0;1;0
12064;25;25;72;0;20;22;47;0;2;0;1;3;1;80;22;29;165;66;52;76;70;69998;1154;8247;103.6;3.3;2.2;27.6;25.9;835;929;47.3;-0.0;614;592;50.9;1.2;0;0;0
12065;21;21;81;2;13;-36;113;0;0;0;0;11;6;143;24;53;150;62;51;68;75;83505;1271;12049;95.8;2.0;3.6;23.9;28.2;949;1132;45.6;-0.2;653;763;46.1;1.7;0;0;0
12066;221;221;80;9;21;-1;62;4;5;0;2;4;1;84;24;44;152;64;58;71;162;81910;9977;8032;98.4;2.1;2.3;27.9;25.0;1114;962;53.7;0.8;748;641;53.9;1.8;3;0;0
12067;217;217;82;22;51;6;70;4;16;2;3;0;0;203;99;91;63;78;71;79;226;72947;24700;14052;99.7;3.6;3.1;33.1;27.4;1114;938;54.3;5.8;796;674;54.1;6.3;1;202;100
12071;224;224;82;3;20;-2;43;0;2;0;0;3;0;76;17;48;127;61;51;69;70;79958;1144;5815;99.3;2.3;2.4;26.4;25.7;1044;980;51.6;-1.9;706;669;51.3;-2.6;0;0;0
12072;221;221;80;8;32;17;133;2;9;1;2;11;7;98;25;49;86;65;60;70;128;79416;10649;10913;100.8;2.8;2.2;28.6;25.0;1082;911;54.3;1.7;735;655;52.9;0.3;2;0;0
12074;21;21;81;15;25;-23;181;1;0;2;0;17;7;215;96;54;81;67;58;74;186;67013;1703;16805;95.2;2.9;4.3;29.8;29.6;949;901;51.3;8.0;659;641;50.7;8.2;3;215;92
12075;19;19;80;19;25;-7;56;1;4;0;0;2;0;94;58;38;38;71;68;64;177;74190;5613;1128;98.2;2.4;2.7;26.8;25.5;971;868;52.8;5.1;650;605;51.8;4.8;0;13;5
12076;8;8;60;12;19;10;36;2;4;0;0;0;0;50;37;21;27;68;63;69;103;43396;17512;0;104.0;3.4;2.2;26.1;24.9;560;497;53.0;2.0;368;353;51.0;1.0;3;8;3
12079;216;216;81;5;28;21;69;1;3;0;1;3;1;83;19;77;139;66;59;73;111;86541;5402;15153;101.1;3.0;2.1;28.2;21.9;1129;903;55.6;3.1;775;613;55.8;3.4;1;0;0
12080;22;22;81;15;10;8;49;0;0;2;1;5;1;63;34;62;63;65;51;73;69;44012;1084;13593;103.2;2.5;2.0;22.8;26.9;470;608;43.6;-2.5;314;384;45.0;-2.6;2;571;261
12081;0;0;12;0;3;3;2;0;0;0;0;0;0;10;3;6;10;60;52;68;13;10190;13;973;100.2;3.2;2.1;28.6;19.4;145;96;60.2;6.5;95;64;59.7;5.1;0;0;0
12082;0;0;5;0;2;-2;4;0;0;0;0;0;0;6;1;7;5;65;59;72;12;5352;434;294;95.0;1.3;2.7;26.9;26.9;81;60;57.4;-1.8;48;46;51.1;-10.9;0;0;0
12088;22;22;79;6;12;-10;35;0;1;2;1;1;0;125;56;54;40;64;53;72;79;41390;625;17350;97.2;1.5;2.7;19.6;26.1;415;580;41.7;-4.8;266;355;42.8;-5.1;1;74;40
12090;10;10;2;0;0;-4;0;0;0;0;0;0;0;1;0;2;2;60;55;57;1;1779;78;40;80.0;0.0;8.1;20.2;40.5;21;31;40.4;-3.3;13;23;36.1;-4.5;0;22;12
12091;26;26;37;6;4;-12;18;0;0;0;0;0;0;34;30;10;11;65;62;63;88;29632;4420;0;96.1;2.4;3.6;24.9;26.7;387;391;49.7;2.8;243;255;48.8;0.7;1;6;0
12094;5;5;73;6;11;-21;113;0;0;0;0;11;10;31;35;25;15;57;51;60;53;43672;1261;848;97.7;1.9;3.6;21.8;33.1;488;674;42.0;-4.3;324;480;40.3;-5.0;1;555;270
12137;220;220;68;4;33;-10;108;2;14;0;1;6;2;153;21;71;81;68;60;77;155;64198;18686;6398;100.4;2.6;2.9;26.6;30.8;830;891;48.2;-0.4;553;632;46.7;-1.6;1;0;0
12238;23;23;79;5;17;2;69;3;3;0;2;3;1;78;18;72;84;61;54;69;103;79534;8479;10225;99.2;2.9;2.9;31.1;29.1;1162;1062;52.2;-1.0;811;742;52.2;-2.5;2;0;0
12251;224;224;16;2;2;1;7;0;0;0;0;1;1;19;7;4;1;60;53;61;15;8178;87;26;101.7;1.8;1.3;25.1;24.6;109;92;54.2;3.3;77;66;53.8;4.3;0;0;0
12255;26;26;79;4;21;-2;94;1;2;0;1;6;3;102;18;47;204;66;54;76;100;79004;6613;6551;98.2;2.4;2.6;26.4;23.6;1013;1056;49.0;2.0;671;621;51.9;3.9;1;0;0
12405;21;21;65;9;13;-19;51;1;0;0;1;3;2;108;30;26;32;61;55;65;78;50190;2256;1806;97.2;2.3;3.5;23.7;28.1;559;668;45.6;-0.6;383;457;45.6;0.2;3;41;18
12411;0;0;81;40;38;15;99;13;15;0;0;5;0;142;61;35;33;72;66;71;266;66314;22635;990;98.8;3.5;2.4;35.3;21.8;1123;741;60.2;6.2;766;479;61.5;7.1;9;6;3
12414;24;24;82;6;10;-37;84;1;2;1;0;6;3;147;17;79;72;61;53;67;103;82289;6214;6049;94.8;1.9;3.4;25.2;26.6;957;1004;48.8;4.5;676;714;48.6;3.1;0;0;0
12417;12;12;72;0;19;-17;121;0;4;0;2;10;6;115;33;42;162;65;51;73;104;71333;6702;12321;97.1;2.1;3.2;23.9;28.0;857;989;46.4;-0.1;572;661;46.4;-0.5;0;0;0
12420;26;26;81;24;22;1;26;5;6;1;0;2;0;69;78;56;47;67;60;74;140;72604;17570;1574;101.1;2.6;2.2;24.9;24.2;919;974;48.5;1.2;600;560;51.7;3.2;5;1092;607
12425;20;20;82;3;44;69;48;1;3;0;2;0;0;93;29;40;99;65;60;70;113;81608;5987;8019;107.1;4.5;1.7;30.2;21.7;1135;857;57.0;-2.1;795;570;58.2;-2.5;2;1;0
12426;12;12;71;6;29;-18;32;1;14;0;0;0;0;115;49;44;15;68;62;69;94;55606;17682;433;97.4;2.1;3.1;24.6;28.3;667;754;46.9;-0.9;447;509;46.8;-1.6;2;124;65
12427;11;11;82;17;16;-9;43;3;1;2;0;1;0;122;68;35;48;67;63;68;202;67244;6902;2994;97.1;1.9;2.5;30.2;27.1;970;843;53.5;1.1;647;587;52.4;1.8;3;17;4
12428;221;221;80;7;27;21;112;1;4;0;0;8;2;141;38;19;41;69;64;67;101;60739;2005;110;103.5;3.0;1.8;27.0;23.2;781;707;52.5;-0.9;530;460;53.5;1.1;1;17;9
12430;22;22;24;4;1;-2;10;0;0;0;0;0;0;17;7;5;8;56;51;60;22;12489;36;1489;101.8;2.6;3.2;19.9;28.2;138;186;42.6;-4.9;79;121;39.5;-10.4;1;27;13
12431;23;23;81;12;39;-4;137;5;21;0;2;5;1;69;18;89;201;68;55;79;171;77890;24680;16606;97.3;2.8;3.1;33.6;27.4;1195;1049;53.3;0.9;845;687;55.2;2.7;3;0;0
12434;224;224;1;0;0;-1;0;0;0;0;0;0;0;0;0;1;0;59;55;61;2;341;84;0;75.0;0.0;10.5;52.7;42.1;9;9;50.0;-1.5;6;5;54.5;7.9;0;2;1
12435;214;214;16;0;6;-5;23;0;0;0;0;1;1;19;3;11;28;63;53;69;12;14153;799;1513;96.2;1.8;3.1;24.9;28.0;171;186;47.9;0.1;112;131;46.1;-3.5;0;0;0
12436;214;214;81;3;14;14;66;0;0;0;0;2;0;87;21;34;180;64;51;73;63;78968;859;7409;102.1;2.8;2.2;24.7;24.3;944;1007;48.4;0.0;637;628;50.4;1.5;1;0;0
12438;19;19;80;12;12;-7;112;0;1;1;0;8;6;119;47;30;34;66;61;66;113;62933;1652;3107;99.8;2.2;2.6;22.4;26.7;720;806;47.2;-2.9;470;551;46.0;-3.4;4;111;57
12439;8;8;81;10;10;-7;68;0;1;1;0;4;2;121;83;38;68;64;56;72;103;51511;712;16663;97.9;1.9;2.4;25.0;25.3;606;615;49.6;-1.7;415;434;48.9;-1.3;2;345;155
12440;9;9;79;6;6;-18;54;0;0;0;0;4;2;83;35;15;23;58;52;62;78;46989;625;693;97.2;1.3;2.7;20.5;29.3;452;676;40.1;-1.7;308;440;41.2;-0.1;0;84;34
12441;220;220;81;7;18;-9;152;1;0;0;1;16;10;170;46;29;24;62;55;65;95;52680;2186;5495;98.9;2.5;3.2;24.7;28.4;632;716;46.9;-2.0;429;505;45.9;-2.1;1;62;25
12445;16;16;81;0;18;-23;112;0;3;0;1;10;7;104;19;39;210;67;52;76;100;79988;5410;11019;96.6;1.5;2.5;28.4;28.1;1050;1075;49.4;-0.0;747;730;50.6;2.4;0;0;0
12454;9;9;81;14;19;-18;70;1;2;0;0;6;3;140;43;51;46;62;54;67;119;74852;8077;1004;100.2;2.0;2.6;20.2;27.8;757;991;43.3;2.6;500;680;42.4;1.6;4;103;48
12455;22;22;81;26;27;11;45;4;2;1;0;3;0;44;42;55;41;65;59;67;135;69868;4785;3130;100.3;3.8;3.2;31.9;27.8;1031;963;51.7;9.3;722;632;53.3;9.5;3;841;415
12457;12;12;44;7;9;-26;47;1;5;0;0;1;0;63;11;33;45;63;59;68;89;44074;8032;4102;94.4;1.9;4.0;23.0;29.1;501;601;45.5;-1.7;344;426;44.7;-1.9;0;0;0
12458;224;224;79;21;15;-13;85;9;4;0;0;5;4;133;46;32;33;66;59;72;177;51358;21752;2455;97.4;2.1;2.5;29.4;25.2;739;602;55.1;3.0;483;411;54.0;1.1;4;278;142
12459;9;9;41;6;15;1;19;1;4;0;1;1;1;56;22;29;27;63;54;70;53;30924;3736;1443;100.7;2.2;2.2;22.6;24.2;349;392;47.1;6.9;232;251;48.0;8.6;1;34;15
12467;14;14;73;9;25;0;116;4;4;1;0;10;3;131;26;64;127;67;53;76;90;76370;7694;13280;101.2;2.5;2.5;24.5;26.8;945;973;49.3;1.9;633;675;48.4;1.8;0;0;0
12471;15;15;82;10;26;7;181;1;1;0;1;15;8;128;24;41;97;62;56;68;127;88994;4085;11058;100.3;2.8;2.5;25.8;24.3;1097;1002;52.3;2.5;748;699;51.7;1.1;1;0;0
12474;216;216;81;12;16;4;38;0;0;0;1;2;0;88;44;17;27;59;54;62;88;38935;782;5096;99.2;2.8;2.5;27.4;22.8;530;458;53.6;0.1;347;291;54.4;0.9;2;71;22
12475;9;9;72;5;11;-17;111;1;2;0;0;7;3;160;57;47;29;65;54;71;117;53247;10528;5096;97.9;1.8;2.8;23.3;28.7;606;725;45.5;6.0;399;507;44.0;4.4;0;51;22
12476;21;21;81;51;31;-17;53;14;11;0;1;1;0;82;44;63;31;68;62;72;198;72875;20193;2556;98.5;3.2;3.8;29.7;30.4;1029;1019;50.2;6.8;721;711;50.3;8.1;6;1264;674
12479;11;11;32;1;6;-6;25;0;0;0;1;3;0;32;13;16;40;63;56;69;31;29152;346;2963;98.4;2.0;2.7;26.7;30.3;401;416;49.1;-1.1;254;298;46.0;-3.0;0;0;0
12480;24;24;75;4;8;-22;33;0;0;0;1;1;0;42;29;48;32;59;51;65;40;39678;255;5410;94.8;1.5;3.6;24.2;31.3;451;548;45.1;-1.1;317;389;44.9;-2.4;1;541;252
12485;17;17;14;0;5;9;28;0;0;0;0;4;2;16;1;8;15;62;53;69;10;13083;134;971;106.0;4.7;2.2;27.5;20.1;185;144;56.2;-1.3;119;91;56.7;-0.0;0;0;0
12488;9;9;81;14;18;-39;89;6;8;0;3;7;2;150;91;65;44;66;54;74;175;63362;16107;14149;93.2;1.4;3.5;24.5;28.1;745;814;47.8;8.6;501;584;46.2;6.8;4;186;78
12489;18;18;80;5;24;7;191;0;2;2;7;16;7;137;28;64;124;65;54;74;93;80155;2124;16575;100.4;2.7;2.8;27.9;30.0;1077;1060;50.4;-0.3;752;781;49.1;-0.2;0;1;0
12493;15;15;45;0;11;4;39;0;0;0;1;3;1;52;8;17;68;61;52;68;31;35943;120;7690;102.8;2.9;2.6;21.5;24.3;387;440;46.8;-5.8;254;288;46.9;-5.3;0;0;0
12496;217;217;82;14;18;-9;64;0;5;1;2;2;0;63;61;60;40;63;57;68;163;61121;8727;5726;99.7;2.1;2.6;24.7;30.0;738;849;46.5;-5.2;510;615;45.3;-6.2;2;647;330
12497;214;214;18;1;3;0;17;0;1;0;0;1;1;23;15;4;2;58;52;60;14;8384;81;218;99.3;1.7;1.7;24.0;21.9;100;90;52.6;-0.5;68;60;53.1;-1.7;1;0;0
12501;220;220;81;34;42;-3;108;12;8;2;0;8;2;258;85;66;47;76;68;76;213;72193;23433;3614;100.1;3.4;3.3;29.0;28.5;1031;931;52.5;6.1;681;663;50.7;4.7;7;189;95
12503;23;23;5;0;2;-3;13;0;0;0;0;1;0;9;2;2;4;57;54;64;11;4506;681;879;95.3;3.2;4.8;38.3;36.8;70;71;49.6;-4.7;52;57;47.7;-5.2;0;0;0
12505;217;217;76;5;14;1;34;0;2;1;1;0;0;86;29;18;25;59;52;64;89;37825;1822;4161;101.5;1.8;1.7;26.3;32.0;446;528;45.8;-5.5;317;389;44.9;-5.9;0;10;4
12508;20;20;79;20;67;69;58;4;14;0;0;3;0;74;65;40;31;78;73;66;163;61069;12870;136;110.7;5.8;1.5;32.0;20.8;927;612;60.2;2.1;621;408;60.3;0.3;4;15;11
12511;20;20;75;2;32;65;92;1;0;0;0;6;1;61;15;29;71;63;58;68;77;67980;1244;3516;107.6;4.7;1.2;33.4;19.2;992;692;58.9;0.7;710;431;62.2;3.3;0;1;0
12512;220;220;50;1;12;-2;101;0;0;0;0;9;1;74;13;20;102;64;51;73;37;42636;426;5153;101.1;2.7;2.9;25.6;30.3;541;637;45.9;-2.8;354;422;45.6;-2.3;0;0;0
12513;8;8;71;17;25;7;36;1;5;0;0;1;0;113;76;40;38;63;56;69;123;63826;5325;1813;101.5;2.9;2.4;26.7;25.0;791;752;51.3;0.8;549;532;50.8;1.8;6;81;38
12514;224;224;64;4;13;15;70;0;0;0;0;6;3;83;13;33;127;64;52;73;63;61830;834;6390;101.7;3.3;2.4;30.0;26.1;859;812;51.4;-2.2;602;536;52.9;0.1;0;0;0
12516;9;9;78;7;20;-27;36;2;6;0;0;0;0;114;16;85;114;68;55;77;116;78911;14774;5382;98.5;1.8;2.9;21.8;29.0;815;1076;43.1;2.2;570;751;43.1;2.6;0;0;0
12518;224;224;76;2;21;-7;54;1;2;1;0;4;1;102;17;44;151;64;53;73;96;82323;5354;4794;97.8;2.1;2.4;28.8;25.3;1126;959;54.0;1.8;776;672;53.6;0.7;0;0;0
12520;25;25;29;1;10;-4;40;0;0;0;0;2;2;19;6;22;23;57;53;62;17;25896;392;2095;98.9;3.2;3.8;25.7;27.8;322;338;48.8;0.6;223;232;49.0;-2.2;1;0;0
12523;224;224;48;19;15;2;71;7;2;1;0;5;5;112;44;32;26;71;63;73;112;39990;12435;363;100.4;2.9;2.6;26.6;24.9;545;486;52.9;-0.4;359;322;52.7;-2.1;1;131;77
12530;16;16;24;0;5;-9;22;0;0;0;0;0;0;39;10;7;45;62;56;66;20;24216;500;1995;97.3;1.9;3.3;22.9;29.4;309;333;48.1;-4.4;192;233;45.2;-7.3;0;0;0
12534;9;9;76;5;7;-26;68;0;1;0;1;5;3;72;38;56;28;60;51;67;61;57038;2090;2459;98.0;1.3;2.9;15.9;29.1;424;821;34.1;-9.5;292;549;34.7;-8.1;0;598;279
12535;9;9;81;33;10;-11;49;10;1;3;0;1;1;82;88;76;46;68;53;77;183;72659;19691;12740;99.0;2.2;2.7;24.6;27.2;866;916;48.6;10.2;587;643;47.7;9.4;7;1183;622
12537;24;24;82;11;42;-10;160;3;15;0;0;12;3;200;70;32;61;70;63;76;159;65408;22985;606;98.3;2.5;2.8;28.8;26.9;870;860;50.3;6.3;615;569;51.9;7.6;2;137;51
12539;22;22;81;3;21;4;170;1;3;0;1;16;3;120;26;70;164;65;53;75;91;83371;5617;16962;100.6;2.7;2.6;26.0;26.6;961;1073;47.2;2.5;685;742;48.0;1.4;0;0;0
12540;12;12;73;15;25;-8;32;1;7;1;0;0;0;112;38;24;24;64;60;64;103;51505;6287;2280;99.2;2.7;3.3;25.4;29.3;661;699;48.6;2.4;438;489;47.2;0.5;2;37;13
12543;221;221;80;35;21;18;68;5;5;1;2;0;0;85;68;49;43;67;61;69;163;69182;8521;6317;102.1;3.2;2.3;28.7;25.5;917;827;52.6;-0.8;628;566;52.6;-0.1;9;961;466
12544;16;16;16;1;1;2;9;0;0;0;0;1;0;35;19;6;6;63;52;70;22;10106;0;1059;100.8;2.5;1.8;26.0;20.3;125;127;49.6;0.5;87;76;53.4;3.3;0;1;1
12549;224;224;82;16;28;14;44;0;7;0;0;2;1;126;51;38;39;71;66;72;155;59429;16344;214;103.2;3.1;1.9;29.3;24.8;870;695;55.6;3.7;565;474;54.4;1.7;2;36;14
12551;11;11;81;2;17;-8;114;0;2;0;3;6;0;109;19;57;167;65;58;74;143;81720;7388;6971;98.2;2.0;2.5;28.6;28.4;1112;1058;51.2;0.6;746;757;49.6;2.3;0;0;0
12625;5;5;41;3;11;-12;18;1;0;0;0;0;0;49;8;21;60;61;54;68;45;40409;2605;2765;98.8;2.0;2.9;23.0;29.1;466;549;45.9;0.8;309;383;44.7;1.0;0;0;0
12776;214;214;63;3;9;-11;7;0;0;0;0;1;1;46;34;32;15;58;51;63;43;29263;245;3767;96.7;1.8;3.2;21.9;27.2;303;402;43.0;-6.4;213;256;45.4;-4.9;0;333;183
13023;25;25;81;5;20;14;48;2;3;0;0;6;2;80;22;44;167;66;52;76;85;79565;6197;10992;102.4;2.8;2.1;27.7;27.5;983;1090;47.4;0.1;707;712;49.8;-0.2;1;0;0
13024;220;220;78;8;16;-12;79;2;1;0;0;7;5;128;48;21;23;61;56;64;95;47488;4650;1362;98.4;2.4;3.2;25.5;28.6;579;628;48.0;-0.8;399;427;48.3;0.8;1;7;0
13025;14;14;56;2;13;-14;57;0;0;0;0;3;2;32;15;36;97;58;51;64;55;54372;1595;3887;98.0;3.0;3.8;28.3;30.8;756;754;50.1;2.9;494;533;48.1;0.1;0;0;0
13032;15;15;82;3;18;7;49;1;0;0;1;3;1;91;19;46;174;65;54;73;78;77343;1552;13327;101.1;2.3;2.1;23.6;24.3;914;945;49.2;-2.2;626;617;50.4;-1.0;2;1;0
13034;8;8;81;7;19;9;106;0;1;0;0;6;1;96;20;56;100;64;58;72;98;75802;1209;17760;101.4;2.7;2.2;25.6;24.7;922;871;51.4;0.6;627;617;50.4;0.8;2;0;0
13037;16;16;81;15;20;-12;73;2;6;0;0;1;0;121;66;41;36;67;61;70;135;66289;10399;3010;98.4;1.8;2.4;25.4;27.0;892;890;50.1;0.9;552;601;47.9;-1.5;2;243;116
13040;25;25;81;14;13;2;41;5;1;0;0;3;1;55;29;30;30;60;54;66;88;46515;4706;1012;103.3;2.6;2.4;22.3;28.1;480;680;41.4;-7.3;344;422;44.9;-6.2;2;544;259
13041;19;19;55;0;8;-4;106;0;1;0;2;8;0;50;8;12;111;61;51;70;46;46257;393;4417;97.2;1.5;2.2;25.0;24.9;575;622;48.0;-1.4;374;387;49.1;1.5;0;1;1
13048;26;26;81;17;20;-8;49;2;2;2;0;1;0;141;72;34;47;65;60;67;153;67649;2511;5004;98.3;2.5;2.9;26.1;25.9;894;880;50.4;3.7;585;572;50.6;1.5;2;226;128
13050;25;25;81;38;46;35;54;7;16;0;0;2;0;105;65;53;29;74;70;70;238;64804;17870;570;104.0;4.8;2.6;36.2;27.8;1002;904;52.6;7.6;738;580;56.0;8.7;6;18;9
13054;221;221;80;2;21;-4;63;0;2;0;2;3;0;71;11;45;108;67;61;66;111;80899;6306;7263;99.0;2.3;2.5;24.5;24.7;999;972;50.7;-3.8;659;640;50.7;-2.9;1;0;0
13055;224;224;82;7;12;-16;37;0;0;0;3;1;1;85;71;75;86;68;53;78;126;62797;1395;15751;95.5;1.5;2.5;26.7;25.1;817;769;51.5;-1.8;547;522;51.2;-2.5;1;939;450
13056;19;19;80;9;36;-13;185;5;15;0;1;9;2;165;23;93;114;72;66;75;178;84154;19074;6455;99.0;2.5;3.0;24.4;26.8;1030;1032;50.0;1.0;676;730;48.1;-0.7;1;0;0
13061;18;18;80;7;25;29;70;1;5;0;1;0;0;90;18;59;149;66;58;76;105;83056;6547;5876;104.0;2.9;1.6;29.9;28.1;1192;1166;50.6;-0.1;805;787;50.6;2.1;1;0;0
13062;9;9;75;2;8;-21;44;0;1;1;1;2;0;62;17;43;136;62;51;71;47;67845;840;6014;97.9;1.2;2.6;18.4;29.9;647;979;39.8;-2.5;402;649;38.2;-4.3;1;0;0
13063;8;8;81;26;29;10;141;3;12;0;1;9;3;74;74;74;49;67;58;77;119;65344;24113;1424;102.5;3.1;2.3;26.1;24.4;805;750;51.8;1.1;575;524;52.3;3.4;6;1189;601
13066;214;214;81;18;16;-9;57;5;3;2;0;1;1;98;51;21;22;64;59;64;134;51513;5873;2246;98.2;2.2;2.7;23.7;24.3;588;654;47.3;-1.3;389;426;47.7;-2.0;5;18;8
13069;0;0;81;6;21;30;86;1;1;0;3;4;0;79;16;44;142;62;52;71;81;73528;1297;14948;100.5;3.2;2.2;31.1;21.7;1108;835;57.0;1.6;759;529;58.9;3.4;1;0;0
13071;26;26;67;2;18;-9;147;1;2;1;4;15;11;105;23;37;89;64;55;73;58;59921;1648;12161;99.7;2.0;2.8;22.6;29.4;730;814;47.3;-1.0;467;554;45.7;-5.0;0;0;0
13072;10;10;39;1;7;15;25;0;1;0;1;1;0;27;9;26;78;65;51;75;29;34616;235;6578;103.3;2.8;1.6;28.0;23.1;469;442;51.5;-1.4;313;272;53.5;2.4;0;0;0
13075;216;216;24;0;6;6;8;0;0;0;0;0;0;18;5;16;32;62;56;70;24;21721;88;1765;101.1;2.5;1.7;27.7;21.0;291;241;54.7;2.9;192;156;55.2;1.7;0;0;0
13078;16;16;41;7;12;-5;69;1;2;0;0;5;4;62;17;12;9;67;63;64;60;26731;3328;273;97.9;2.6;3.2;27.1;27.9;367;343;51.7;2.6;234;240;49.4;0.5;0;35;14
13079;26;26;79;12;13;-20;48;0;0;0;3;2;0;80;53;35;17;61;56;62;98;53108;2817;2613;94.9;2.0;3.5;24.0;26.0;629;761;45.3;-3.1;408;459;47.1;-2.9;0;260;142
13081;0;0;83;23;23;-32;75;1;11;0;1;5;0;100;40;82;50;67;60;71;171;74071;14282;2744;94.8;2.0;3.5;25.8;26.8;950;914;51.0;1.2;617;643;49.0;-0.7;4;999;526
13082;18;18;80;25;35;9;90;6;11;5;3;4;1;132;61;62;76;70;59;80;170;58810;19046;15703;102.6;3.1;2.3;27.7;27.4;795;790;50.2;-0.6;529;528;50.0;1.1;6;391;188
13090;24;24;82;11;12;-22;76;0;1;0;0;4;0;122;55;35;29;62;57;65;104;68957;6506;175;98.1;1.8;2.8;21.1;26.3;691;851;44.8;-1.4;491;589;45.5;-1.5;1;6;3
13099;11;11;73;29;39;5;118;10;14;1;3;4;0;190;76;72;76;79;69;87;240;64450;20458;15008;100.7;2.6;2.3;30.7;30.6;1017;907;52.9;2.7;647;653;49.8;1.9;4;159;83
13100;0;0;81;8;27;7;187;3;6;0;1;17;12;69;25;60;139;63;53;70;133;81896;9206;8864;99.7;3.3;2.9;29.8;25.5;1177;1023;53.5;-3.7;797;692;53.5;-4.6;4;0;0
13103;216;216;81;21;42;3;81;6;14;0;1;3;1;93;54;53;37;70;64;72;229;66229;20131;499;100.3;2.9;2.2;28.5;22.2;893;708;55.8;3.1;598;481;55.4;2.5;1;53;22
13108;25;25;81;17;51;14;70;7;17;0;0;4;0;74;25;85;150;69;63;78;193;88513;20187;6969;102.2;3.2;2.4;29.3;27.9;1131;1207;48.4;1.7;830;808;50.7;1.1;4;0;0
13110;25;25;81;11;16;-9;129;0;1;0;0;9;5;126;52;21;22;61;56;64;106;63256;4341;207;100.7;2.2;2.6;22.6;29.7;647;898;41.9;-7.3;461;605;43.2;-9.0;2;9;4
13113;11;11;81;5;20;-5;103;0;4;0;2;9;2;96;15;51;88;64;57;71;146;85562;5279;7835;98.9;1.7;2.0;27.6;28.1;1146;1086;51.3;0.8;763;783;49.4;1.9;0;0;0
13120;16;16;69;8;17;-20;120;3;5;0;0;8;2;196;57;33;31;68;59;74;119;54114;13982;3574;96.2;1.7;2.8;28.0;28.8;763;703;52.0;3.4;507;503;50.2;1.9;2;32;18
13121;10;10;38;7;2;7;55;0;0;0;0;3;2;10;29;17;15;59;52;66;39;21618;357;3070;102.8;3.2;2.0;31.0;27.0;358;270;57.0;4.7;229;196;53.9;2.0;0;266;156
13122;26;26;81;20;14;-2;42;0;3;2;2;2;0;139;76;38;83;68;61;75;175;65480;4776;15482;98.5;2.1;2.5;25.0;25.1;841;877;49.0;1.7;543;534;50.4;1.3;1;299;128
13125;14;14;71;4;23;-20;122;0;6;1;0;12;6;95;24;61;167;66;52;75;83;73112;8144;12249;99.5;2.6;3.4;24.6;30.7;890;1055;45.8;-3.2;602;728;45.3;-2.6;0;0;0
13131;10;10;81;7;27;-6;74;2;4;2;0;4;0;63;22;46;150;63;57;70;98;75440;5212;11048;98.0;2.6;3.0;27.9;26.4;1039;943;52.4;0.5;694;657;51.4;0.4;3;0;0
13342;20;20;59;6;12;12;30;0;0;1;1;1;0;33;19;11;17;61;56;59;52;24952;417;547;101.8;3.0;1.7;27.7;18.9;347;261;57.1;-1.4;235;153;60.6;0.2;2;16;9
13525;22;22;81;10;47;-14;101;2;21;1;1;3;0;127;19;96;172;70;57;79;142;85492;21740;7136;99.1;2.5;3.2;22.9;26.6;943;1180;44.4;-1.9;645;748;46.3;-1.3;4;4;1
13530;15;15;82;13;34;10;47;4;7;1;0;1;0;101;52;26;44;70;65;65;136;72326;8036;1189;101.3;2.6;2.1;25.7;23.7;917;840;52.2;2.2;617;566;52.2;1.6;2;91;53
13533;14;14;81;4;17;8;78;0;2;0;0;4;1;85;25;50;127;62;52;70;83;78403;2201;8463;101.0;2.8;2.4;26.7;25.0;1002;1031;49.3;2.3;668;654;50.5;5.1;1;0;0
13534;14;14;58;1;7;-12;18;0;0;0;0;2;0;30;25;15;21;56;50;61;33;28450;306;4666;98.5;2.0;3.5;22.5;33.8;305;472;39.3;-10.7;207;317;39.5;-10.2;0;278;121
13537;24;24;82;4;37;-29;61;2;19;0;0;3;1;116;25;73;156;71;63;76;146;88687;23816;14879;98.3;1.8;2.9;23.0;29.8;942;1251;43.0;-4.6;650;848;43.4;-5.0;0;0;0
13546;25;25;81;13;5;-21;27;0;0;0;0;3;1;55;32;34;14;56;52;60;87;58526;669;3506;96.0;1.6;2.9;23.1;26.4;660;780;45.8;-2.0;447;505;47.0;-3.9;2;588;245
13547;24;24;82;2;13;-22;70;0;0;1;1;4;2;78;21;57;170;62;55;70;81;84888;1674;15289;97.5;2.0;3.0;24.2;28.0;954;1143;45.5;-0.5;665;773;46.2;-0.5;0;0;0
13553;14;14;52;6;15;-16;28;5;4;0;0;0;0;46;29;25;13;60;54;66;98;24986;10789;278;97.7;2.2;3.9;23.6;33.9;282;378;42.7;-4.1;189;268;41.4;-5.2;0;99;45
13556;224;224;1;0;0;0;0;0;0;0;0;0;0;2;2;2;1;78;46;90;2;592;0;134;100.0;0.0;0.0;6.1;24.3;5;8;38.5;-4.4;2;5;28.6;-20.0;0;7;3
13560;24;24;79;7;11;-24;42;0;0;0;0;2;1;83;43;37;33;60;55;62;79;53788;372;623;97.2;1.7;3.3;19.1;28.0;547;715;43.3;-3.5;350;482;42.1;-5.8;0;4;2
13561;21;21;77;8;25;9;165;5;5;0;0;15;5;90;15;47;155;65;56;73;129;74293;8554;7702;100.3;3.3;2.8;30.2;26.1;1041;940;52.5;1.5;738;638;53.6;2.4;0;0;0
13567;14;14;71;9;21;-9;63;0;1;0;0;5;2;124;57;43;72;65;54;73;116;52974;2259;13862;98.0;2.7;3.3;26.8;27.4;697;720;49.2;1.7;455;467;49.3;3.0;0;101;44
13570;14;14;62;10;6;-10;23;0;1;0;0;1;0;41;31;19;27;57;53;59;79;37123;657;927;97.1;2.2;3.1;24.9;26.3;471;486;49.2;3.5;298;331;47.4;2.2;1;15;7
13572;221;221;80;6;18;11;71;0;1;0;2;1;1;79;17;41;147;63;52;72;78;78836;1391;5482;100.9;2.3;2.0;24.9;23.3;995;953;51.1;-3.1;645;595;52.0;-1.0;1;0;0
13574;20;20;52;10;7;7;10;0;1;0;1;0;0;39;29;16;13;60;56;62;70;27179;596;2091;100.9;2.4;1.6;26.2;19.5;352;285;55.3;-3.1;231;179;56.3;-3.1;1;65;30
13578;26;26;81;6;8;-12;48;0;1;0;0;4;0;69;55;23;34;59;52;64;102;45722;2328;7454;96.8;1.5;2.4;22.8;25.0;536;611;46.7;-1.2;346;371;48.3;-1.5;2;184;91
13579;24;24;82;28;34;3;59;11;9;2;1;1;0;97;58;51;43;69;63;72;169;61242;19221;3657;99.3;3.0;2.8;30.3;26.5;829;802;50.8;6.9;590;519;53.2;9.1;4;91;45
13583;15;15;82;19;21;23;36;0;1;0;0;0;0;79;57;28;42;69;65;64;167;72041;2472;2793;104.1;3.2;2.0;25.4;24.2;908;834;52.1;2.1;613;554;52.5;2.1;1;41;21
13587;216;216;81;17;29;7;68;3;2;1;0;2;0;80;57;60;37;63;56;68;110;64216;5118;4318;101.1;3.4;2.7;26.6;23.4;795;716;52.6;-1.3;540;489;52.5;-1.6;4;692;363
13588;216;216;81;16;29;8;48;0;4;0;0;4;2;87;55;31;23;69;65;61;153;66763;4603;338;100.7;3.0;2.4;25.9;22.6;850;739;53.5;-0.1;557;493;53.0;-0.8;2;18;13
13597;216;216;81;4;17;9;82;0;0;1;2;4;0;77;16;45;164;63;53;71;90;82987;1629;15007;99.7;2.8;2.6;25.3;23.2;1001;955;51.2;-3.6;679;630;51.9;-2.7;2;0;0
13598;24;24;81;10;19;-22;62;3;15;0;0;4;2;85;27;27;12;64;58;69;176;40658;23092;114;95.7;1.7;3.4;24.3;29.9;462;560;45.2;-0.7;315;387;44.9;-2.0;1;10;4
13600;22;22;81;7;9;-14;36;0;0;2;1;0;0;64;35;34;26;58;53;61;93;55070;382;4036;96.9;1.4;2.6;19.5;24.8;534;704;43.1;-3.2;354;454;43.8;-4.2;1;77;35
13602;12;12;68;2;12;-25;70;0;1;0;1;4;1;82;13;37;127;61;52;69;58;67698;3544;7066;96.5;2.2;3.6;24.7;28.9;807;923;46.6;0.1;541;634;46.0;-0.8;1;0;0
13604;224;224;42;10;7;5;20;0;0;0;0;1;0;37;21;21;22;60;52;67;47;23232;96;2773;101.4;2.8;2.0;30.1;25.6;322;311;50.9;-2.3;225;199;53.1;1.0;2;258;128
13605;14;14;76;3;12;7;83;0;2;0;0;5;2;96;26;43;126;64;52;72;69;74226;1153;9259;101.4;2.5;2.2;24.5;25.9;910;934;49.3;1.7;601;630;48.8;1.9;1;0;0
13613;19;19;18;0;1;-4;32;0;0;0;0;2;1;19;3;11;20;61;51;68;12;16074;281;1387;95.9;1.1;2.0;25.5;23.7;207;198;51.1;-1.7;140;130;51.9;0.7;0;0;0
13615;23;23;44;8;8;0;29;0;0;0;0;1;0;47;28;9;21;58;53;62;76;29808;512;0;98.8;2.2;2.2;30.2;26.0;461;419;52.4;-1.2;302;258;53.9;-0.5;1;0;0
13625;19;19;80;23;27;9;51;2;2;2;1;3;0;73;47;49;34;66;59;68;93;62746;6574;5124;101.1;2.8;2.5;25.0;24.2;778;723;51.8;3.4;509;506;50.1;2.2;8;761;403
13626;18;18;80;17;14;8;33;1;1;1;0;1;1;66;31;38;28;61;54;66;89;48509;1535;1909;103.4;2.7;2.1;26.0;30.1;637;641;49.8;-1.0;410;464;46.9;-2.8;4;586;299
13627;15;15;82;8;23;12;205;3;3;0;0;19;9;124;15;47;90;69;64;71;153;84506;10871;5899;102.3;2.2;1.6;24.8;24.9;1026;996;50.7;0.1;713;686;51.0;-0.1;3;0;0
13715;16;16;12;0;1;-1;11;0;0;0;0;1;0;21;9;6;32;67;51;78;9;11095;433;2736;97.1;2.3;2.6;30.5;25.0;151;148;50.5;2.9;110;92;54.5;6.8;0;0;0
13769;224;224;75;5;38;-2;62;2;13;0;0;3;0;107;17;76;101;67;60;75;147;72568;17607;4554;99.6;2.5;2.2;28.8;24.7;1024;864;54.2;1.8;692;581;54.4;2.0;1;0;0
13788;16;16;40;5;5;-13;26;1;0;0;0;0;0;57;26;16;9;60;56;63;71;32024;1784;1196;94.5;1.7;3.1;28.4;27.4;458;424;51.9;3.7;299;286;51.1;3.9;0;4;0
13841;220;220;1;1;1;3;0;0;0;0;0;0;0;1;0;1;0;73;71;68;3;496;0;0;137.5;21.8;0.0;58.0;29.0;10;6;62.5;8.9;8;5;61.5;9.6;0;0;0
14094;0;0;81;9;19;-5;27;0;1;0;0;1;0;66;37;21;25;65;61;59;129;56234;2883;406;95.4;2.9;3.2;31.9;23.5;871;653;57.2;1.6;588;426;58.0;1.9;0;2;0
14100;8;8;67;4;9;0;69;1;0;0;0;4;2;80;9;30;86;62;56;68;66;61754;1749;4327;100.0;2.3;2.3;26.1;26.1;757;766;49.7;-1.7;522;533;49.5;-0.8;1;1;1
14111;16;16;5;1;1;1;4;0;0;0;0;0;0;5;1;3;4;63;56;70;6;3717;136;162;104.7;1.9;1.0;22.3;24.2;42;59;41.6;-2.7;28;32;46.7;-1.6;0;0;0
14112;19;19;80;32;39;9;40;14;15;1;0;0;0;104;95;39;41;75;75;70;254;66968;19727;279;100.5;2.7;2.2;29.6;25.2;990;845;54.0;6.8;638;546;53.9;7.7;2;3;1
14130;10;10;10;0;2;2;4;0;0;0;0;0;0;3;1;5;21;62;51;72;5;7887;90;2308;102.1;2.7;1.8;27.8;23.7;99;92;51.8;-3.5;69;60;53.5;-1.6;0;0;0
14132;24;24;42;2;6;-21;31;0;0;0;0;3;1;31;18;20;42;61;55;61;46;40359;958;2948;94.0;1.6;3.7;23.5;28.5;456;487;48.4;2.2;312;369;45.8;-1.0;1;0;0
14135;216;216;81;17;31;24;31;2;4;1;0;1;0;66;44;32;21;68;63;65;107;64195;8223;821;104.3;3.1;1.6;26.9;21.9;786;647;54.8;1.7;545;451;54.7;1.4;3;250;136
14138;22;22;81;3;11;-13;53;0;0;0;0;3;0;45;34;41;10;57;51;63;49;52782;369;1778;98.6;1.6;2.5;19.0;25.2;494;684;41.9;-4.7;326;444;42.3;-6.0;0;574;267
14143;9;9;69;5;13;-31;28;1;2;0;1;0;0;85;25;53;149;65;52;75;56;66206;4143;6690;95.9;1.3;2.9;21.5;28.4;681;929;42.3;1.5;467;612;43.3;3.3;1;132;46
14146;0;0;81;7;41;13;101;0;4;0;0;7;2;100;66;43;19;65;59;66;152;68099;10334;315;99.2;3.2;2.4;32.5;22.5;1037;730;58.7;3.9;728;493;59.6;4.3;0;545;268
14147;8;8;81;5;32;6;50;2;11;1;0;0;0;73;24;74;125;69;62;77;196;82969;23060;11119;101.3;2.4;2.0;26.4;25.9;1021;956;51.6;1.0;714;703;50.4;0.8;1;1;0
14574;25;25;22;1;10;8;6;0;1;0;0;0;0;29;7;10;35;63;53;71;21;22464;146;1577;104.3;3.8;2.6;26.9;25.6;248;297;45.5;-4.9;180;195;48.0;-6.1;0;0;0
14588;16;16;5;0;3;3;2;0;0;0;0;0;0;5;0;1;10;68;54;79;5;4498;151;341;108.1;3.2;0.8;28.0;24.0;53;66;44.5;1.4;37;36;50.7;3.9;0;0;0
14593;221;221;19;3;2;0;22;0;0;0;0;2;1;19;8;5;5;64;60;63;26;11287;229;470;98.9;2.6;2.6;28.7;25.5;172;132;56.6;7.4;108;92;54.0;6.8;0;5;2
14622;12;12;76;43;26;-19;40;19;9;0;2;2;0;86;67;89;36;71;63;76;195;68357;20946;2315;96.3;2.6;3.6;26.8;26.4;841;876;49.0;3.5;602;588;50.6;5.4;8;1133;597
15075;25;25;81;3;26;13;122;0;1;0;0;10;5;93;21;35;200;64;52;74;72;78668;2206;11932;101.8;3.2;2.6;26.8;25.3;945;1038;47.7;0.5;693;650;51.6;2.4;2;0;0
15078;16;16;12;4;5;-1;11;1;2;0;0;1;0;23;6;4;2;65;60;68;17;7807;1879;145;100.2;3.2;3.7;28.1;32.7;102;122;45.5;-4.0;68;77;46.9;-4.0;0;7;4
15107;14;14;77;14;30;-5;33;1;12;0;0;1;1;104;29;36;29;68;62;68;123;59039;17227;449;101.7;2.7;2.4;25.4;27.6;757;797;48.7;1.4;481;529;47.6;1.0;1;51;32
