PlayerId;Team;NTC;NMC;ELC;UFA;Scholarship;Average Salary;Major 1999;Major 2000;Major 2001;Major 2002;Major 2003;Major 2004;Major 2005;Major 2006;Major 2007;Major 2008;Major 2009;Major 2010;Major 2011;Major 2012;Minor 1999;Minor 2000;Minor 2001;Minor 2002;Minor 2003;Minor 2004;Minor 2005;Minor 2006;Minor 2007;Minor 2008;Minor 2009;Minor 2010;Minor 2011;Minor 2012
23;3;No;No;No;No;-;2970000;2970000;2970000;2970000;-1;-1;-1;-1;-1;-1;-1;-1;-1;-1;-1;-1;-1;-1;-1;-1;-1;-1;-1;-1;-1;-1;-1;-1;-1
109;21;No;No;No;Yes;-;2540000;2540000;2540000;2540000;2540000;-1;-1;-1;-1;-1;-1;-1;-1;-1;-1;-1;-1;-1;-1;-1;-1;-1;-1;-1;-1;-1;-1;-1;-1
111;14;No;No;No;No;-;290000;290000;290000;290000;-1;-1;-1;-1;-1;-1;-1;-1;-1;-1;-1;-1;-1;-1;-1;-1;-1;-1;-1;-1;-1;-1;-1;-1;-1
11978;5;No;No;No;No;-;1180000;1180000;1180000;1180000;-1;-1;-1;-1;-1;-1;-1;-1;-1;-1;-1;-1;-1;-1;-1;-1;-1;-1;-1;-1;-1;-1;-1;-1;-1
11979;221;No;No;No;No;-;3120000;3120000;3120000;3120000;-1;-1;-1;-1;-1;-1;-1;-1;-1;-1;-1;-1;-1;-1;-1;-1;-1;-1;-1;-1;-1;-1;-1;-1;-1
178;220;No;No;No;Yes;-;2550000;2550000;2550000;2550000;-1;-1;-1;-1;-1;-1;-1;-1;-1;-1;-1;-1;-1;-1;-1;-1;-1;-1;-1;-1;-1;-1;-1;-1;-1
189;9;No;No;No;Yes;-;1250000;1250000;-1;-1;-1;-1;-1;-1;-1;-1;-1;-1;-1;-1;-1;-1;-1;-1;-1;-1;-1;-1;-1;-1;-1;-1;-1;-1;-1
206;18;No;No;No;Yes;-;4580000;4580000;4580000;4580000;4580000;-1;-1;-1;-1;-1;-1;-1;-1;-1;-1;-1;-1;-1;-1;-1;-1;-1;-1;-1;-1;-1;-1;-1;-1
217;214;No;No;No;Yes;-;1650000;1650000;1650000;1650000;-1;-1;-1;-1;-1;-1;-1;-1;-1;-1;-1;-1;-1;-1;-1;-1;-1;-1;-1;-1;-1;-1;-1;-1;-1
246;224;No;No;No;Yes;-;1050000;1050000;1050000;1050000;-1;-1;-1;-1;-1;-1;-1;-1;-1;-1;-1;-1;-1;-1;-1;-1;-1;-1;-1;-1;-1;-1;-1;-1;-1
11983;8;No;No;No;No;-;2330000;2330000;2330000;2330000;-1;-1;-1;-1;-1;-1;-1;-1;-1;-1;-1;-1;-1;-1;-1;-1;-1;-1;-1;-1;-1;-1;-1;-1;-1
385;5;No;No;No;Yes;-;1420000;1420000;1420000;1420000;-1;-1;-1;-1;-1;-1;-1;-1;-1;-1;-1;-1;-1;-1;-1;-1;-1;-1;-1;-1;-1;-1;-1;-1;-1
401;221;No;No;No;Yes;-;2610000;2610000;2610000;2610000;-1;-1;-1;-1;-1;-1;-1;-1;-1;-1;-1;-1;-1;-1;-1;-1;-1;-1;-1;-1;-1;-1;-1;-1;-1
412;10;No;No;No;Yes;-;2700000;2700000;-1;-1;-1;-1;-1;-1;-1;-1;-1;-1;-1;-1;-1;-1;-1;-1;-1;-1;-1;-1;-1;-1;-1;-1;-1;-1;-1
413;9;No;No;No;Yes;-;280000;280000;280000;-1;-1;-1;-1;-1;-1;-1;-1;-1;-1;-1;-1;-1;-1;-1;-1;-1;-1;-1;-1;-1;-1;-1;-1;-1;-1
13495;18;No;No;No;No;-;1930000;1930000;1930000;1930000;-1;-1;-1;-1;-1;-1;-1;-1;-1;-1;-1;-1;-1;-1;-1;-1;-1;-1;-1;-1;-1;-1;-1;-1;-1
431;18;No;No;No;Yes;-;640000;640000;640000;-1;-1;-1;-1;-1;-1;-1;-1;-1;-1;-1;-1;-1;-1;-1;-1;-1;-1;-1;-1;-1;-1;-1;-1;-1;-1
12996;221;No;No;No;No;-;1720000;1720000;1720000;1720000;-1;-1;-1;-1;-1;-1;-1;-1;-1;-1;-1;-1;-1;-1;-1;-1;-1;-1;-1;-1;-1;-1;-1;-1;-1
12998;19;No;No;No;No;-;635000;635000;635000;635000;635000;-1;-1;-1;-1;-1;-1;-1;-1;-1;-1;-1;-1;-1;-1;-1;-1;-1;-1;-1;-1;-1;-1;-1;-1
12393;5;No;No;No;No;-;280000;280000;280000;280000;-1;-1;-1;-1;-1;-1;-1;-1;-1;-1;-1;-1;-1;-1;-1;-1;-1;-1;-1;-1;-1;-1;-1;-1;-1
593;14;No;No;No;Yes;-;2340000;2340000;2340000;2340000;-1;-1;-1;-1;-1;-1;-1;-1;-1;-1;-1;-1;-1;-1;-1;-1;-1;-1;-1;-1;-1;-1;-1;-1;-1
612;19;No;No;No;No;-;700000;700000;700000;-1;-1;-1;-1;-1;-1;-1;-1;-1;-1;-1;-1;-1;-1;-1;-1;-1;-1;-1;-1;-1;-1;-1;-1;-1;-1
625;0;No;No;No;Yes;-;2030000;2030000;2030000;2030000;-1;-1;-1;-1;-1;-1;-1;-1;-1;-1;-1;-1;-1;-1;-1;-1;-1;-1;-1;-1;-1;-1;-1;-1;-1
648;3;No;No;No;No;-;1990000;1990000;1990000;1990000;-1;-1;-1;-1;-1;-1;-1;-1;-1;-1;-1;-1;-1;-1;-1;-1;-1;-1;-1;-1;-1;-1;-1;-1;-1
694;11;No;No;No;Yes;-;2250000;2250000;2250000;2250000;-1;-1;-1;-1;-1;-1;-1;-1;-1;-1;-1;-1;-1;-1;-1;-1;-1;-1;-1;-1;-1;-1;-1;-1;-1
724;5;No;No;No;No;-;1140000;1140000;1140000;1140000;-1;-1;-1;-1;-1;-1;-1;-1;-1;-1;-1;-1;-1;-1;-1;-1;-1;-1;-1;-1;-1;-1;-1;-1;-1
774;21;No;No;No;Yes;-;3540000;3540000;3540000;3540000;-1;-1;-1;-1;-1;-1;-1;-1;-1;-1;-1;-1;-1;-1;-1;-1;-1;-1;-1;-1;-1;-1;-1;-1;-1
13503;19;No;No;No;No;-;1600000;1600000;1600000;1600000;1600000;-1;-1;-1;-1;-1;-1;-1;-1;-1;-1;-1;-1;-1;-1;-1;-1;-1;-1;-1;-1;-1;-1;-1;-1
855;17;No;No;No;Yes;-;2360000;2360000;2360000;2360000;2360000;2360000;-1;-1;-1;-1;-1;-1;-1;-1;-1;-1;-1;-1;-1;-1;-1;-1;-1;-1;-1;-1;-1;-1;-1
856;16;No;No;No;No;-;295000;295000;295000;-1;-1;-1;-1;-1;-1;-1;-1;-1;-1;-1;-1;38350;38350;-1;-1;-1;-1;-1;-1;-1;-1;-1;-1;-1;-1
871;16;No;No;No;No;-;280000;280000;280000;-1;-1;-1;-1;-1;-1;-1;-1;-1;-1;-1;-1;-1;-1;-1;-1;-1;-1;-1;-1;-1;-1;-1;-1;-1;-1
908;11;No;No;No;Yes;-;2820000;2820000;2820000;2820000;-1;-1;-1;-1;-1;-1;-1;-1;-1;-1;-1;-1;-1;-1;-1;-1;-1;-1;-1;-1;-1;-1;-1;-1;-1
13005;5;No;No;No;No;-;320000;320000;320000;320000;-1;-1;-1;-1;-1;-1;-1;-1;-1;-1;-1;-1;-1;-1;-1;-1;-1;-1;-1;-1;-1;-1;-1;-1;-1
13505;23;No;No;No;No;-;1600000;1600000;1600000;1600000;1600000;1600000;-1;-1;-1;-1;-1;-1;-1;-1;-1;-1;-1;-1;-1;-1;-1;-1;-1;-1;-1;-1;-1;-1;-1
989;20;No;No;No;No;-;2800000;2800000;2800000;2800000;-1;-1;-1;-1;-1;-1;-1;-1;-1;-1;-1;-1;-1;-1;-1;-1;-1;-1;-1;-1;-1;-1;-1;-1;-1
1022;9;No;No;No;Yes;-;3300000;3300000;-1;-1;-1;-1;-1;-1;-1;-1;-1;-1;-1;-1;-1;-1;-1;-1;-1;-1;-1;-1;-1;-1;-1;-1;-1;-1;-1
13008;17;No;No;No;No;-;475000;475000;475000;475000;-1;-1;-1;-1;-1;-1;-1;-1;-1;-1;-1;35060;35060;35060;-1;-1;-1;-1;-1;-1;-1;-1;-1;-1;-1
13510;23;No;No;No;No;-;1500000;1500000;1500000;1500000;-1;-1;-1;-1;-1;-1;-1;-1;-1;-1;-1;-1;-1;-1;-1;-1;-1;-1;-1;-1;-1;-1;-1;-1;-1
1146;5;No;No;No;No;-;1180000;1180000;1180000;1180000;-1;-1;-1;-1;-1;-1;-1;-1;-1;-1;-1;-1;-1;-1;-1;-1;-1;-1;-1;-1;-1;-1;-1;-1;-1
1167;16;No;No;No;No;-;625000;625000;625000;625000;-1;-1;-1;-1;-1;-1;-1;-1;-1;-1;-1;-1;-1;-1;-1;-1;-1;-1;-1;-1;-1;-1;-1;-1;-1
1173;224;No;No;No;Yes;-;980000;980000;980000;980000;-1;-1;-1;-1;-1;-1;-1;-1;-1;-1;-1;-1;-1;-1;-1;-1;-1;-1;-1;-1;-1;-1;-1;-1;-1
1175;3;No;No;No;Yes;-;3200000;3200000;3200000;3200000;-1;-1;-1;-1;-1;-1;-1;-1;-1;-1;-1;-1;-1;-1;-1;-1;-1;-1;-1;-1;-1;-1;-1;-1;-1
1213;17;No;No;No;No;-;2010000;2010000;2010000;2010000;-1;-1;-1;-1;-1;-1;-1;-1;-1;-1;-1;-1;-1;-1;-1;-1;-1;-1;-1;-1;-1;-1;-1;-1;-1
13012;21;No;No;No;No;-;495000;495000;495000;495000;495000;495000;-1;-1;-1;-1;-1;-1;-1;-1;-1;-1;-1;-1;-1;-1;-1;-1;-1;-1;-1;-1;-1;-1;-1
1251;23;No;No;No;Yes;-;3000000;3000000;3000000;3000000;3000000;-1;-1;-1;-1;-1;-1;-1;-1;-1;-1;-1;-1;-1;-1;-1;-1;-1;-1;-1;-1;-1;-1;-1;-1
1262;214;No;Yes;No;Yes;-;2400000;2400000;-1;-1;-1;-1;-1;-1;-1;-1;-1;-1;-1;-1;-1;-1;-1;-1;-1;-1;-1;-1;-1;-1;-1;-1;-1;-1;-1
1307;14;No;No;No;No;-;150000;150000;150000;150000;-1;-1;-1;-1;-1;-1;-1;-1;-1;-1;-1;-1;-1;-1;-1;-1;-1;-1;-1;-1;-1;-1;-1;-1;-1
12401;221;No;No;No;No;-;280000;280000;280000;280000;-1;-1;-1;-1;-1;-1;-1;-1;-1;-1;-1;-1;-1;-1;-1;-1;-1;-1;-1;-1;-1;-1;-1;-1;-1
13017;22;No;No;No;No;-;1160000;1160000;1160000;1160000;-1;-1;-1;-1;-1;-1;-1;-1;-1;-1;-1;-1;-1;-1;-1;-1;-1;-1;-1;-1;-1;-1;-1;-1;-1
1402;15;No;No;No;Yes;-;2100000;2100000;2100000;2100000;2100000;2100000;-1;-1;-1;-1;-1;-1;-1;-1;-1;-1;-1;-1;-1;-1;-1;-1;-1;-1;-1;-1;-1;-1;-1
1417;5;No;No;No;No;-;345000;345000;-1;-1;-1;-1;-1;-1;-1;-1;-1;-1;-1;-1;-1;-1;-1;-1;-1;-1;-1;-1;-1;-1;-1;-1;-1;-1;-1
1418;12;No;No;No;No;-;2600000;2600000;2600000;2600000;-1;-1;-1;-1;-1;-1;-1;-1;-1;-1;-1;-1;-1;-1;-1;-1;-1;-1;-1;-1;-1;-1;-1;-1;-1
1452;20;No;No;No;Yes;-;1650000;1650000;1650000;1650000;-1;-1;-1;-1;-1;-1;-1;-1;-1;-1;-1;-1;-1;-1;-1;-1;-1;-1;-1;-1;-1;-1;-1;-1;-1
13516;221;No;No;No;No;-;1610000;1610000;1610000;1610000;-1;-1;-1;-1;-1;-1;-1;-1;-1;-1;-1;-1;-1;-1;-1;-1;-1;-1;-1;-1;-1;-1;-1;-1;-1
1496;20;No;No;No;Yes;-;1500000;1500000;-1;-1;-1;-1;-1;-1;-1;-1;-1;-1;-1;-1;-1;-1;-1;-1;-1;-1;-1;-1;-1;-1;-1;-1;-1;-1;-1
1527;220;No;No;No;Yes;-;475000;475000;475000;-1;-1;-1;-1;-1;-1;-1;-1;-1;-1;-1;-1;-1;-1;-1;-1;-1;-1;-1;-1;-1;-1;-1;-1;-1;-1
1528;20;No;Yes;No;Yes;-;7000000;7000000;7000000;7000000;7000000;7000000;-1;-1;-1;-1;-1;-1;-1;-1;-1;-1;-1;-1;-1;-1;-1;-1;-1;-1;-1;-1;-1;-1;-1
1537;5;No;No;No;No;-;150000;150000;150000;-1;-1;-1;-1;-1;-1;-1;-1;-1;-1;-1;-1;-1;-1;-1;-1;-1;-1;-1;-1;-1;-1;-1;-1;-1;-1
1560;21;No;No;No;Yes;-;2200000;2200000;2200000;2200000;2200000;-1;-1;-1;-1;-1;-1;-1;-1;-1;-1;-1;-1;-1;-1;-1;-1;-1;-1;-1;-1;-1;-1;-1;-1
1593;10;No;No;No;No;-;1900000;1900000;1900000;1900000;-1;-1;-1;-1;-1;-1;-1;-1;-1;-1;-1;-1;-1;-1;-1;-1;-1;-1;-1;-1;-1;-1;-1;-1;-1
1598;5;Yes;No;No;Yes;-;7870000;7870000;7870000;7870000;7870000;7870000;-1;-1;-1;-1;-1;-1;-1;-1;-1;-1;-1;-1;-1;-1;-1;-1;-1;-1;-1;-1;-1;-1;-1
1611;20;No;No;No;No;-;2200000;2200000;2200000;2200000;-1;-1;-1;-1;-1;-1;-1;-1;-1;-1;-1;-1;-1;-1;-1;-1;-1;-1;-1;-1;-1;-1;-1;-1;-1
1641;17;No;No;No;No;-;3090000;3090000;3090000;3090000;-1;-1;-1;-1;-1;-1;-1;-1;-1;-1;-1;-1;-1;-1;-1;-1;-1;-1;-1;-1;-1;-1;-1;-1;-1
1651;3;No;No;No;Yes;-;2840000;2840000;2840000;2840000;-1;-1;-1;-1;-1;-1;-1;-1;-1;-1;-1;-1;-1;-1;-1;-1;-1;-1;-1;-1;-1;-1;-1;-1;-1
1661;14;No;No;No;Yes;-;640000;640000;640000;640000;-1;-1;-1;-1;-1;-1;-1;-1;-1;-1;-1;-1;-1;-1;-1;-1;-1;-1;-1;-1;-1;-1;-1;-1;-1
1684;10;No;No;No;No;-;280000;280000;280000;-1;-1;-1;-1;-1;-1;-1;-1;-1;-1;-1;-1;-1;-1;-1;-1;-1;-1;-1;-1;-1;-1;-1;-1;-1;-1
1711;20;No;No;No;Yes;-;2480000;2480000;2480000;2480000;2480000;2480000;-1;-1;-1;-1;-1;-1;-1;-1;-1;-1;-1;-1;-1;-1;-1;-1;-1;-1;-1;-1;-1;-1;-1
1784;14;No;No;No;No;-;1070000;1070000;1070000;1070000;-1;-1;-1;-1;-1;-1;-1;-1;-1;-1;-1;-1;-1;-1;-1;-1;-1;-1;-1;-1;-1;-1;-1;-1;-1
1834;16;No;No;No;No;-;345000;345000;345000;-1;-1;-1;-1;-1;-1;-1;-1;-1;-1;-1;-1;25060;25060;-1;-1;-1;-1;-1;-1;-1;-1;-1;-1;-1;-1
1844;12;No;No;No;No;-;5260000;5260000;-1;-1;-1;-1;-1;-1;-1;-1;-1;-1;-1;-1;-1;-1;-1;-1;-1;-1;-1;-1;-1;-1;-1;-1;-1;-1;-1
1856;221;No;No;No;Yes;-;2400000;2400000;2400000;2400000;-1;-1;-1;-1;-1;-1;-1;-1;-1;-1;-1;-1;-1;-1;-1;-1;-1;-1;-1;-1;-1;-1;-1;-1;-1
2304;16;No;No;No;No;-;255000;255000;255000;-1;-1;-1;-1;-1;-1;-1;-1;-1;-1;-1;-1;25060;25060;-1;-1;-1;-1;-1;-1;-1;-1;-1;-1;-1;-1
2845;224;No;No;No;No;-;1130000;1130000;1130000;1130000;-1;-1;-1;-1;-1;-1;-1;-1;-1;-1;-1;-1;-1;-1;-1;-1;-1;-1;-1;-1;-1;-1;-1;-1;-1
2996;14;No;No;No;No;-;150000;150000;150000;-1;-1;-1;-1;-1;-1;-1;-1;-1;-1;-1;-1;-1;-1;-1;-1;-1;-1;-1;-1;-1;-1;-1;-1;-1;-1
12009;221;No;No;No;No;-;1740000;1740000;1740000;1740000;-1;-1;-1;-1;-1;-1;-1;-1;-1;-1;-1;-1;-1;-1;-1;-1;-1;-1;-1;-1;-1;-1;-1;-1;-1
12013;216;No;No;No;No;-;2800000;2800000;2800000;2800000;2800000;-1;-1;-1;-1;-1;-1;-1;-1;-1;-1;-1;-1;-1;-1;-1;-1;-1;-1;-1;-1;-1;-1;-1;-1
12025;3;No;No;No;No;-;1790000;1790000;1790000;1790000;1790000;-1;-1;-1;-1;-1;-1;-1;-1;-1;-1;-1;-1;-1;-1;-1;-1;-1;-1;-1;-1;-1;-1;-1;-1
12026;216;No;No;No;No;-;2390000;2390000;2390000;2390000;2390000;-1;-1;-1;-1;-1;-1;-1;-1;-1;-1;-1;-1;-1;-1;-1;-1;-1;-1;-1;-1;-1;-1;-1;-1
12031;224;No;No;No;No;-;315000;315000;315000;-1;-1;-1;-1;-1;-1;-1;-1;-1;-1;-1;-1;-1;-1;-1;-1;-1;-1;-1;-1;-1;-1;-1;-1;-1;-1
12032;23;No;No;No;No;-;3200000;3200000;3200000;3200000;-1;-1;-1;-1;-1;-1;-1;-1;-1;-1;-1;-1;-1;-1;-1;-1;-1;-1;-1;-1;-1;-1;-1;-1;-1
12059;5;No;No;No;No;-;1140000;1140000;1140000;1140000;-1;-1;-1;-1;-1;-1;-1;-1;-1;-1;-1;-1;-1;-1;-1;-1;-1;-1;-1;-1;-1;-1;-1;-1;-1
12062;12;No;No;No;No;-;280000;280000;280000;-1;-1;-1;-1;-1;-1;-1;-1;-1;-1;-1;-1;-1;-1;-1;-1;-1;-1;-1;-1;-1;-1;-1;-1;-1;-1
12071;224;No;No;No;No;-;280000;280000;280000;-1;-1;-1;-1;-1;-1;-1;-1;-1;-1;-1;-1;-1;-1;-1;-1;-1;-1;-1;-1;-1;-1;-1;-1;-1;-1
12080;22;No;No;No;No;-;365000;365000;365000;-1;-1;-1;-1;-1;-1;-1;-1;-1;-1;-1;-1;-1;-1;-1;-1;-1;-1;-1;-1;-1;-1;-1;-1;-1;-1
12405;21;No;No;No;No;-;495000;495000;495000;495000;-1;-1;-1;-1;-1;-1;-1;-1;-1;-1;-1;-1;-1;-1;-1;-1;-1;-1;-1;-1;-1;-1;-1;-1;-1
12417;12;No;No;No;No;-;430000;430000;430000;430000;-1;-1;-1;-1;-1;-1;-1;-1;-1;-1;-1;-1;-1;-1;-1;-1;-1;-1;-1;-1;-1;-1;-1;-1;-1
12428;221;No;No;No;No;-;1970000;1970000;1970000;1970000;-1;-1;-1;-1;-1;-1;-1;-1;-1;-1;-1;-1;-1;-1;-1;-1;-1;-1;-1;-1;-1;-1;-1;-1;-1
12433;21;No;No;No;No;-;950000;950000;950000;950000;950000;950000;950000;950000;-1;-1;-1;-1;-1;-1;-1;-1;-1;-1;-1;-1;-1;-1;-1;-1;-1;-1;-1;-1;-1
12441;220;No;No;No;No;-;1000000;1000000;1000000;1000000;-1;-1;-1;-1;-1;-1;-1;-1;-1;-1;-1;-1;-1;-1;-1;-1;-1;-1;-1;-1;-1;-1;-1;-1;-1
12444;5;No;No;No;No;-;320000;320000;320000;320000;-1;-1;-1;-1;-1;-1;-1;-1;-1;-1;-1;-1;-1;-1;-1;-1;-1;-1;-1;-1;-1;-1;-1;-1;-1
12472;16;No;No;No;No;-;3300000;3300000;3300000;3300000;3300000;-1;-1;-1;-1;-1;-1;-1;-1;-1;-1;3300000;3300000;3300000;3300000;-1;-1;-1;-1;-1;-1;-1;-1;-1;-1
12491;0;No;No;No;No;-;280000;280000;280000;280000;-1;-1;-1;-1;-1;-1;-1;-1;-1;-1;-1;-1;-1;-1;-1;-1;-1;-1;-1;-1;-1;-1;-1;-1;-1
12514;224;No;No;No;No;-;280000;280000;280000;280000;-1;-1;-1;-1;-1;-1;-1;-1;-1;-1;-1;-1;-1;-1;-1;-1;-1;-1;-1;-1;-1;-1;-1;-1;-1
12530;16;No;No;No;No;-;280000;280000;280000;280000;-1;-1;-1;-1;-1;-1;-1;-1;-1;-1;-1;-1;-1;-1;-1;-1;-1;-1;-1;-1;-1;-1;-1;-1;-1
12531;5;No;No;No;No;-;280000;280000;280000;280000;-1;-1;-1;-1;-1;-1;-1;-1;-1;-1;-1;-1;-1;-1;-1;-1;-1;-1;-1;-1;-1;-1;-1;-1;-1
12545;12;No;No;No;No;-;280000;280000;280000;280000;-1;-1;-1;-1;-1;-1;-1;-1;-1;-1;-1;-1;-1;-1;-1;-1;-1;-1;-1;-1;-1;-1;-1;-1;-1
12549;224;No;No;No;No;-;0;0;-1;-1;-1;-1;-1;-1;-1;-1;-1;-1;-1;-1;-1;-1;-1;-1;-1;-1;-1;-1;-1;-1;-1;-1;-1;-1;-1
12552;5;No;No;No;No;-;320000;320000;320000;320000;-1;-1;-1;-1;-1;-1;-1;-1;-1;-1;-1;-1;-1;-1;-1;-1;-1;-1;-1;-1;-1;-1;-1;-1;-1
12623;5;No;No;No;No;-;280000;280000;280000;280000;-1;-1;-1;-1;-1;-1;-1;-1;-1;-1;-1;-1;-1;-1;-1;-1;-1;-1;-1;-1;-1;-1;-1;-1;-1
13027;23;No;No;No;No;-;280000;280000;280000;280000;-1;-1;-1;-1;-1;-1;-1;-1;-1;-1;-1;-1;-1;-1;-1;-1;-1;-1;-1;-1;-1;-1;-1;-1;-1
13028;15;No;No;No;No;-;495000;495000;495000;495000;-1;-1;-1;-1;-1;-1;-1;-1;-1;-1;-1;-1;-1;-1;-1;-1;-1;-1;-1;-1;-1;-1;-1;-1;-1
13037;16;No;No;No;No;-;1100000;1100000;1100000;1100000;-1;-1;-1;-1;-1;-1;-1;-1;-1;-1;-1;-1;-1;-1;-1;-1;-1;-1;-1;-1;-1;-1;-1;-1;-1
13054;221;No;No;No;No;-;1350000;1350000;1350000;1350000;-1;-1;-1;-1;-1;-1;-1;-1;-1;-1;-1;-1;-1;-1;-1;-1;-1;-1;-1;-1;-1;-1;-1;-1;-1
13055;224;No;No;No;No;-;495000;495000;495000;495000;-1;-1;-1;-1;-1;-1;-1;-1;-1;-1;-1;-1;-1;-1;-1;-1;-1;-1;-1;-1;-1;-1;-1;-1;-1
13061;18;No;No;No;No;-;1180000;1180000;1180000;1180000;-1;-1;-1;-1;-1;-1;-1;-1;-1;-1;-1;-1;-1;-1;-1;-1;-1;-1;-1;-1;-1;-1;-1;-1;-1
13063;8;No;No;No;No;-;1760000;1760000;1760000;1760000;-1;-1;-1;-1;-1;-1;-1;-1;-1;-1;-1;-1;-1;-1;-1;-1;-1;-1;-1;-1;-1;-1;-1;-1;-1
13069;0;No;No;No;No;-;880000;880000;880000;880000;-1;-1;-1;-1;-1;-1;-1;-1;-1;-1;-1;-1;-1;-1;-1;-1;-1;-1;-1;-1;-1;-1;-1;-1;-1
13070;12;No;No;No;No;-;375000;375000;375000;375000;-1;-1;-1;-1;-1;-1;-1;-1;-1;-1;-1;-1;-1;-1;-1;-1;-1;-1;-1;-1;-1;-1;-1;-1;-1
13071;26;No;No;No;No;-;410000;410000;410000;410000;-1;-1;-1;-1;-1;-1;-1;-1;-1;-1;-1;-1;-1;-1;-1;-1;-1;-1;-1;-1;-1;-1;-1;-1;-1
13072;10;No;No;No;No;-;280000;280000;280000;280000;-1;-1;-1;-1;-1;-1;-1;-1;-1;-1;-1;-1;-1;-1;-1;-1;-1;-1;-1;-1;-1;-1;-1;-1;-1
13073;224;No;No;No;No;-;280000;280000;280000;280000;-1;-1;-1;-1;-1;-1;-1;-1;-1;-1;-1;-1;-1;-1;-1;-1;-1;-1;-1;-1;-1;-1;-1;-1;-1
13078;16;No;No;No;No;-;525000;525000;525000;525000;-1;-1;-1;-1;-1;-1;-1;-1;-1;-1;-1;-1;-1;-1;-1;-1;-1;-1;-1;-1;-1;-1;-1;-1;-1
13081;0;No;No;No;Yes;-;2840000;2840000;2840000;2840000;2840000;2840000;2840000;2840000;2840000;-1;-1;-1;-1;-1;-1;-1;-1;-1;-1;-1;-1;-1;-1;-1;-1;-1;-1;-1;-1
13082;18;No;No;No;No;-;580000;580000;580000;580000;-1;-1;-1;-1;-1;-1;-1;-1;-1;-1;-1;-1;-1;-1;-1;-1;-1;-1;-1;-1;-1;-1;-1;-1;-1
13103;216;No;No;No;No;-;2350000;2350000;2350000;2350000;-1;-1;-1;-1;-1;-1;-1;-1;-1;-1;-1;-1;-1;-1;-1;-1;-1;-1;-1;-1;-1;-1;-1;-1;-1
13105;8;No;No;No;No;-;680000;680000;680000;680000;-1;-1;-1;-1;-1;-1;-1;-1;-1;-1;-1;-1;-1;-1;-1;-1;-1;-1;-1;-1;-1;-1;-1;-1;-1
13113;11;No;No;No;No;-;1280000;1280000;1280000;1280000;-1;-1;-1;-1;-1;-1;-1;-1;-1;-1;-1;-1;-1;-1;-1;-1;-1;-1;-1;-1;-1;-1;-1;-1;-1
13114;224;No;No;No;No;-;495000;495000;495000;495000;-1;-1;-1;-1;-1;-1;-1;-1;-1;-1;-1;-1;-1;-1;-1;-1;-1;-1;-1;-1;-1;-1;-1;-1;-1
13115;17;No;No;No;No;-;368333;375000;365000;365000;-1;-1;-1;-1;-1;-1;-1;-1;-1;-1;-1;45060;45060;45060;-1;-1;-1;-1;-1;-1;-1;-1;-1;-1;-1
13118;12;No;No;No;No;-;280000;280000;280000;280000;-1;-1;-1;-1;-1;-1;-1;-1;-1;-1;-1;-1;-1;-1;-1;-1;-1;-1;-1;-1;-1;-1;-1;-1;-1
13123;19;No;No;No;No;-;895000;895000;895000;895000;-1;-1;-1;-1;-1;-1;-1;-1;-1;-1;-1;-1;-1;-1;-1;-1;-1;-1;-1;-1;-1;-1;-1;-1;-1
13125;14;No;No;No;No;-;1510000;1510000;1510000;1510000;-1;-1;-1;-1;-1;-1;-1;-1;-1;-1;-1;-1;-1;-1;-1;-1;-1;-1;-1;-1;-1;-1;-1;-1;-1
13354;5;No;No;No;No;-;280000;280000;280000;280000;-1;-1;-1;-1;-1;-1;-1;-1;-1;-1;-1;-1;-1;-1;-1;-1;-1;-1;-1;-1;-1;-1;-1;-1;-1
13530;15;No;No;No;No;-;1750000;1750000;1750000;1750000;-1;-1;-1;-1;-1;-1;-1;-1;-1;-1;-1;-1;-1;-1;-1;-1;-1;-1;-1;-1;-1;-1;-1;-1;-1
13561;21;No;No;No;No;-;1140000;1140000;1140000;1140000;-1;-1;-1;-1;-1;-1;-1;-1;-1;-1;-1;-1;-1;-1;-1;-1;-1;-1;-1;-1;-1;-1;-1;-1;-1
13588;216;No;No;No;No;-;1130000;1130000;1130000;1130000;-1;-1;-1;-1;-1;-1;-1;-1;-1;-1;-1;-1;-1;-1;-1;-1;-1;-1;-1;-1;-1;-1;-1;-1;-1
13597;216;No;No;No;No;-;1550000;1550000;1550000;1550000;1550000;1550000;1550000;1550000;-1;-1;-1;-1;-1;-1;-1;-1;-1;-1;-1;-1;-1;-1;-1;-1;-1;-1;-1;-1;-1
13626;18;No;No;No;No;-;280000;280000;280000;280000;-1;-1;-1;-1;-1;-1;-1;-1;-1;-1;-1;-1;-1;-1;-1;-1;-1;-1;-1;-1;-1;-1;-1;-1;-1
13628;220;No;No;No;No;-;1133333;1100000;1100000;1200000;-1;-1;-1;-1;-1;-1;-1;-1;-1;-1;-1;-1;-1;-1;-1;-1;-1;-1;-1;-1;-1;-1;-1;-1;-1
13769;224;No;No;No;No;-;1160000;1160000;1160000;1160000;-1;-1;-1;-1;-1;-1;-1;-1;-1;-1;-1;-1;-1;-1;-1;-1;-1;-1;-1;-1;-1;-1;-1;-1;-1
13785;22;No;No;No;No;-;280000;280000;280000;280000;-1;-1;-1;-1;-1;-1;-1;-1;-1;-1;-1;-1;-1;-1;-1;-1;-1;-1;-1;-1;-1;-1;-1;-1;-1
13811;17;No;No;No;No;-;280000;280000;280000;280000;-1;-1;-1;-1;-1;-1;-1;-1;-1;-1;-1;25060;25060;25060;-1;-1;-1;-1;-1;-1;-1;-1;-1;-1;-1
14147;8;No;No;No;No;-;2260000;2260000;2260000;2260000;-1;-1;-1;-1;-1;-1;-1;-1;-1;-1;-1;-1;-1;-1;-1;-1;-1;-1;-1;-1;-1;-1;-1;-1;-1
