PlayerId;TeamId;FranchiseId;GP;G;A;+/-;PIM;PP G;PP A;SH G;SH A;Fights;Fights_Won;HIT;GvA;TkA;SB;GR;Game Rating Off;Game Rating Def;SOG;TOI;PPTOI;SHTOI;PDO;GF/60;GA/60;SF/60;SA/60;CF;CA;CF%;CF% rel;FF;FA;FF%;FF% rel;GWG;FO;FOW
2;17;17;2;1;1;1;0;1;0;0;0;0;0;6;0;0;1;77;69;71;3;1087;516;151;116.7;3.3;0.0;19.9;33.1;11;14;44.0;2.4;8;11;42.1;-0.4;1;6;2
5;12;12;3;0;2;-1;4;0;0;0;0;0;0;2;3;1;0;64;56;74;6;1980;1027;316;98.8;3.6;3.6;34.5;30.9;28;24;53.8;4.8;21;18;53.8;-0.1;0;39;21
6;221;221;3;2;3;3;0;1;2;0;0;0;0;5;5;4;1;76;69;79;6;2829;460;419;113.9;6.4;2.5;25.5;22.9;40;31;56.3;-0.6;24;18;57.1;-0.6;0;57;31
7;19;19;1;0;0;0;0;0;0;0;0;0;0;2;0;1;4;69;59;85;0;1109;218;39;100.0;0.0;0.0;32.5;45.4;16;21;43.2;-17.2;13;16;44.8;-26.1;0;0;0
21;9;9;1;0;0;1;0;0;0;0;0;0;0;0;0;0;2;68;51;81;0;1018;0;0;116.7;3.5;0.0;21.2;14.1;10;9;52.6;-7.4;8;5;61.5;4.4;0;0;0
23;3;3;3;0;2;1;0;0;1;0;0;0;0;5;5;1;1;72;68;70;4;2948;524;0;106.6;2.4;1.2;19.5;20.8;28;33;45.9;4.1;18;21;46.2;1.7;0;0;0
28;19;19;2;2;0;1;2;0;0;0;0;0;0;2;4;0;0;55;55;58;5;1981;7;34;99.3;3.6;1.8;30.9;14.5;26;22;54.2;-3.3;20;12;62.5;5.5;1;1;1
32;19;19;1;0;0;0;0;0;0;0;0;0;0;2;2;0;3;74;46;89;2;660;156;109;100.0;0.0;0.0;16.3;38.1;5;14;26.3;-22.9;4;8;33.3;-8.5;0;0;0
38;224;224;3;0;1;-1;2;0;0;0;0;0;0;4;2;2;1;62;55;68;3;2242;143;0;98.7;1.6;3.2;24.1;40.1;22;42;34.4;-17.4;17;27;38.6;-12.9;0;0;0
46;24;24;3;0;0;-1;0;0;0;0;0;0;0;0;1;1;1;61;56;63;3;2528;322;0;95.5;0.0;1.4;18.5;31.3;25;35;41.7;-12.0;15;25;37.5;-15.9;0;19;11
49;25;25;3;0;0;-1;0;0;0;0;0;0;0;4;1;1;7;66;55;78;10;2165;178;201;94.7;0.0;1.7;29.9;31.6;30;42;41.7;-11.3;22;26;45.8;-5.1;0;2;1
12991;17;17;3;0;0;0;2;0;0;0;0;0;0;3;4;1;0;60;56;64;1;1382;82;158;100.0;0.0;0.0;15.6;28.6;14;15;48.3;6.8;8;12;40.0;-2.3;0;0;0
73;12;12;3;1;0;0;6;0;0;0;0;0;0;9;4;1;2;74;54;71;7;2691;324;0;99.6;2.7;2.7;30.8;29.4;34;35;49.3;-1.4;25;30;45.5;-13.1;0;1;1
74;24;24;3;0;1;1;2;0;0;0;0;0;0;1;4;4;3;72;51;85;5;2643;191;468;106.3;1.4;0.0;21.8;20.4;30;27;52.6;2.6;20;18;52.6;4.3;0;26;12
109;21;21;3;0;1;2;5;0;0;0;0;1;1;6;3;4;1;69;56;80;3;1568;140;116;114.3;4.6;0.0;32.1;25.3;21;22;48.8;-9.6;17;14;54.8;-1.9;0;0;0
110;220;220;3;0;0;-1;0;0;0;0;0;0;0;3;1;2;2;61;50;67;2;1536;0;233;92.9;0.0;2.3;11.7;32.8;12;31;27.9;-17.0;8;18;30.8;-10.0;0;6;0
133;22;22;3;1;2;3;2;0;1;0;0;0;0;12;2;2;0;81;61;87;8;1744;1260;2;118.8;6.2;0.0;33.0;31.0;25;25;50.0;0.7;19;15;55.9;4.6;1;1;0
134;3;3;3;1;0;0;2;0;0;0;0;0;0;5;2;1;6;63;53;75;9;3725;251;371;96.8;2.9;2.9;26.1;20.3;43;36;54.4;18.0;30;28;51.7;11.7;0;0;0
146;25;25;2;0;1;0;2;0;0;0;0;0;0;3;0;2;1;66;59;76;0;1728;0;221;101.7;2.1;2.1;20.8;25.0;20;21;48.8;-2.3;12;15;44.4;-6.7;0;0;0
147;26;26;3;0;2;-2;0;0;0;0;0;0;0;0;4;0;3;71;65;58;9;2848;631;0;80.0;2.5;5.1;37.9;19.0;45;32;58.4;14.8;33;20;62.3;18.3;0;1;1
14487;16;16;3;0;3;-1;2;0;0;0;0;0;0;4;3;4;3;59;54;71;2;3418;0;281;99.7;3.2;4.2;24.2;31.6;45;48;48.4;13.2;30;33;47.6;12.7;0;0;0
11979;221;221;3;0;5;4;17;0;4;0;0;1;1;8;0;2;6;80;72;89;8;3055;475;370;111.8;4.7;0.0;40.1;21.2;54;30;64.3;11.9;38;20;65.5;13.7;0;0;0
154;21;21;3;0;1;0;2;0;0;0;0;0;0;2;0;1;5;64;57;74;4;2732;76;125;100.2;1.3;1.3;27.7;29.0;40;37;51.9;-7.1;22;28;44.0;-18.6;0;0;0
11980;17;17;3;0;0;0;10;0;0;0;0;2;2;1;0;1;0;62;53;61;2;793;59;311;100.0;0.0;0.0;36.3;31.7;10;13;43.5;1.2;9;9;50.0;9.2;0;8;3
156;224;224;1;0;0;0;0;0;0;0;0;0;0;1;0;0;0;58;54;66;1;834;16;0;100.0;0.0;0.0;12.9;12.9;9;5;64.3;-3.1;6;3;66.7;1.1;0;0;0
164;15;15;3;1;0;-3;5;0;0;0;0;0;0;3;1;0;1;56;52;52;4;1122;96;0;80.3;3.2;12.8;28.9;41.7;16;18;47.1;8.7;9;14;39.1;0.9;0;0;0
168;11;11;3;0;0;-1;0;0;0;0;0;0;0;1;0;1;0;56;50;56;0;1248;0;0;83.3;0.0;2.9;14.4;17.3;11;11;50.0;-1.7;6;8;42.9;-6.8;0;17;8
11981;16;16;1;1;0;0;2;0;0;0;0;0;0;1;0;0;0;56;58;46;1;461;0;0;125.0;7.8;7.8;15.6;31.2;6;6;50.0;10.7;3;4;42.9;-0.3;0;0;0
177;0;0;3;1;0;-2;2;0;0;0;0;0;0;3;2;3;0;63;57;68;8;2744;15;150;82.6;1.3;3.9;32.8;18.4;44;25;63.8;13.0;31;18;63.3;8.9;0;40;21
178;220;220;3;0;0;0;19;0;0;0;0;1;0;6;0;7;7;88;56;98;3;2912;434;462;100.0;0.0;0.0;19.8;19.8;30;31;49.2;10.9;19;22;46.3;10.0;0;0;0
189;9;9;3;0;0;-2;5;0;0;0;0;1;1;2;2;0;0;51;50;55;1;1886;0;184;75.0;0.0;3.8;9.5;15.3;14;23;37.8;-6.3;5;11;31.3;-14.8;0;0;0
191;11;11;3;0;0;3;2;0;0;0;0;0;0;6;0;3;2;66;60;74;8;3131;514;106;111.3;5.7;2.3;27.6;24.1;41;34;54.7;4.7;29;29;50.0;1.6;0;0;0
197;5;5;3;1;0;-1;0;0;0;1;0;0;0;5;3;3;7;67;55;77;6;2525;87;293;98.0;1.4;4.3;18.5;44.2;23;57;28.7;-14.3;14;33;29.8;-7.6;0;0;0
206;18;18;3;0;3;-1;7;0;0;0;0;1;0;2;6;1;1;65;62;63;11;2740;549;70;93.0;3.9;3.9;40.7;23.6;45;26;63.4;7.3;32;21;60.4;2.7;0;0;0
209;16;-1;1;0;0;0;0;0;0;0;0;0;0;1;0;0;0;58;53;65;0;488;0;65;100.0;0.0;0.0;7.4;51.6;3;10;23.1;-27.5;1;8;11.1;-40.6;0;1;0
217;214;214;3;1;0;1;5;0;0;0;0;1;0;3;1;1;3;58;57;62;3;2244;0;405;112.0;4.8;3.2;20.9;28.9;28;33;45.9;-9.2;16;23;41.0;-15.8;0;0;0
225;23;23;3;0;1;-1;0;0;0;0;0;0;0;4;1;0;1;67;63;60;5;1912;52;85;92.9;1.9;3.8;26.4;26.4;29;19;60.4;-0.3;19;14;57.6;-5.7;0;4;3
240;19;19;2;0;1;-1;2;0;0;0;0;0;0;2;1;4;0;67;59;76;3;2235;225;8;88.3;1.6;3.2;32.2;19.3;35;24;59.3;10.2;22;17;56.4;9.5;0;32;20
265;9;9;3;0;1;0;6;0;0;0;0;0;0;6;0;0;3;55;53;60;0;2709;34;211;98.1;4.0;4.0;25.2;22.6;30;34;46.9;5.8;22;22;50.0;8.8;0;0;0
278;216;216;3;1;0;1;2;0;0;0;0;0;0;3;0;0;1;69;66;65;5;2155;123;63;105.0;1.7;0.0;33.4;26.7;36;24;60.0;-0.8;23;18;56.1;-3.9;1;4;2
283;9;9;3;0;1;0;0;0;0;0;0;0;0;11;2;0;2;64;54;68;3;2407;0;45;102.9;1.5;1.5;15.0;20.9;22;28;44.0;1.4;11;16;40.7;-4.4;0;0;0
14969;19;19;1;0;0;0;0;0;0;0;0;0;0;1;2;1;0;59;46;73;1;540;170;0;100.0;0.0;0.0;13.3;26.7;8;6;57.1;16.2;3;5;37.5;-2.9;0;1;1
293;23;23;3;1;2;5;0;0;0;0;0;0;0;0;4;1;2;64;58;73;3;2253;0;0;120.0;8.0;0.0;39.9;22.4;37;31;54.4;-8.6;29;16;64.4;3.0;0;30;17
300;227;227;3;1;0;1;7;0;0;0;0;1;0;11;1;1;0;71;55;81;5;1723;933;50;106.3;2.1;0.0;33.4;46.0;26;28;48.1;-3.7;19;23;45.2;-2.7;0;4;3
304;227;227;3;0;1;0;0;0;0;0;0;0;0;4;2;2;5;64;56;68;12;3221;895;225;101.6;2.2;2.2;29.1;36.9;43;40;51.8;1.4;31;35;47.0;-0.4;0;0;0
11983;8;8;3;0;1;0;0;0;1;0;0;0;0;3;5;6;2;80;55;96;5;2726;878;59;100.0;0.0;0.0;15.8;22.4;25;27;48.1;-5.2;17;19;47.2;-7.3;0;42;25
323;15;15;3;0;2;0;7;0;0;0;0;1;0;5;2;2;3;57;52;63;5;3324;0;639;99.4;4.3;4.3;28.2;27.1;49;43;53.3;20.8;31;27;53.4;22.3;0;0;0
331;26;26;3;0;1;-4;9;0;0;0;0;1;0;8;1;1;7;55;52;63;1;3417;62;130;84.0;2.1;6.3;26.3;26.3;42;47;47.2;-1.8;27;31;46.6;-6.1;0;0;0
339;19;19;2;0;0;0;0;0;0;0;0;0;0;4;0;5;1;79;54;91;4;1565;0;217;100.0;0.0;0.0;23.0;39.1;14;27;34.1;-19.1;13;19;40.6;-12.4;0;5;1
342;220;220;3;0;1;0;2;0;0;0;1;0;0;6;3;2;0;62;52;71;3;2211;0;681;94.7;0.0;1.6;17.9;30.9;15;27;35.7;-7.1;12;21;36.4;-3.5;0;11;3
363;19;19;2;0;0;1;0;0;0;0;0;0;0;6;1;0;1;66;59;74;3;1710;56;0;105.6;2.1;0.0;37.9;23.1;31;19;62.0;7.5;23;15;60.5;3.1;0;0;0
12993;18;18;3;1;1;-1;6;0;1;0;0;0;0;5;2;5;7;75;55;89;9;3398;686;325;92.3;3.2;3.2;39.2;20.1;52;30;63.4;7.9;39;22;63.9;8.7;0;0;0
375;10;10;3;0;1;1;12;0;0;0;0;2;1;5;0;2;5;66;58;65;4;3501;339;54;100.0;3.1;2.1;27.8;18.5;40;32;55.6;4.9;27;22;55.1;3.0;0;0;0
378;24;24;3;0;1;1;0;0;0;0;0;0;0;8;3;6;4;73;60;84;8;2678;235;578;106.3;4.0;2.7;26.9;30.9;38;38;50.0;-0.9;26;25;51.0;2.4;0;15;5
385;5;5;3;1;0;-3;0;1;0;0;0;0;0;7;3;1;2;62;55;63;9;3351;744;259;92.5;0.0;3.2;23.6;43.0;47;53;47.0;13.1;29;42;40.8;8.7;0;0;0
401;221;221;3;1;0;2;2;0;0;0;0;0;0;1;3;1;1;55;51;59;7;1783;0;246;107.6;6.1;2.0;34.3;20.2;32;18;64.0;9.3;20;13;60.6;4.0;0;4;2
13495;18;18;3;0;0;0;2;0;0;0;0;0;0;4;0;1;6;70;52;82;4;3384;370;213;100.0;0.0;0.0;18.1;14.9;32;30;51.6;-9.5;20;19;51.3;-9.7;0;0;0
12994;224;224;3;0;0;-1;2;0;0;0;0;0;0;3;0;4;0;66;57;74;2;2291;42;219;94.4;0.0;1.6;23.6;28.3;31;30;50.8;6.3;21;24;46.7;-1.3;0;30;18
11984;217;217;3;0;0;-1;2;0;0;0;0;0;0;4;3;4;2;67;59;79;5;2340;220;280;94.7;0.0;1.5;23.1;29.2;30;29;50.8;4.3;19;21;47.5;2.0;0;31;19
425;8;8;3;0;1;-1;2;0;0;0;0;0;0;1;0;1;7;62;57;65;3;3123;0;469;95.8;3.5;4.6;21.9;23.1;31;35;47.0;-7.3;24;24;50.0;-4.1;0;0;0
12390;15;15;3;0;2;0;0;0;1;0;0;0;0;7;4;0;3;67;59;77;3;3072;566;2;101.3;1.2;1.2;24.6;34.0;38;57;40.0;0.9;24;37;39.3;1.5;0;11;6
442;8;8;3;0;1;-2;5;0;0;0;0;1;0;5;1;1;0;57;58;57;4;2459;130;33;85.9;1.5;4.4;24.9;22.0;34;24;58.6;8.9;23;19;54.8;2.8;0;0;0
443;220;220;3;1;0;-1;0;1;0;0;0;0;0;1;1;0;2;58;52;63;1;1526;334;0;93.8;0.0;2.4;11.8;37.7;14;26;35.0;-7.9;8;17;32.0;-8.5;0;2;1
464;23;23;3;0;1;1;0;0;0;0;0;0;0;2;0;0;0;60;55;63;4;1331;112;0;109.1;2.7;0.0;29.7;21.6;21;14;60.0;-0.8;15;10;60.0;-2.6;0;0;0
12996;217;217;3;1;0;0;9;0;0;0;0;1;0;3;2;3;3;67;60;78;8;2045;393;393;96.9;1.8;1.8;33.4;21.1;31;20;60.8;16.8;21;15;58.3;15.9;1;5;2
470;20;20;3;2;3;3;2;0;0;0;0;0;0;1;2;4;5;72;62;81;4;2586;230;587;106.4;7.0;2.8;32.0;18.1;37;32;53.6;-2.6;30;19;61.2;8.5;0;40;23
14493;3;3;3;0;0;2;0;0;0;0;0;0;0;3;2;2;9;73;49;80;1;2815;0;18;125.7;3.8;1.3;12.8;29.4;19;49;27.9;-21.7;12;27;30.8;-19.7;0;0;0
487;20;20;3;0;1;-1;0;0;0;0;0;0;0;0;1;0;8;52;51;56;3;2702;48;378;92.1;4.0;5.3;21.3;20.0;37;27;57.8;3.1;22;15;59.5;5.4;0;0;0
494;11;11;3;0;3;2;0;0;0;0;0;0;0;2;1;2;0;65;60;70;5;2337;57;27;106.6;4.6;1.5;32.3;20.0;31;28;52.5;1.4;23;18;56.1;9.7;0;2;1
501;214;214;3;1;1;2;7;0;0;0;0;1;1;5;6;2;2;77;70;72;8;2954;724;0;105.5;3.7;1.2;34.1;23.2;44;28;61.1;12.0;30;21;58.8;8.4;0;0;0
507;23;23;3;0;1;0;24;0;0;0;0;2;0;3;1;2;4;56;50;63;2;2498;49;83;99.4;2.9;2.9;27.4;25.9;37;26;58.7;-2.6;22;20;52.4;-13.0;0;0;0
509;20;20;3;1;1;-1;2;0;0;0;0;0;0;2;3;3;0;69;63;66;10;2829;549;97;93.7;3.8;5.1;34.4;29.3;47;32;59.5;5.9;29;24;54.7;-0.9;0;38;22
12391;11;11;3;0;2;3;9;0;0;0;0;1;0;1;1;3;3;63;51;75;2;2449;98;186;117.9;5.9;1.5;23.5;20.6;35;24;59.3;10.5;20;18;52.6;4.8;0;0;0
13497;8;8;3;0;0;0;0;0;0;0;0;0;0;4;3;1;0;63;57;65;4;2459;0;0;100.0;0.0;0.0;14.6;26.3;27;31;46.6;-7.5;13;20;39.4;-17.2;0;0;0
556;18;18;3;0;0;-1;2;0;0;0;0;0;0;6;3;2;2;63;53;68;4;1607;317;185;85.7;0.0;2.2;24.6;15.7;24;15;61.5;3.8;15;9;62.5;4.6;0;1;1
562;227;227;1;0;0;0;0;0;0;0;0;0;0;0;0;2;3;82;50;98;2;425;0;102;100.0;0.0;0.0;25.4;16.9;5;6;45.5;-18.5;3;3;50.0;-6.5;0;8;4
12998;19;19;2;0;0;0;15;0;0;0;0;1;0;3;0;2;2;62;57;69;10;1953;58;155;94.4;3.7;3.7;33.2;22.1;33;21;61.1;6.4;22;15;59.5;1.5;0;0;0
568;19;19;1;0;0;0;0;0;0;0;0;0;0;1;0;0;0;64;55;79;0;760;176;12;100.0;0.0;0.0;18.9;42.6;8;16;33.3;-14.9;5;10;33.3;-9.2;0;6;4
14031;10;10;3;0;0;0;2;0;0;0;0;0;0;5;2;0;0;63;60;53;10;2757;309;0;93.4;2.6;2.6;33.9;18.3;47;24;66.2;20.4;27;14;65.9;17.8;0;0;0
12392;19;19;2;0;0;0;0;0;0;0;0;0;0;1;0;0;0;61;51;57;2;880;0;0;100.0;0.0;0.0;16.4;20.4;8;9;47.1;-10.5;4;5;44.4;-15.0;0;0;0
588;220;220;3;1;0;-2;25;0;0;0;0;3;1;5;3;2;2;67;57;77;11;3037;328;179;98.2;1.2;2.4;20.1;30.8;27;41;39.7;-2.5;20;31;39.2;0.2;0;2;1
593;14;14;3;0;0;-2;2;0;0;0;0;0;0;7;3;1;0;58;50;66;7;3063;159;18;90.5;0.0;2.4;28.2;24.7;46;36;56.1;2.9;30;22;57.7;5.1;0;35;15
598;214;214;3;0;1;2;0;0;0;0;0;0;0;3;3;0;1;64;58;64;3;2267;27;0;110.0;3.2;0.0;31.8;22.2;32;23;58.2;7.1;21;16;56.8;4.8;0;18;12
599;214;214;3;0;3;3;2;0;0;0;0;0;0;1;2;1;0;77;73;69;9;3217;717;0;106.6;4.5;1.1;36.9;20.1;48;31;60.8;12.0;37;19;66.1;19.8;0;57;27
611;25;25;3;0;1;2;2;0;1;0;0;0;0;9;0;2;2;79;72;77;5;2276;975;0;107.0;4.7;1.6;34.8;23.7;35;28;55.6;8.1;24;21;53.3;5.5;0;2;0
612;19;19;1;0;0;0;0;0;0;0;0;0;0;0;1;0;0;49;46;61;0;472;0;0;0.0;0.0;0.0;0.0;38.1;3;7;30.0;-15.7;1;6;14.3;-29.5;0;4;1
13500;14;14;3;0;0;-1;5;0;0;0;0;1;1;3;3;1;1;55;49;57;5;1578;0;168;93.3;0.0;2.3;34.2;34.2;22;19;53.7;-0.7;16;16;50.0;-5.1;0;18;2
648;3;3;3;0;0;0;0;0;0;0;0;0;0;3;0;3;10;73;51;87;4;2852;10;299;100.7;1.3;1.3;20.2;22.7;32;39;45.1;3.2;20;18;52.6;10.6;0;0;0
649;224;224;3;0;0;0;0;0;0;0;0;0;0;3;1;0;3;58;50;67;1;2588;33;395;99.7;1.4;1.4;27.8;26.4;31;38;44.9;-2.2;28;23;54.9;11.4;0;0;0
651;25;25;1;0;0;-1;2;0;0;0;0;0;0;3;0;0;2;37;56;34;2;1045;0;251;88.9;6.9;10.3;31.0;31.0;15;14;51.7;6.8;10;11;47.6;6.9;0;0;0
665;10;10;3;2;2;1;2;0;0;0;0;0;0;5;5;2;2;65;56;75;7;2211;230;537;103.6;6.5;4.9;26.0;22.8;24;21;53.3;1.4;18;15;54.5;1.9;1;0;0
667;26;26;3;0;0;-2;0;0;0;0;0;0;0;2;4;1;1;58;51;68;5;2208;199;0;87.5;0.0;3.3;17.9;26.1;24;34;41.4;-9.2;11;17;39.3;-13.5;0;18;11
668;227;227;3;0;1;0;2;0;0;0;0;0;0;7;3;1;1;68;52;79;2;2020;854;864;101.4;1.8;1.8;32.1;42.8;26;30;46.4;-6.1;21;27;43.8;-4.9;0;44;24
681;224;224;3;0;1;-3;4;0;1;0;0;0;0;3;0;5;6;65;54;75;2;2652;720;433;87.5;0.0;4.1;23.1;32.6;29;42;40.8;-8.4;21;29;42.0;-8.5;0;0;0
691;23;23;3;1;3;2;0;0;0;0;0;0;0;5;5;1;1;64;62;67;13;3283;149;52;104.6;4.4;2.2;34.0;26.3;57;39;59.4;-2.1;37;27;57.8;-7.0;0;0;0
694;11;11;3;3;0;0;22;1;0;0;0;2;1;3;4;3;1;72;65;78;7;2734;370;118;97.8;2.6;2.6;27.6;22.4;32;40;44.4;-10.2;26;23;53.1;5.9;1;43;20
696;10;10;3;0;1;-1;17;0;0;0;0;1;1;5;4;3;1;69;61;75;4;2605;336;0;92.5;1.4;2.8;23.5;20.7;30;39;43.5;-12.7;20;21;48.8;-6.0;0;6;1
14033;24;24;3;4;1;0;0;1;0;0;0;0;0;4;2;1;3;73;69;75;9;3085;761;194;101.3;4.7;3.5;33.8;28.0;49;41;54.4;6.2;35;26;57.4;13.2;2;43;22
698;5;5;3;0;0;-2;8;0;0;0;0;0;0;6;3;0;0;64;58;61;3;2854;234;131;95.0;0.0;2.5;16.4;50.5;32;52;38.1;-1.0;19;41;31.7;-5.6;0;36;15
708;224;224;2;0;0;0;0;0;0;0;0;0;0;2;0;1;2;66;50;74;1;1777;69;206;100.0;0.0;0.0;34.4;34.4;27;30;47.4;15.1;22;20;52.4;19.0;0;0;0
709;8;8;3;1;1;1;4;1;0;0;0;0;0;5;0;1;2;70;64;71;6;3150;773;26;103.8;1.1;0.0;29.7;18.3;43;31;58.1;9.1;31;21;59.6;10.7;0;0;0
13502;19;19;1;0;0;0;0;0;0;0;0;0;0;1;1;1;0;57;49;70;0;562;0;0;100.0;0.0;0.0;19.2;12.8;7;4;63.6;12.3;4;2;66.7;9.3;0;4;3
722;17;17;3;0;1;0;0;0;1;0;0;0;0;4;1;1;1;69;60;73;6;2158;1061;161;100.0;0.0;0.0;20.0;36.7;25;32;43.9;2.0;15;25;37.5;-6.2;0;0;0
723;224;224;2;0;0;-1;0;0;0;0;0;0;0;1;1;0;0;51;48;49;1;706;95;43;87.5;0.0;5.1;10.2;40.8;4;15;21.1;-19.6;4;12;25.0;-18.8;0;0;0
724;5;5;3;0;0;-1;2;0;0;0;0;0;0;3;2;1;7;58;49;66;2;2739;0;248;101.1;1.3;2.6;18.4;43.4;25;57;30.5;-12.0;15;38;28.3;-10.0;0;0;0
732;227;227;3;0;0;1;8;0;0;0;0;0;0;11;1;1;4;66;59;76;6;2705;788;221;105.6;1.3;0.0;24.0;34.6;31;38;44.9;-8.9;19;29;39.6;-10.9;0;0;0
13002;0;0;3;1;1;1;0;0;0;0;0;0;0;2;0;1;1;62;58;60;2;933;8;66;120.8;7.7;3.9;23.1;30.9;13;19;40.6;-15.5;6;11;35.3;-24.3;0;0;0
747;220;220;3;0;0;-2;0;0;0;0;0;0;0;1;2;2;0;59;51;68;0;2313;319;0;95.0;0.0;1.6;17.1;31.1;15;27;35.7;-7.1;11;21;34.4;-6.0;0;30;15
760;217;217;3;0;0;0;2;0;0;0;0;0;0;3;3;5;3;66;53;83;3;3316;455;491;100.0;1.1;1.1;28.2;28.2;49;46;51.6;6.7;33;31;51.6;9.3;0;0;0
762;17;17;3;0;1;-1;0;0;0;0;0;0;0;1;4;2;2;63;50;73;5;1762;51;139;90.9;2.0;4.1;32.7;26.6;26;29;47.3;6.6;18;15;54.5;16.4;0;0;0
764;224;224;3;0;1;-1;5;0;1;0;0;1;0;6;4;1;2;69;51;82;0;1658;1207;724;90.0;0.0;2.2;15.2;21.7;16;20;44.4;-2.3;7;14;33.3;-16.7;0;45;22
767;25;25;3;1;0;-1;0;0;0;0;0;0;0;0;3;1;2;57;50;68;3;1795;0;184;97.5;2.0;4.0;20.0;32.1;14;30;31.8;-21.7;11;17;39.3;-12.2;0;21;10
770;9;9;3;0;0;-1;4;0;0;0;0;0;0;4;0;3;6;64;55;70;1;3300;330;154;97.9;1.1;2.2;20.7;29.4;34;43;44.2;2.0;23;28;45.1;1.5;0;0;0
771;11;11;3;0;0;-1;0;0;0;0;0;0;0;2;3;0;1;54;52;54;1;1879;0;93;91.7;0.0;1.9;7.7;23.0;22;21;51.2;-0.4;5;17;22.7;-30.7;0;1;1
14500;14;14;3;0;0;-1;4;0;0;0;0;0;0;4;3;1;4;72;55;84;6;2996;589;185;95.2;0.0;1.2;24.0;25.2;40;40;50.0;-6.3;25;23;52.1;-2.8;0;15;8
783;5;5;3;0;0;-1;2;0;0;0;0;0;0;1;0;1;9;70;51;78;4;3578;71;403;95.1;0.0;2.0;24.1;41.2;49;58;45.8;11.6;30;43;41.1;9.2;0;0;0
786;19;19;1;0;0;0;0;0;0;0;0;0;0;0;0;0;0;59;54;64;0;622;0;0;100.0;0.0;0.0;17.4;40.5;8;9;47.1;-7.4;4;7;36.4;-26.9;0;0;0
797;0;0;3;0;2;2;5;0;0;0;0;1;0;2;0;2;8;69;54;78;1;3372;48;212;109.5;3.2;1.1;22.4;22.4;47;44;51.6;-4.0;29;25;53.7;-5.0;0;0;0
801;3;3;3;0;1;1;0;0;0;0;0;0;0;5;0;0;0;60;56;64;1;1454;0;128;114.3;2.5;0.0;17.3;32.2;9;26;25.7;-20.5;7;15;31.8;-15.6;0;0;0
13503;19;19;3;0;0;-1;0;0;0;0;0;0;0;5;3;1;2;75;68;70;6;3565;676;12;95.2;0.0;1.0;35.3;21.2;50;41;54.9;3.5;39;29;57.4;7.4;0;34;17
815;21;21;3;1;1;5;0;0;0;0;0;0;0;4;0;1;3;67;60;75;4;2469;0;296;119.2;7.3;0.0;37.9;17.5;40;28;58.8;3.5;31;18;63.3;10.3;0;0;0
829;221;221;3;0;0;-1;2;0;0;0;0;0;0;4;1;1;0;60;56;64;2;1183;0;0;83.3;0.0;3.0;21.3;18.2;11;13;45.8;-12.2;7;6;53.8;-4.1;0;0;0
837;216;216;3;0;1;-3;0;0;1;0;0;0;0;4;2;2;0;66;60;74;4;2317;546;727;92.6;0.0;3.1;34.2;41.9;41;40;50.6;-14.7;24;31;43.6;-22.7;0;12;4
838;25;25;3;1;1;2;0;0;1;0;0;0;0;5;3;1;0;71;64;75;2;2003;953;71;116.7;3.6;0.0;21.6;27.0;19;26;42.2;-9.0;13;18;41.9;-9.2;0;1;1
839;5;5;3;0;1;1;0;0;0;0;0;0;0;0;2;0;0;51;50;50;0;990;0;0;120.0;3.6;0.0;18.2;40.0;12;18;40.0;1.3;6;13;31.6;-4.3;0;0;0
840;227;227;3;0;1;0;0;0;0;0;0;0;0;4;2;0;1;61;54;69;2;2409;181;20;100.0;0.0;0.0;28.4;35.9;31;33;48.4;-3.6;21;28;42.9;-6.3;0;3;1
843;23;23;3;2;3;7;17;0;0;0;0;1;0;2;1;0;2;65;65;58;8;2159;0;0;130.4;11.7;0.0;38.3;18.3;37;28;56.9;-5.1;25;13;65.8;4.6;1;1;0
850;220;220;3;1;1;-1;4;0;0;1;0;0;0;2;2;2;3;58;57;65;4;1825;9;575;100.9;2.0;5.9;11.8;37.5;14;26;35.0;-7.9;6;22;21.4;-21.7;0;26;11
854;217;217;3;0;1;-1;0;0;0;0;0;0;0;4;0;1;1;64;59;63;1;2172;249;0;103.7;1.7;3.3;14.9;44.7;26;37;41.3;-8.7;16;30;34.8;-15.7;0;0;0
855;21;21;3;0;0;-1;0;0;0;0;0;0;0;4;2;2;1;67;60;72;6;1841;274;55;87.5;0.0;2.0;29.3;15.6;35;15;70.0;17.8;17;13;56.7;0.4;0;1;0
860;12;12;3;0;3;4;7;0;0;0;0;1;0;1;3;0;1;52;49;54;5;1595;1;0;119.0;9.0;0.0;47.4;24.8;29;23;55.8;7.3;25;12;67.6;18.0;0;1;0
862;12;12;3;0;3;2;2;0;0;0;0;0;0;0;1;5;5;65;54;75;4;3559;83;344;103.2;6.1;4.0;28.3;22.2;45;36;55.6;8.5;35;23;60.3;10.3;0;0;0
866;9;9;3;0;1;-1;0;0;0;0;0;0;0;2;2;0;1;49;52;50;1;2404;322;0;96.9;3.0;4.5;15.0;19.5;14;28;33.3;-12.2;12;16;42.9;-1.7;0;0;0
867;220;220;3;0;0;-4;0;0;0;0;0;0;0;5;1;2;7;57;52;63;1;3219;32;258;88.4;1.1;5.6;17.9;31.3;30;45;40.0;-2.2;19;31;38.0;-1.6;0;0;0
881;11;11;3;0;0;-2;2;0;0;0;0;0;0;7;0;1;0;55;57;58;1;1792;0;26;75.8;2.0;6.0;22.1;18.1;20;15;57.1;6.6;13;11;54.2;6.1;0;0;0
892;19;19;1;0;0;0;0;0;0;0;0;0;0;2;0;0;1;62;52;73;1;746;0;0;100.0;0.0;0.0;24.1;28.9;9;8;52.9;11.7;6;6;50.0;12.8;0;7;2
894;227;227;2;0;1;0;0;0;0;0;0;0;0;1;1;1;0;60;55;55;0;1384;37;187;110.4;2.6;2.6;15.6;41.6;10;21;32.3;-17.3;7;18;28.0;-19.6;0;15;6
908;11;11;3;1;2;1;4;0;1;1;0;0;0;4;3;5;2;74;68;73;5;2766;384;382;99.8;1.3;1.3;27.3;26.0;31;40;43.7;-11.3;25;23;52.1;4.5;0;2;1
913;5;5;3;0;1;-1;0;0;0;0;1;0;0;6;0;6;1;79;62;88;7;2756;106;459;92.3;0.0;2.6;22.2;34.0;30;38;44.1;7.1;19;32;37.3;2.4;0;36;20
914;12;12;3;0;1;1;9;0;0;0;0;1;0;11;6;0;2;66;55;76;4;2011;0;537;104.0;3.6;1.8;32.2;25.1;28;33;45.9;-6.0;20;21;48.8;-7.0;0;1;1
922;16;16;3;0;0;-3;0;0;0;0;0;0;0;3;0;2;0;59;53;60;3;2172;0;400;89.2;1.7;6.6;28.2;39.8;26;38;40.6;0.8;19;25;43.2;4.7;0;29;11
13505;23;23;3;0;2;1;17;0;1;0;0;1;0;3;0;1;4;69;60;79;3;1993;775;32;105.9;1.8;0.0;30.7;14.5;33;14;70.2;11.6;23;9;71.9;11.9;0;32;12
930;22;22;3;0;0;1;2;0;0;0;0;0;0;6;0;2;3;66;53;75;2;2919;39;307;102.9;2.5;1.2;32.1;25.9;36;39;48.0;-2.4;28;22;56.0;5.5;0;0;0
938;227;227;3;1;0;-2;2;0;0;0;0;0;0;6;1;4;1;62;58;66;8;2602;266;227;90.3;1.4;4.1;26.3;27.7;39;32;54.9;6.0;24;26;48.0;1.2;0;0;0
12397;17;17;3;0;1;-1;8;0;1;0;0;0;0;1;1;2;1;64;58;75;4;2365;857;149;95.0;0.0;1.5;19.8;30.4;25;35;41.7;-1.0;15;23;39.5;-3.4;0;37;23
955;20;20;3;1;1;0;0;1;0;0;0;0;0;1;1;5;6;72;66;76;11;3249;538;152;96.8;3.3;3.3;29.9;23.3;51;41;55.4;-0.1;33;29;53.2;-3.5;0;0;0
957;26;26;3;0;2;-3;10;0;0;0;1;2;0;6;2;0;6;55;54;58;3;3095;161;576;83.7;1.2;5.8;25.6;27.9;37;43;46.3;-3.1;25;29;46.3;-6.2;0;0;0
960;0;0;3;1;1;2;5;0;0;0;0;1;0;6;7;3;1;66;61;71;13;2665;0;434;101.5;5.4;2.7;36.5;20.3;48;35;57.8;5.3;35;18;66.0;13.3;0;1;0
966;26;26;3;0;0;-1;0;0;0;0;0;0;0;4;2;1;0;61;54;67;3;1517;520;0;91.7;0.0;2.4;28.5;28.5;17;29;37.0;-14.1;14;16;46.7;-4.6;0;0;0
980;3;3;3;0;0;2;0;0;0;0;0;0;0;1;0;2;4;67;60;77;7;3484;898;455;107.5;3.1;1.0;25.8;22.7;38;36;51.4;12.7;28;28;50.0;8.5;0;0;0
985;18;18;3;0;0;1;2;0;0;0;0;0;0;1;1;3;2;71;67;75;5;2575;291;229;104.3;1.4;0.0;32.2;12.6;30;18;62.5;5.2;23;11;67.6;11.5;0;8;0
989;20;20;3;1;0;1;34;0;0;0;0;2;2;2;0;0;0;72;66;71;4;2608;144;48;102.1;2.8;1.4;33.1;22.1;39;38;50.6;-7.1;26;21;55.3;-0.0;0;27;15
1010;227;227;3;0;0;-4;2;0;0;0;0;0;0;2;1;0;2;51;50;51;1;1668;42;0;78.9;0.0;8.6;25.9;41.0;20;25;44.4;-8.2;13;20;39.4;-9.8;0;0;0
1015;8;8;3;0;1;-2;4;0;1;0;0;0;0;3;0;3;3;58;57;56;4;3388;228;221;92.9;3.2;5.3;19.1;22.3;33;39;45.8;-9.3;27;27;50.0;-4.3;0;0;0
1022;25;25;3;1;1;3;0;0;0;0;0;0;0;6;1;4;3;70;62;81;17;3279;848;117;111.8;4.4;1.1;25.2;19.8;42;40;51.2;2.5;27;24;52.9;5.2;0;0;0
14041;0;0;3;0;2;-4;7;0;2;0;0;1;0;3;1;5;6;70;63;78;9;2989;1109;351;81.8;0.0;4.8;27.7;26.5;39;36;52.0;-3.1;26;25;51.0;-8.8;0;0;0
1026;11;11;3;0;1;-1;0;0;0;0;0;0;0;4;3;0;0;52;51;52;4;1790;0;0;84.1;2.0;4.0;22.1;16.1;20;17;54.1;3.0;12;12;50.0;1.2;0;0;0
13507;5;5;3;0;0;2;4;0;0;0;0;0;0;10;1;0;7;70;55;81;3;3065;121;479;105.3;2.3;2.3;22.3;44.6;34;55;38.2;-0.9;24;41;36.9;2.2;0;0;0
14505;18;18;3;1;0;2;0;0;0;0;0;0;0;7;1;3;0;68;59;79;9;2692;0;0;107.4;2.7;0.0;36.1;20.1;37;25;59.7;1.7;27;17;61.4;3.8;0;1;0
1032;25;25;3;0;1;-1;0;0;0;0;0;0;0;2;4;3;0;64;55;70;9;2599;372;366;92.7;1.4;2.8;36.0;24.9;42;35;54.5;7.3;30;24;55.6;9.3;0;5;4
1042;217;217;3;1;0;1;19;1;0;0;0;1;0;3;1;0;0;60;57;62;2;2590;149;143;106.2;2.8;1.4;23.6;25.0;38;27;58.5;15.0;23;23;50.0;5.7;0;0;0
14043;24;24;3;0;0;-2;4;0;0;0;0;0;0;3;0;0;3;56;52;62;8;3297;240;238;92.9;0.0;2.2;21.8;30.6;37;40;48.1;-3.8;23;30;43.4;-9.0;0;0;0
1052;227;227;3;0;0;-3;17;0;0;0;0;1;0;7;2;4;0;64;51;70;1;2165;0;829;87.5;0.0;5.0;29.9;39.9;34;33;50.7;-0.3;23;27;46.0;-1.7;0;38;21
13007;24;24;3;0;0;0;2;0;0;0;0;0;0;3;4;2;3;57;49;75;2;1762;277;54;100.0;0.0;0.0;20.4;24.5;22;23;48.9;-2.2;13;15;46.4;-3.6;0;0;0
1056;12;12;3;0;1;-3;7;0;0;0;0;1;0;5;1;4;7;58;53;65;7;2678;409;555;88.5;4.0;8.1;32.3;33.6;38;42;47.5;-4.4;28;29;49.1;-7.6;0;0;0
1059;18;18;3;0;2;2;2;0;0;0;0;0;0;1;1;2;1;61;55;68;3;2727;0;22;107.4;2.6;0.0;35.6;15.8;38;23;62.3;5.3;29;15;65.9;10.2;0;35;17
13508;14;14;3;1;0;1;14;0;0;0;0;2;1;4;2;1;1;71;63;76;8;2714;710;4;104.8;1.3;0.0;27.9;23.9;32;27;54.2;0.0;23;21;52.3;-2.5;0;47;24
1068;0;0;3;0;0;1;0;0;0;0;0;0;0;0;0;0;0;56;51;59;2;1034;15;0;111.1;3.5;0.0;31.3;34.8;23;20;53.5;-0.9;10;12;45.5;-13.4;0;1;0
1084;9;9;3;0;0;-2;9;0;0;0;0;1;0;1;2;2;5;62;50;72;2;2957;584;533;83.3;0.0;3.7;14.6;21.9;22;37;37.3;-8.0;14;22;38.9;-7.3;0;0;0
1086;12;12;3;0;1;0;9;0;0;0;0;1;1;14;3;1;1;69;57;67;2;2018;75;366;100.0;3.6;3.6;23.2;23.2;21;24;46.7;-4.5;16;14;53.3;-0.7;0;1;0
14044;10;10;3;2;0;0;0;0;0;0;0;0;0;4;0;0;4;69;64;65;11;2684;355;0;96.2;2.7;2.7;33.5;22.8;41;27;60.3;11.6;25;18;58.1;7.2;0;3;1
1104;220;220;3;0;0;-3;0;0;0;0;0;0;0;9;0;1;0;58;54;61;1;1922;0;0;83.3;0.0;5.6;11.2;33.7;14;24;36.8;-5.6;6;20;23.1;-19.3;0;0;0
1108;11;11;3;0;1;1;4;0;0;0;0;0;0;6;0;3;4;70;64;80;3;3585;471;407;96.9;1.0;1.0;25.1;14.1;40;38;51.3;-0.3;27;24;52.9;5.9;0;0;0
1113;5;5;3;0;1;-4;20;0;1;0;0;1;0;4;3;2;0;58;57;57;2;2332;61;58;88.0;1.5;7.7;26.2;43.2;34;43;44.2;7.5;21;32;39.6;5.8;0;2;0
13510;23;23;3;0;2;3;0;0;0;0;0;0;0;1;1;2;6;70;61;80;3;3540;680;302;108.3;4.1;1.0;30.5;20.3;50;38;56.8;-5.9;38;23;62.3;0.1;0;0;0
13010;16;16;3;0;1;-1;7;0;0;0;0;1;0;3;2;2;8;66;51;79;3;3108;195;369;99.7;2.3;3.5;23.2;33.6;29;54;34.9;-7.5;22;33;40.0;0.4;0;0;0
1169;217;217;3;0;0;-2;15;0;0;0;0;3;2;3;1;1;5;61;53;67;5;2858;251;460;92.8;1.3;3.8;23.9;30.2;39;36;52.0;6.4;25;28;47.2;1.8;0;0;0
1170;12;12;3;1;0;2;6;0;0;0;0;0;0;5;4;0;7;65;48;76;4;2733;37;314;111.7;4.0;1.3;23.7;26.3;27;39;40.9;-13.5;21;25;45.7;-11.8;1;0;0
1172;0;0;3;1;0;2;0;0;0;0;0;0;0;3;2;1;1;65;59;71;7;2466;199;365;106.5;4.4;1.5;32.1;20.4;42;37;53.2;-1.5;28;18;60.9;5.3;0;35;15
1173;224;224;3;0;1;-1;6;0;0;0;0;0;0;3;0;3;4;73;55;84;5;2914;899;624;95.2;0.0;1.2;21.0;25.9;37;38;49.3;4.6;21;27;43.8;-5.7;0;0;0
1175;3;3;3;0;0;-1;0;0;0;0;0;0;0;3;3;2;1;73;67;70;3;2501;661;0;95.0;1.4;2.9;17.3;21.6;29;32;47.5;6.4;17;18;48.6;4.9;0;2;0
1187;214;214;3;0;2;6;0;0;0;0;0;0;0;4;1;0;7;66;52;74;1;2951;0;81;120.7;8.5;1.2;34.2;28.1;37;40;48.1;-6.9;29;25;53.7;1.0;0;0;0
1213;17;17;3;1;0;1;6;0;0;0;0;0;0;7;3;4;1;70;54;78;3;2515;50;674;112.5;1.4;0.0;11.4;31.5;17;30;36.2;-8.0;10;22;31.3;-13.8;0;1;1
13012;21;21;3;0;2;3;2;0;0;0;0;0;0;1;4;2;0;61;55;69;2;1842;372;232;116.7;5.9;0.0;35.2;23.4;27;19;58.7;2.9;21;13;61.8;7.0;0;23;10
1228;221;221;3;3;3;5;4;1;0;0;0;0;0;4;8;3;2;82;76;71;9;2556;459;122;127.5;8.4;1.4;25.3;23.9;37;31;54.4;-3.4;23;18;56.1;-2.1;2;6;4
1240;17;17;3;0;0;-2;4;0;0;0;0;0;0;5;1;2;5;67;60;70;8;2991;278;666;94.6;0.0;2.4;22.9;44.5;30;53;36.1;-10.3;22;40;35.5;-11.4;0;0;0
1246;10;10;3;0;0;-1;5;0;0;0;0;1;0;0;2;1;3;57;51;66;3;2004;176;456;98.2;1.8;3.6;14.4;25.1;16;21;43.2;-10.8;10;16;38.5;-17.8;0;41;19
1251;23;23;3;2;1;3;22;0;0;0;0;2;1;4;3;0;0;68;67;58;9;2528;8;3;109.7;7.1;2.8;34.2;25.6;47;26;64.4;5.1;28;19;59.6;-3.6;0;0;0
1258;19;19;1;0;0;1;0;0;0;0;0;0;0;1;0;2;4;91;54;99;1;1338;17;108;110.0;2.7;0.0;26.9;13.5;16;15;51.6;-2.1;12;8;60.0;2.5;0;0;0
1260;3;3;3;2;2;4;0;0;1;0;0;0;0;8;2;2;0;83;78;79;8;3174;235;62;118.5;5.7;1.1;23.8;21.5;37;35;51.4;12.6;26;22;54.2;14.2;0;8;6
1262;214;214;3;1;1;0;2;0;0;0;0;0;0;2;2;3;2;68;64;65;8;2620;588;75;103.8;2.7;2.7;22.0;31.6;26;33;44.1;-11.6;16;25;39.0;-18.7;1;18;8
1290;17;17;3;0;1;1;9;0;0;0;0;1;0;2;1;6;5;71;63;81;6;2894;961;398;105.0;2.5;1.2;24.9;24.9;39;37;51.3;14.0;22;24;47.8;8.7;0;0;0
1292;23;23;3;0;1;1;22;0;0;0;0;2;0;1;3;0;2;66;62;69;8;1978;527;409;108.3;1.8;0.0;21.8;12.7;23;13;63.9;3.7;14;7;66.7;5.1;0;6;1
11990;18;18;3;0;1;-1;0;0;0;0;0;0;0;2;2;7;4;71;54;83;6;2971;143;448;94.5;1.2;2.4;37.6;27.9;44;33;57.1;-2.0;34;24;58.6;0.0;0;0;0
1320;25;25;2;0;0;0;0;0;0;0;0;0;0;4;0;1;2;64;54;77;1;1137;164;0;100.0;0.0;0.0;41.1;25.3;26;21;55.3;6.5;18;11;62.1;16.7;0;0;0
1326;220;220;3;0;1;-2;5;0;1;0;0;1;1;1;1;1;0;61;55;62;5;2361;450;0;81.8;0.0;3.0;29.0;16.8;35;23;60.3;26.1;27;17;61.4;31.5;0;35;18
1330;227;227;3;0;0;-3;0;0;0;0;0;0;0;12;1;2;1;65;55;67;9;2554;121;117;85.8;1.4;5.6;35.2;31.0;45;33;57.7;10.6;30;25;54.5;11.1;0;1;1
13017;22;22;3;2;0;2;10;1;0;0;0;0;0;2;1;1;0;66;57;80;2;2458;1149;25;113.3;2.9;0.0;22.0;26.4;20;30;40.0;-12.6;17;20;45.9;-8.5;0;52;27
14511;24;24;3;0;0;2;0;0;0;0;0;0;0;4;2;0;0;66;62;62;5;2775;75;121;110.0;2.6;0.0;25.9;16.9;33;26;55.9;7.1;23;16;59.0;12.8;0;1;0
1351;20;20;3;0;2;1;0;0;0;0;0;0;0;4;2;4;0;64;60;68;3;1994;0;381;88.1;5.4;3.6;32.5;12.6;33;14;70.2;18.2;25;10;71.4;20.6;0;7;2
1363;214;214;3;1;0;0;0;0;0;0;0;0;0;8;7;2;0;69;60;77;4;2360;9;514;100.5;1.5;1.5;21.3;22.9;22;25;46.8;-7.4;15;17;46.9;-7.7;0;10;5
1369;221;221;3;1;0;2;5;0;0;0;0;1;0;2;1;1;2;62;58;68;2;1989;16;9;111.8;3.6;0.0;30.8;16.3;31;23;57.4;0.8;20;12;62.5;6.4;0;29;15
1370;5;5;3;0;0;0;5;0;0;0;0;1;1;5;0;0;0;60;51;59;0;1346;0;43;143.3;2.7;2.7;5.3;40.1;12;20;37.5;-1.5;3;15;16.7;-20.8;0;1;0
1389;214;214;3;0;1;2;2;0;0;0;0;0;0;2;0;4;6;78;73;81;9;3755;613;61;107.3;2.9;1.0;25.9;24.9;43;41;51.2;-2.4;30;30;50.0;-4.8;0;0;0
14049;216;216;3;0;1;-1;0;0;0;0;0;0;0;0;1;2;4;58;51;65;1;2377;0;143;93.9;1.5;3.0;30.3;27.3;36;30;54.5;-8.2;23;21;52.3;-9.1;0;0;0
1409;10;10;3;0;1;0;7;0;0;0;0;1;0;0;7;2;2;52;50;60;2;2749;405;28;97.4;3.9;3.9;26.2;22.3;34;40;45.9;-9.4;25;21;54.3;1.8;0;32;16
1414;20;20;3;2;0;0;7;0;0;0;0;1;0;5;1;0;0;66;61;54;10;2291;142;68;100.9;4.7;4.7;28.3;29.8;33;30;52.4;-4.2;18;22;45.0;-13.8;1;1;0
1416;26;26;3;0;1;-1;0;0;0;0;1;0;0;1;3;0;1;52;52;55;2;1760;126;586;86.7;0.0;4.1;22.5;30.7;17;29;37.0;-14.1;13;20;39.4;-13.9;0;21;7
1418;12;12;3;0;0;-3;7;0;0;0;0;1;0;7;6;3;2;63;49;77;10;2617;349;507;85.0;1.4;5.5;27.5;27.5;32;37;46.4;-5.7;23;27;46.0;-11.7;0;51;17
1421;17;17;3;0;0;-1;6;0;0;0;0;0;0;3;0;4;10;75;52;89;1;3100;295;406;101.3;1.2;2.3;18.6;46.4;25;60;29.4;-21.8;19;44;30.2;-21.1;0;0;0
1425;18;18;3;0;0;0;0;0;0;0;0;0;0;4;1;1;0;62;56;64;2;1403;106;0;100.0;0.0;0.0;25.7;15.4;23;12;65.7;8.6;13;7;65.0;7.3;0;1;1
1437;214;214;3;1;2;2;21;0;0;0;0;1;1;11;4;0;2;77;69;79;8;2697;700;62;103.3;4.0;1.3;40.0;20.0;47;26;64.4;16.8;35;16;68.6;22.6;0;5;2
14514;12;12;3;2;0;0;0;0;0;0;0;0;0;7;3;2;3;71;61;74;8;1525;1120;2;94.4;7.1;4.7;42.5;21.2;29;22;56.9;8.7;23;12;65.7;15.3;1;2;1
12402;8;8;3;1;0;-2;0;0;0;0;0;0;0;3;2;0;1;56;53;50;5;1807;0;33;81.7;2.0;6.0;29.9;23.9;31;19;62.0;12.9;20;14;58.8;7.9;0;1;1
1448;18;18;3;0;1;-2;2;0;0;0;0;0;0;5;5;1;1;62;56;64;9;3181;307;91;94.9;2.3;3.4;37.3;30.6;48;36;57.1;-2.1;34;29;54.0;-7.7;0;56;30
1453;221;221;3;0;2;2;0;0;1;0;0;0;0;3;2;0;3;67;62;72;0;2391;242;200;114.3;3.0;0.0;21.1;27.1;32;30;51.6;-7.1;18;18;50.0;-10.2;0;0;0
1472;14;14;3;0;1;-1;2;0;1;0;0;0;0;7;1;2;2;80;74;80;8;2905;799;4;95.2;0.0;1.2;26.0;26.0;39;37;51.3;-4.2;28;24;53.8;-0.4;0;1;0
13516;221;221;3;1;3;3;4;1;1;0;0;0;0;5;0;4;3;82;79;80;5;3429;577;344;110.3;3.1;0.0;30.4;17.8;51;34;60.0;5.1;33;21;61.1;5.8;0;0;0
14515;19;19;2;0;0;0;20;0;0;0;0;2;0;2;0;1;1;72;50;68;1;1025;0;71;100.0;0.0;0.0;14.0;24.6;11;14;44.0;-9.9;5;8;38.5;-12.9;0;2;1
1489;227;227;3;0;0;1;0;0;0;0;0;0;0;2;1;0;1;58;49;62;1;1660;0;46;112.5;2.2;0.0;17.3;19.5;12;18;40.0;-12.7;8;13;38.1;-10.5;0;1;0
1491;25;25;3;1;0;-1;2;1;0;0;0;0;0;2;4;5;0;68;58;77;9;2824;921;91;93.9;1.3;2.5;25.5;22.9;38;35;52.1;3.5;24;26;48.0;-2.0;0;50;29
1497;22;22;3;1;2;3;2;0;0;0;0;0;0;8;2;0;2;76;74;71;10;2812;95;123;109.7;3.8;0.0;39.7;33.3;46;33;58.2;14.3;36;28;56.3;6.8;0;0;0
1504;21;21;3;0;1;4;2;0;0;0;0;0;0;6;1;2;1;69;61;71;3;1640;271;66;130.8;8.8;0.0;28.5;17.6;24;16;60.0;4.4;16;9;64.0;9.2;0;0;0
1508;216;216;3;0;0;-1;0;0;0;0;0;0;0;1;0;0;0;56;54;58;3;1118;292;31;80.0;0.0;3.2;32.2;16.1;16;9;64.0;3.7;11;6;64.7;6.3;0;2;0
1517;19;19;3;0;0;1;2;0;0;0;0;0;0;6;0;3;8;70;60;88;12;3591;738;269;103.2;1.0;0.0;31.1;23.1;47;49;49.0;-5.9;34;31;52.3;-0.7;0;0;0
1527;220;220;3;0;3;-1;5;0;2;0;1;1;0;3;1;2;6;68;54;80;2;3019;330;460;93.3;0.0;1.2;16.7;17.9;27;30;47.4;8.2;20;20;50.0;14.9;0;0;0
1528;20;20;3;0;0;-1;14;0;0;0;0;2;0;3;4;2;1;63;59;71;7;2560;569;33;94.1;0.0;1.4;32.3;23.9;38;35;52.1;-4.9;25;22;53.2;-3.1;0;10;7
1538;221;221;3;2;4;1;4;2;2;0;0;0;0;9;3;2;1;79;70;85;9;2949;459;337;107.2;2.4;1.2;20.7;26.9;36;36;50.0;-9.9;22;22;50.0;-11.1;0;0;0
1542;224;224;3;0;0;-1;0;0;0;0;0;0;0;2;0;0;1;59;56;63;4;1941;347;454;92.3;0.0;1.9;22.2;24.1;24;22;52.2;7.5;14;16;46.7;-1.1;0;11;5
1550;227;227;3;0;0;-1;2;0;0;0;0;0;0;6;0;0;0;64;56;66;8;1800;873;0;88.9;0.0;2.0;38.0;18.0;31;13;70.5;24.6;23;10;69.7;28.3;0;0;0
1560;21;21;3;1;2;4;7;0;1;0;0;1;0;8;1;3;3;74;56;83;5;1667;80;714;128.6;8.6;0.0;30.2;21.6;17;16;51.5;-5.9;14;12;53.8;-3.1;0;48;18
11994;17;17;3;0;0;-1;0;0;0;0;0;0;0;3;4;1;1;62;57;59;4;2512;183;118;94.2;1.4;2.9;27.2;25.8;29;35;45.3;4.2;20;21;48.8;9.6;0;0;0
1565;18;18;3;0;0;-4;7;0;0;0;0;1;0;7;2;3;1;65;52;71;4;1908;146;256;62.5;0.0;5.7;24.5;15.1;21;17;55.3;-3.9;16;10;61.5;3.5;0;2;0
1584;217;217;3;0;0;-3;9;0;0;0;0;1;0;3;0;0;4;63;57;67;4;3151;678;134;92.6;0.0;2.3;19.4;30.8;34;46;42.5;-7.8;23;33;41.1;-7.5;0;0;0
13518;10;10;3;2;0;0;0;0;0;0;0;0;0;3;2;2;2;67;63;66;9;2670;80;63;100.0;2.7;2.7;25.6;25.6;35;41;46.1;-9.4;24;23;51.1;-3.0;0;0;0
1588;220;220;3;0;1;-4;6;0;1;0;0;0;0;5;0;4;1;63;59;70;5;3321;251;206;91.4;0.0;3.3;22.8;37.9;36;51;41.4;-0.1;26;42;38.2;-1.5;0;0;0
1593;10;10;3;0;1;0;4;0;0;0;0;0;0;3;2;3;1;61;50;68;1;3596;215;389;96.6;2.0;2.0;28.0;19.0;42;34;55.3;4.6;29;23;55.8;4.2;0;0;0
1598;5;5;3;1;1;-1;2;0;0;0;0;0;0;3;3;7;2;71;61;81;6;2940;729;321;101.4;2.4;4.9;22.0;50.2;32;61;34.4;-6.7;21;42;33.3;-3.3;0;56;28
11995;214;214;3;0;1;4;0;0;0;0;0;0;0;2;0;3;4;63;53;71;5;2735;0;104;114.7;6.6;1.3;32.9;25.0;35;32;52.2;-0.7;25;19;56.8;5.2;0;0;0
1611;20;20;3;0;2;4;4;0;0;0;0;0;0;6;0;2;6;72;59;84;5;3061;86;700;112.9;4.7;0.0;36.5;22.3;52;31;62.7;10.8;36;24;60.0;7.5;0;0;0
14518;217;217;3;0;0;-2;2;0;0;0;0;0;0;3;4;1;0;51;48;57;3;1543;123;0;90.0;0.0;2.3;14.0;23.3;15;26;36.6;-13.4;7;17;29.2;-19.7;0;0;0
1626;22;22;3;0;0;2;4;0;0;0;0;0;0;4;2;0;8;67;49;80;4;2946;56;338;111.8;2.4;0.0;20.8;31.8;28;40;41.2;-12.6;21;28;42.9;-14.1;0;0;0
13520;5;5;3;0;0;-1;0;0;0;0;0;0;0;6;4;3;4;73;57;83;2;2471;32;249;97.4;0.0;1.5;13.1;56.8;25;50;33.3;-7.6;15;40;27.3;-11.7;0;4;2
1635;0;0;3;1;0;0;0;0;0;0;0;0;0;4;4;1;1;70;65;68;7;2695;150;66;98.8;1.3;1.3;30.7;24.0;41;34;54.7;0.6;24;22;52.2;-6.8;0;2;2
1641;17;17;1;0;0;0;2;0;0;0;0;0;0;2;1;0;0;70;64;68;0;1153;355;0;100.0;0.0;0.0;15.6;34.3;11;13;45.8;4.2;7;11;38.9;-3.5;0;0;0
1648;16;-1;1;0;0;-1;0;0;0;0;0;0;0;0;1;0;0;47;47;47;0;375;0;0;0.0;0.0;9.6;0.0;48.0;1;5;16.7;-14.9;0;5;0.0;-30.2;0;3;1
1651;3;3;3;1;2;-1;19;1;0;0;0;3;0;7;3;0;3;68;60;72;5;2899;462;0;96.0;2.5;3.7;21.1;23.6;32;30;51.6;12.1;21;24;46.7;2.6;1;33;22
1661;14;14;3;0;0;1;0;0;0;0;0;0;0;8;1;2;3;70;53;81;3;3655;552;231;102.6;2.0;1.0;34.5;31.5;54;52;50.9;-5.9;44;38;53.7;-0.9;0;0;0
1665;21;21;3;0;3;2;2;0;0;0;0;0;0;7;1;2;5;69;57;82;2;2286;115;799;108.7;3.1;0.0;36.2;20.5;35;24;59.3;4.0;26;18;59.1;3.9;0;0;0
1667;214;214;3;1;2;3;11;0;0;0;0;1;0;3;0;0;1;62;64;57;2;3844;135;91;106.8;4.7;1.9;30.9;22.5;55;40;57.9;8.6;37;29;56.1;5.0;0;0;0
12404;214;214;3;0;2;4;15;0;0;0;0;1;0;4;0;1;1;65;63;65;3;2247;5;10;116.1;8.0;1.6;38.4;33.6;39;30;56.5;5.3;26;21;55.3;3.2;0;4;1
1687;5;5;3;1;0;-1;0;0;0;1;0;0;0;6;4;1;2;61;53;67;4;2084;0;531;96.0;1.7;5.2;24.2;46.6;24;41;36.9;-2.5;16;33;32.7;-3.8;0;13;4
1693;22;22;3;0;0;0;4;0;0;0;0;0;0;7;0;1;9;69;54;80;11;3003;183;287;100.0;1.2;1.2;27.6;27.6;34;39;46.6;-4.6;25;24;51.0;-2.0;0;0;0
1697;227;227;3;0;0;-1;4;0;0;0;0;0;0;3;0;0;3;62;51;74;3;1689;0;77;91.7;0.0;2.1;27.7;25.6;18;19;48.6;-2.8;14;14;50.0;3.4;0;0;0
1705;227;227;3;0;0;0;21;0;0;0;0;1;1;8;3;0;0;63;50;70;2;2038;37;172;100.0;0.0;0.0;21.2;23.0;22;21;51.2;0.3;14;17;45.2;-2.5;0;4;2
1710;217;217;3;0;1;0;0;0;0;0;0;0;0;6;3;1;5;74;64;77;4;2276;92;198;100.0;1.6;1.6;26.9;26.9;29;31;48.3;0.9;22;19;53.7;10.3;0;2;2
1711;20;20;3;1;2;2;4;0;1;0;0;0;0;6;2;0;0;72;68;73;8;2014;553;74;101.1;5.4;1.8;39.3;14.3;39;22;63.9;11.2;25;11;69.4;18.2;0;2;0
1712;224;224;3;0;1;-1;17;0;1;0;0;1;0;3;0;1;0;72;53;73;3;986;1215;0;87.5;0.0;3.6;25.5;29.2;16;15;51.6;6.2;14;10;58.3;13.0;0;0;0
14053;26;26;3;1;0;-1;0;0;0;0;0;0;0;2;2;0;1;57;51;63;4;1895;109;71;88.3;1.9;3.8;38.0;22.8;30;32;48.4;0.1;21;17;55.3;6.6;1;8;3
1736;5;5;3;0;1;0;2;0;1;0;0;0;0;5;3;0;0;65;60;69;14;2689;742;86;100.0;0.0;0.0;28.1;46.9;39;45;46.4;11.1;28;37;43.1;11.7;0;5;3
1745;16;16;3;0;1;0;22;0;0;0;0;2;1;2;1;3;4;66;50;76;1;2538;0;237;102.3;1.4;1.4;22.7;35.5;30;38;44.1;5.6;19;28;40.4;0.9;0;0;0
14055;8;8;3;0;3;2;2;0;1;0;0;0;0;1;3;4;2;66;62;72;3;2503;213;236;108.3;4.3;1.4;25.9;17.3;28;27;50.9;-1.5;21;16;56.8;5.4;0;4;2
1752;0;0;3;0;1;2;2;0;0;0;0;0;0;2;1;0;1;59;52;57;0;1238;0;29;141.7;8.7;2.9;17.4;34.9;17;23;42.5;-13.9;7;13;35.0;-25.1;0;18;7
1765;16;16;3;0;0;-4;2;0;0;0;0;0;0;3;2;0;0;59;55;46;6;2892;307;121;88.9;1.2;6.2;24.9;38.6;30;52;36.6;-5.0;22;38;36.7;-4.8;0;0;0
1784;14;14;3;1;0;1;0;0;0;0;0;0;0;9;2;2;0;64;56;68;8;1982;59;221;104.5;1.8;0.0;40.0;23.6;30;17;63.8;12.0;22;14;61.1;8.9;0;1;1
1790;11;11;3;1;1;-1;2;0;0;0;0;0;0;10;1;3;1;69;61;72;3;2404;0;93;96.7;3.0;4.5;18.0;22.5;37;22;62.7;15.0;14;18;43.8;-6.7;0;4;2
1793;17;17;3;0;1;0;0;0;0;0;0;0;0;2;1;2;3;74;52;86;4;1243;230;819;102.0;2.9;2.9;26.1;31.8;17;20;45.9;4.3;11;12;47.8;7.0;0;25;13
14056;18;18;3;0;0;-4;0;0;0;0;0;0;0;1;0;0;3;57;53;57;5;1801;191;109;78.9;0.0;8.0;26.0;38.0;20;30;40.0;-23.9;16;22;42.1;-21.8;0;2;2
1795;3;3;3;0;1;3;0;0;0;0;0;0;0;1;0;0;9;70;53;83;2;2634;0;258;127.3;4.1;0.0;15.0;35.5;18;50;26.5;-23.9;13;31;29.5;-22.6;0;0;0
1801;11;11;3;0;0;-2;7;0;0;0;0;1;0;1;2;2;1;59;51;65;5;2837;170;3;87.2;1.3;3.8;33.0;22.8;42;36;53.8;3.5;30;26;53.6;7.2;0;35;18
1802;227;227;3;0;0;-1;2;0;0;0;0;0;0;7;1;0;1;60;54;67;4;2842;37;919;97.6;1.3;2.5;27.9;36.7;34;34;50.0;-1.4;28;30;48.3;1.7;0;0;0
1805;227;227;3;0;0;0;14;0;0;0;0;2;0;3;1;3;2;64;50;77;4;2864;0;766;100.0;0.0;0.0;28.9;30.2;32;33;49.2;-2.4;24;27;47.1;-0.2;0;0;0
1810;216;216;3;1;0;0;0;0;0;0;0;0;0;7;4;2;0;72;68;67;7;3007;124;56;97.8;1.2;1.2;35.9;21.5;56;34;62.2;2.5;35;18;66.0;10.1;0;0;0
14525;26;26;3;0;0;-1;19;0;0;0;0;1;0;2;0;0;8;62;53;74;5;3531;164;308;95.3;2.0;3.1;24.5;23.4;40;47;46.0;-3.7;26;26;50.0;-0.5;0;0;0
11997;221;221;3;0;1;0;10;0;0;0;0;2;0;5;1;3;0;63;57;72;2;2013;0;0;95.9;1.8;1.8;30.4;17.9;38;19;66.7;13.2;20;13;60.6;4.0;0;2;1
13021;216;216;3;0;1;1;0;0;0;0;0;0;0;3;1;2;1;65;51;71;1;1228;327;236;108.3;2.9;0.0;35.2;23.4;19;13;59.4;-1.4;13;11;54.2;-5.7;0;10;3
1834;227;227;3;0;0;-3;4;0;0;0;0;0;0;9;0;0;1;60;59;61;6;2822;196;368;87.5;0.0;3.8;30.6;30.6;44;41;51.8;1.4;29;31;48.3;1.8;0;0;0
1838;19;19;2;2;0;2;0;0;0;0;0;0;0;3;1;0;0;63;60;61;2;1352;87;391;108.9;8.0;2.7;37.3;21.3;24;18;57.1;0.7;16;11;59.3;1.1;0;19;8
1845;11;11;3;0;0;-1;0;0;0;0;0;0;0;2;1;2;0;58;52;62;2;2088;0;0;93.3;0.0;1.7;13.8;25.9;29;24;54.7;4.2;8;20;28.6;-25.0;0;25;15
1849;8;8;3;0;2;0;2;0;0;0;0;0;0;3;2;0;2;60;56;61;3;2439;0;474;102.1;3.0;3.0;19.2;22.1;25;31;44.6;-10.0;17;21;44.7;-10.8;0;1;0
1851;14;14;3;0;0;-1;0;0;0;0;0;0;0;3;1;0;1;56;51;60;4;1415;0;51;92.3;0.0;2.5;33.1;33.1;19;19;50.0;-5.0;14;14;50.0;-4.9;0;6;4
1852;19;19;1;0;0;0;10;0;0;0;0;2;1;0;0;0;3;69;50;78;3;968;17;34;100.0;0.0;0.0;33.4;18.6;18;9;66.7;20.1;13;5;72.2;19.8;0;0;0
1856;217;217;3;0;0;-1;0;0;0;0;0;0;0;6;4;5;2;64;49;82;2;2242;15;188;93.3;0.0;1.6;20.9;24.1;26;28;48.1;0.7;18;17;51.4;7.0;0;27;8
1859;21;21;3;0;2;3;7;0;0;0;0;1;1;6;1;1;1;67;60;72;2;1363;76;294;117.6;7.9;0.0;44.9;31.7;20;23;46.5;-12.5;17;15;53.1;-4.1;0;0;0
1864;3;3;3;2;1;4;0;0;0;0;0;0;0;2;2;1;1;70;63;78;6;2817;682;0;125.0;5.1;0.0;20.4;21.7;30;39;43.5;0.8;17;21;44.7;-0.3;0;51;25
1865;3;3;3;0;1;-1;2;0;0;0;0;0;0;5;3;0;8;66;57;76;6;2847;840;49;97.1;1.3;2.5;19.0;26.5;33;43;43.4;0.8;18;23;43.9;-1.5;0;0;0
1871;220;220;3;2;0;-3;2;2;0;0;0;0;0;5;4;2;1;67;58;76;9;2842;400;0;80.0;0.0;3.8;29.1;19.0;38;32;54.3;19.3;28;24;53.8;22.5;0;8;3
1872;10;10;3;2;1;1;0;0;0;0;0;0;0;5;5;5;0;67;60;70;6;2463;264;261;102.1;5.8;4.4;24.8;20.5;23;25;47.9;-5.5;18;17;51.4;-2.2;0;7;6
1875;3;3;3;1;1;0;10;0;0;0;0;2;0;2;2;1;1;69;67;69;3;2410;503;66;103.2;3.0;3.0;20.9;26.9;30;32;48.4;7.6;17;19;47.2;3.1;0;6;4
14526;16;16;3;0;1;-3;0;0;0;0;0;0;0;5;1;2;7;60;51;68;2;2835;195;443;94.2;1.3;5.1;17.8;39.4;26;52;33.3;-9.6;17;36;32.1;-11.3;0;0;0
2249;16;16;3;0;0;-2;0;0;0;0;0;0;0;1;2;1;0;54;50;59;2;928;0;9;77.8;0.0;7.8;11.6;34.9;8;12;40.0;0.0;5;10;33.3;-7.1;0;0;0
2304;15;15;3;2;2;0;4;2;1;0;0;0;0;4;1;0;0;65;61;65;5;1760;522;0;109.7;2.0;2.0;14.3;45.0;16;37;30.2;-11.4;12;25;32.4;-7.4;1;1;1
14997;17;17;3;1;0;0;0;0;0;0;0;0;0;0;0;0;0;55;53;60;3;2248;0;13;100.8;1.6;1.6;24.0;27.2;26;29;47.3;6.6;18;21;46.2;5.8;0;29;13
13022;24;24;3;0;1;2;5;0;0;0;0;1;1;8;4;0;6;70;50;82;3;2529;36;475;110.5;2.8;0.0;27.0;32.7;32;40;44.4;-8.9;21;26;44.7;-6.7;0;0;0
14527;22;22;3;0;1;0;9;0;1;0;0;1;0;3;1;3;1;78;69;91;7;2531;1117;285;100.0;0.0;0.0;38.4;32.7;44;36;55.0;9.1;33;27;55.0;4.4;0;14;3
2491;22;22;3;0;2;4;7;0;0;0;0;1;0;4;1;6;8;79;59;94;1;2624;1155;533;117.4;5.5;0.0;31.5;23.3;33;25;56.9;10.4;27;20;57.4;7.4;0;0;0
2495;9;9;3;0;0;0;0;0;0;0;0;0;0;3;1;5;4;65;55;80;4;3201;251;236;100.7;1.1;1.1;22.5;25.9;35;37;48.6;8.9;23;25;47.9;5.9;0;0;0
2632;12;12;3;1;1;0;2;1;0;0;0;0;0;6;0;2;4;69;61;80;4;2185;937;225;107.7;1.6;0.0;21.4;19.8;23;26;46.9;-4.3;16;16;50.0;-4.9;0;0;0
2845;224;224;3;1;0;-1;6;1;0;0;0;0;0;4;3;2;4;74;64;82;18;2057;1461;30;91.7;0.0;1.8;35.0;21.0;36;23;61.0;20.5;26;16;61.9;20.3;1;4;1
15011;216;216;3;0;0;-1;0;0;0;0;0;0;0;5;2;0;1;67;62;67;6;2533;317;0;95.8;0.0;1.4;34.1;34.1;45;32;58.4;-3.1;25;26;49.0;-14.3;0;0;0
15013;26;26;3;0;0;0;4;0;0;0;0;0;0;0;3;0;0;56;53;54;1;1783;0;6;100.0;0.0;0.0;18.2;24.2;22;24;47.8;-0.6;10;12;45.5;-5.7;0;0;0
14542;14;14;3;0;0;-1;0;0;0;0;0;0;0;2;3;1;1;56;47;62;6;1622;0;127;93.8;0.0;2.2;39.9;35.5;24;24;50.0;-5.3;19;18;51.4;-3.5;0;0;0
14543;224;224;3;0;0;-1;2;0;0;0;0;0;0;4;0;2;6;61;56;69;5;2588;0;72;94.2;1.4;2.8;29.2;26.4;28;35;44.4;-2.8;24;20;54.5;10.1;0;26;7
14544;23;23;3;1;0;1;4;0;0;0;0;0;0;1;2;1;0;55;51;60;1;1888;61;0;106.7;1.9;0.0;28.6;22.9;30;20;60.0;-0.9;20;13;60.6;-2.0;1;25;14
14067;15;15;3;1;2;1;2;0;2;0;0;0;0;4;1;2;2;65;58;71;3;2306;570;66;110.1;4.7;3.1;25.0;35.9;29;42;40.8;1.9;19;27;41.3;4.0;0;35;19
14069;15;15;3;1;1;-2;2;1;0;0;0;0;0;3;2;1;7;60;51;69;3;2861;497;189;100.8;2.5;5.0;18.9;40.3;29;62;31.9;-11.3;21;43;32.8;-8.6;0;0;0
14549;16;16;3;0;0;-4;0;0;0;0;0;0;0;6;1;0;15;70;50;82;1;3380;216;381;84.0;0.0;4.3;21.3;26.6;39;53;42.4;3.7;25;31;44.6;7.4;0;0;0
14550;11;11;3;0;0;-3;2;0;0;0;0;0;0;5;2;1;7;58;49;63;4;2908;0;263;80.0;0.0;5.0;22.3;24.8;41;39;51.2;-0.4;21;25;45.7;-4.8;0;0;0
13523;14;14;3;0;2;1;2;0;1;0;0;0;0;4;2;5;2;86;54;94;5;1800;199;1011;102.3;4.0;2.0;40.0;26.0;30;21;58.8;5.9;22;14;61.1;8.9;0;39;21
14553;18;18;3;0;0;-1;0;0;0;0;0;0;0;1;1;2;0;60;51;68;2;1817;122;355;92.3;0.0;2.0;21.8;25.7;22;20;52.4;-7.5;13;14;48.1;-12.6;0;29;16
15037;19;19;1;0;0;0;0;0;0;0;0;0;0;1;3;2;0;86;37;99;0;381;0;238;0.0;0.0;0.0;0.0;18.9;3;7;30.0;-33.2;0;4;0.0;-62.3;0;9;5
14076;8;8;3;0;0;-1;25;0;0;0;0;3;0;4;1;0;0;58;51;58;3;1641;0;54;88.1;2.2;4.4;35.1;24.1;28;18;60.9;11.2;19;13;59.4;8.5;0;24;13
14561;15;15;3;0;1;-2;2;0;0;0;0;0;0;3;2;0;0;59;58;56;2;1895;0;21;94.3;3.8;7.6;24.7;36.1;26;34;43.3;5.0;16;21;43.2;6.2;0;7;4
14080;22;22;3;0;0;0;0;0;0;0;0;0;0;3;2;1;1;64;57;69;2;2563;165;39;100.0;0.0;0.0;18.3;19.7;20;28;41.7;-10.3;14;16;46.7;-7.1;0;0;0
12001;23;23;3;2;1;0;5;1;0;0;0;1;0;4;5;1;0;76;79;69;10;2612;700;347;95.8;2.8;2.8;30.3;20.7;38;22;63.3;3.4;28;15;65.1;3.9;0;4;3
12013;216;216;3;0;0;-3;2;0;0;0;0;0;0;0;2;5;5;66;54;80;14;3072;891;182;93.1;0.0;2.3;41.0;34.0;57;40;58.8;-3.0;39;30;56.5;-4.3;0;0;0
12017;21;21;3;1;2;6;4;0;1;0;0;0;0;5;1;4;4;73;64;81;9;2880;1044;310;125.3;8.7;1.2;30.0;32.5;42;39;51.9;-7.5;26;29;47.3;-14.4;0;0;0
12022;20;20;3;0;0;-1;0;0;0;0;0;0;0;1;0;0;1;55;51;55;2;1146;0;84;91.7;0.0;3.1;6.3;37.7;17;21;44.7;-12.8;5;15;25.0;-34.7;0;18;9
12025;3;3;3;0;1;2;0;0;0;0;0;0;0;2;2;0;2;59;54;61;1;1367;84;96;128.6;5.3;0.0;18.4;34.2;9;28;24.3;-22.4;8;16;33.3;-14.0;0;1;0
12026;216;216;3;0;0;0;5;0;0;0;0;1;0;6;0;0;2;62;58;68;5;3057;112;332;98.0;1.2;1.2;42.4;24.7;55;30;64.7;6.1;39;22;63.9;7.6;0;0;0
12027;20;20;3;1;2;2;6;0;1;0;0;0;0;7;5;3;0;78;70;84;12;2777;606;532;108.1;3.9;1.3;28.5;23.3;39;35;52.7;-4.0;27;22;55.1;-0.4;0;7;2
12030;21;21;3;0;5;5;12;0;0;0;0;0;0;2;0;1;1;78;75;79;10;2439;968;130;120.0;7.4;0.0;36.9;23.6;34;30;53.1;-4.8;26;21;55.3;-1.5;0;53;35
12031;224;224;3;1;0;0;7;0;0;0;0;1;1;5;2;0;3;66;56;73;5;2455;59;107;101.2;1.5;1.5;26.4;33.7;25;37;40.3;-8.6;20;24;45.5;-3.0;1;3;2
12034;221;221;3;0;0;-1;0;0;0;0;0;0;0;1;1;0;0;53;51;57;3;1475;0;0;85.7;0.0;2.4;19.5;17.1;15;12;55.6;-1.4;9;7;56.3;-1.5;0;10;5
12036;221;221;3;1;0;0;0;0;0;0;0;0;0;1;4;3;2;62;55;71;6;1923;15;79;95.3;1.9;1.9;35.6;18.7;25;19;56.8;0.1;19;10;65.5;10.1;0;8;6
12040;3;3;3;0;1;1;24;0;0;0;0;2;1;1;3;0;1;58;48;69;1;1268;32;76;114.3;2.8;0.0;19.9;34.1;9;22;29.0;-16.2;9;12;42.9;-2.4;0;16;6
12042;3;3;3;0;0;-1;0;0;0;0;0;0;0;3;1;1;0;67;62;65;6;2518;482;156;94.4;0.0;1.4;21.4;25.7;25;33;43.1;0.2;15;19;44.1;-1.1;0;3;1
12043;9;9;3;1;1;-1;2;0;0;0;0;0;0;0;1;3;4;59;54;65;4;2377;310;212;97.9;3.0;4.5;18.2;24.2;21;34;38.2;-6.6;13;20;39.4;-6.4;1;32;18
12048;16;16;3;0;0;-3;4;0;0;0;0;0;0;4;4;0;3;61;52;71;5;2931;135;469;88.9;0.0;3.7;17.2;33.2;35;58;37.6;-3.7;20;32;38.5;-1.9;0;37;19
12049;16;16;3;0;0;-2;2;0;0;0;0;0;0;3;1;1;3;61;54;66;7;2720;104;0;90.0;0.0;2.6;18.5;26.5;34;46;42.5;3.6;18;25;41.9;2.8;0;0;0
12052;25;25;3;0;1;0;0;0;0;0;0;0;0;4;0;1;1;60;57;56;4;2238;0;60;88.6;4.8;4.8;35.4;19.3;39;24;61.9;16.7;27;15;64.3;20.2;0;2;1
12053;216;216;3;1;0;-4;6;1;0;0;0;0;0;8;3;2;1;69;61;78;10;2494;1021;659;88.9;0.0;4.3;47.6;39.0;53;36;59.6;-1.7;34;28;54.8;-6.6;0;51;29
12056;24;24;3;0;0;0;7;0;0;0;0;1;0;1;2;0;0;54;52;54;0;1499;35;0;100.0;0.0;0.0;33.6;33.6;23;19;54.8;5.0;15;14;51.7;2.9;0;18;9
12059;5;5;3;0;1;-2;0;0;0;0;0;0;0;6;1;1;9;65;53;72;0;2580;0;435;100.0;1.4;4.2;15.3;46.0;20;57;26.0;-18.0;12;37;24.5;-14.9;0;0;0
12060;19;19;2;0;0;1;5;0;0;0;0;1;0;2;2;0;1;62;58;66;0;1762;192;34;108.3;2.0;0.0;24.5;18.4;20;20;50.0;2.0;14;14;50.0;0.6;0;1;1
12061;23;23;3;0;2;4;0;0;0;0;0;0;0;2;1;1;5;60;54;67;4;3371;221;104;108.3;5.3;1.1;41.6;23.5;65;38;63.1;4.0;47;24;66.2;6.8;0;0;0
12063;216;216;3;0;1;1;2;0;0;0;0;0;0;5;2;1;1;63;54;72;6;2070;157;0;104.8;1.7;0.0;36.5;22.6;36;22;62.1;1.9;25;15;62.5;4.5;0;5;2
12064;25;25;2;0;0;0;2;0;0;0;0;0;0;2;1;1;5;68;50;82;3;1889;0;195;98.6;1.9;1.9;30.5;24.8;21;31;40.4;-15.0;17;19;47.2;-6.7;0;0;0
12065;21;21;3;1;0;5;4;0;0;0;0;0;0;6;0;0;6;72;56;85;3;2609;173;991;120.0;6.9;0.0;34.5;20.7;32;23;58.2;2.3;27;16;62.8;9.0;0;0;0
12066;221;221;3;1;3;2;0;1;0;0;0;0;0;3;1;6;8;72;64;75;9;3246;155;155;98.4;4.4;2.2;32.2;14.4;52;31;62.7;9.2;34;15;69.4;18.3;0;0;0
12071;224;224;3;0;0;-2;2;0;0;0;0;0;0;1;0;3;5;59;51;67;2;2846;227;355;92.0;1.3;3.8;20.2;26.6;35;36;49.3;4.4;20;26;43.5;-6.0;0;0;0
12072;221;221;3;0;0;0;0;0;0;0;0;0;0;3;0;1;3;62;57;69;1;2670;91;232;106.1;1.3;1.3;12.1;27.0;27;31;46.6;-13.7;13;21;38.2;-25.6;0;0;0
12074;21;21;3;0;1;0;15;0;0;0;0;1;1;10;8;2;3;75;51;94;15;2234;914;604;95.7;1.6;1.6;40.3;19.3;41;19;68.3;16.7;29;17;63.0;9.6;0;2;1
12075;0;0;3;0;1;-3;5;0;0;0;0;1;0;5;2;0;1;58;59;55;6;2274;188;111;83.1;1.6;6.3;23.7;26.9;31;30;50.8;-4.5;19;20;48.7;-11.0;0;0;0
12076;8;8;3;1;0;-2;5;1;0;0;0;1;0;3;3;0;1;64;59;68;4;1986;760;255;66.7;0.0;3.6;16.3;10.9;18;19;48.6;-4.1;11;9;55.0;2.6;0;6;2
12079;216;216;3;0;0;1;2;0;0;0;0;0;0;5;0;4;10;76;61;91;6;3095;496;653;102.9;1.2;0.0;39.5;20.9;62;32;66.0;8.5;39;20;66.1;10.7;0;0;0
12080;22;22;3;1;1;3;2;0;0;0;0;0;0;1;2;1;4;68;54;80;3;1824;112;611;130.1;7.9;2.0;21.7;31.6;19;28;40.4;-11.8;14;17;45.2;-9.1;0;41;18
12081;0;0;3;0;3;1;0;0;1;0;0;0;0;2;0;1;8;66;61;73;6;2735;213;57;101.1;3.9;2.6;35.5;26.3;51;42;54.8;0.9;35;27;56.5;-1.0;0;0;0
12088;22;22;3;1;0;1;0;0;0;0;0;0;0;7;1;2;1;63;56;71;6;2290;0;576;107.5;3.1;1.6;23.6;26.7;18;28;39.1;-13.4;16;19;45.7;-8.7;0;8;5
12090;10;10;3;0;1;0;7;0;0;0;0;1;0;2;3;1;1;58;54;62;1;2717;367;0;91.6;4.0;4.0;38.4;21.2;48;28;63.2;16.5;29;18;61.7;12.7;0;28;12
12091;26;26;3;0;0;-3;0;0;0;0;0;0;0;2;3;0;2;67;62;68;4;2472;663;0;83.3;0.0;4.4;20.4;26.2;26;33;44.1;-5.7;14;21;40.0;-13.4;0;0;0
12094;5;5;3;1;0;1;5;0;0;0;0;1;1;7;1;2;1;68;57;73;1;1700;6;0;110.0;2.1;0.0;21.2;27.5;18;22;45.0;7.3;11;15;42.3;7.9;1;22;14
12137;220;220;3;0;0;-3;8;0;0;0;0;0;0;5;1;0;4;60;56;70;3;3534;529;333;90.0;0.0;3.1;18.3;30.6;33;55;37.5;-6.8;24;41;36.9;-3.8;0;0;0
12175;14;14;3;0;2;-1;36;0;0;0;0;4;2;4;3;3;2;63;49;71;3;2354;61;163;90.0;0.0;1.5;21.4;15.3;25;20;55.6;1.7;14;10;58.3;4.9;0;0;0
12238;23;23;3;0;1;2;0;0;0;0;0;0;0;2;4;0;2;52;48;53;0;2815;49;57;106.1;5.1;2.6;30.7;24.3;46;30;60.5;-0.2;30;20;60.0;-3.1;0;0;0
12251;224;224;1;0;0;0;0;0;0;0;0;0;0;0;0;0;1;59;51;67;1;617;0;0;100.0;0.0;0.0;17.5;11.7;10;5;66.7;0.0;7;2;77.8;15.7;0;0;0
12255;26;26;3;0;0;0;8;0;0;0;0;0;0;8;3;2;8;69;50;81;6;3238;641;404;92.9;0.0;1.1;24.5;15.6;35;40;46.7;-2.4;24;19;55.8;7.6;0;0;0
12405;21;21;3;1;1;3;0;0;0;0;0;0;0;8;1;1;1;73;65;83;5;2309;373;308;113.6;4.7;0.0;34.3;28.1;39;30;56.5;0.1;26;20;56.5;0.2;0;4;1
12411;0;0;3;2;3;-1;2;2;3;0;0;0;0;12;1;3;3;79;72;80;7;2606;1129;0;86.9;1.4;2.8;38.7;16.6;42;26;61.8;10.2;32;15;68.1;15.5;1;0;0
12414;24;24;3;0;0;-2;0;0;0;0;0;0;0;4;1;3;2;57;54;60;3;3192;32;453;92.2;1.1;3.4;21.4;25.9;40;35;53.3;4.0;24;23;51.1;2.4;0;0;0
12417;12;12;3;0;1;0;25;0;0;0;0;3;1;5;0;1;6;61;52;66;5;2006;128;548;96.9;3.6;3.6;41.3;30.5;33;35;48.5;-2.5;26;22;54.2;0.4;0;0;0
12420;26;26;3;1;1;-2;5;0;0;0;0;1;0;3;2;0;1;67;65;51;9;2970;370;87;81.3;3.6;6.1;33.9;20.6;44;32;57.9;13.9;29;22;56.9;9.8;0;17;10
12425;20;20;3;0;0;3;2;0;0;0;0;0;0;2;0;2;8;67;57;75;4;3066;222;384;107.4;4.7;1.2;38.7;24.7;58;40;59.2;6.1;37;25;59.7;7.1;0;0;0
12426;21;21;3;3;1;3;7;1;0;0;0;1;0;4;3;2;1;71;65;77;8;1981;877;0;116.7;5.5;0.0;32.7;27.3;26;24;52.0;-5.9;19;18;51.4;-6.7;1;1;0
12427;11;11;3;1;0;0;2;0;0;0;0;0;0;7;2;2;3;73;67;76;10;2543;122;271;94.7;2.8;2.8;35.4;21.2;41;29;58.6;10.1;29;19;60.4;16.6;0;2;0
12428;217;217;3;0;2;-2;17;0;1;0;0;3;2;3;1;1;2;65;57;58;8;2093;576;7;98.6;1.7;3.4;22.4;37.8;29;33;46.8;-1.2;19;26;42.2;-5.2;0;0;0
12430;22;22;3;0;0;1;6;0;0;0;0;0;0;3;1;1;0;59;51;63;2;1354;49;0;112.5;2.7;0.0;21.3;16.0;13;9;59.1;10.8;9;6;60.0;8.5;0;0;0
12431;23;23;3;0;1;5;2;0;0;0;0;0;0;0;0;4;14;79;53;89;5;3381;628;277;117.2;6.4;1.1;28.7;21.3;48;36;57.1;-5.3;34;22;60.7;-2.2;0;0;0
12436;214;214;3;1;0;0;0;0;0;0;0;0;0;5;4;3;16;82;47;99;4;3078;0;533;100.3;1.2;1.2;29.2;31.6;39;43;47.6;-7.9;28;29;49.1;-6.0;1;0;0
12438;19;19;2;0;0;1;15;0;0;0;0;1;1;3;2;2;0;74;66;78;7;2098;570;0;104.5;1.7;0.0;37.7;24.0;36;27;57.1;0.8;27;18;60.0;2.5;0;0;0
12439;8;8;3;0;1;-1;2;0;0;0;0;0;0;3;3;2;2;60;55;64;6;1726;99;427;91.1;4.2;6.3;33.4;29.2;30;22;57.7;7.4;22;16;57.9;7.0;0;7;2
12440;9;9;3;1;0;0;5;0;0;1;0;1;0;1;1;0;0;52;52;54;3;1373;0;24;92.9;0.0;2.6;21.0;36.7;16;20;44.4;1.9;12;16;42.9;-1.7;0;2;1
12441;220;220;3;0;1;-2;0;0;0;0;0;0;0;6;1;0;0;58;54;59;1;2076;0;154;100.6;1.7;5.2;12.1;38.1;15;30;33.3;-10.3;8;24;25.0;-17.9;0;0;0
12445;16;16;3;0;0;-7;0;0;0;0;0;0;0;3;3;1;9;47;48;50;5;3495;216;410;80.9;1.0;8.2;17.5;33.0;35;62;36.1;-6.3;19;39;32.8;-10.8;0;0;0
12449;19;19;2;0;0;0;11;0;0;0;0;1;0;2;3;0;4;65;44;82;2;2212;16;172;100.0;0.0;0.0;21.2;21.2;21;25;45.7;-9.3;15;16;48.4;-2.2;0;0;0
12454;9;9;3;1;1;-2;0;0;0;0;0;0;0;2;0;1;2;55;57;58;4;2663;175;128;96.3;2.7;5.4;17.6;28.4;19;35;35.2;-10.6;14;24;36.8;-10.4;0;1;1
12455;22;22;3;1;1;2;0;0;0;0;0;0;0;4;2;2;2;66;58;77;6;2715;64;83;107.1;2.7;0.0;37.1;27.8;39;31;55.7;9.5;30;22;57.7;8.2;1;27;16
12458;224;224;3;0;0;-1;2;0;0;0;0;0;0;4;3;1;0;64;53;70;7;2257;127;109;93.3;0.0;1.6;22.3;23.9;26;31;45.6;-1.1;14;20;41.2;-8.4;0;1;1
12459;217;217;3;0;0;-1;2;0;0;0;0;0;0;6;0;2;0;64;57;70;5;2095;123;152;92.9;0.0;1.7;18.9;24.1;23;19;54.8;8.7;14;14;50.0;4.9;0;1;1
12467;14;14;3;1;0;-1;21;1;0;0;0;3;1;3;0;2;2;64;55;74;4;3154;91;973;97.0;1.1;2.3;35.4;36.5;51;40;56.0;3.0;32;33;49.2;-7.9;0;0;0
12469;10;10;3;0;0;0;0;0;0;0;0;0;0;3;2;0;0;57;54;56;1;1646;0;0;101.4;2.2;2.2;17.5;19.7;15;17;46.9;-6.3;9;11;45.0;-9.4;0;0;0
12472;15;15;3;0;1;0;15;0;0;0;0;1;1;6;3;4;1;74;53;81;8;2487;121;68;101.3;1.4;1.4;23.2;28.9;34;38;47.2;10.6;20;26;43.5;6.9;0;3;3
12474;21;21;3;4;1;5;6;0;0;0;0;0;0;10;6;0;1;73;68;76;8;2300;76;191;123.8;7.8;0.0;32.9;23.5;30;25;54.5;-2.6;24;17;58.5;3.0;0;0;0
12475;9;9;3;1;0;-1;14;1;0;0;0;2;1;6;0;1;1;70;60;74;9;2649;538;385;95.0;0.0;1.4;20.4;27.2;27;35;43.5;0.9;19;23;45.2;1.6;0;1;0
12476;21;21;3;1;2;1;2;1;1;0;0;0;0;5;1;3;2;74;65;81;7;2245;933;131;102.9;3.2;1.6;33.7;24.0;42;29;59.2;4.1;25;20;55.6;-1.2;0;31;19
12480;15;15;3;0;0;-2;0;0;0;0;0;0;0;6;3;0;0;61;56;68;4;3017;92;604;92.6;0.0;2.4;20.3;32.2;35;45;43.8;6.1;20;32;38.5;0.2;0;38;16
12483;19;19;2;0;0;0;0;0;0;0;0;0;0;7;2;1;1;79;56;81;0;1522;11;26;95.7;2.4;2.4;23.6;16.6;24;16;60.0;9.6;13;9;59.1;11.1;0;0;0
12488;9;9;3;0;1;0;8;0;0;0;0;0;0;1;1;0;3;65;60;72;4;2483;405;454;100.0;1.4;1.4;21.7;21.7;28;32;46.7;5.4;19;17;52.8;11.9;0;8;3
12489;18;18;3;0;1;-3;14;0;1;0;0;2;1;4;0;3;1;56;56;59;6;3197;424;333;85.6;2.3;4.5;40.5;22.5;51;28;64.6;9.6;39;22;63.9;8.7;0;0;0
12493;15;15;3;0;1;-3;2;0;0;0;0;0;0;3;1;1;6;53;52;57;3;3223;0;292;94.5;1.1;4.5;21.2;41.3;35;67;34.3;-8.1;24;48;33.3;-8.3;0;0;0
12496;217;217;3;1;0;-1;6;0;0;0;0;0;0;3;4;3;3;65;58;77;5;2633;362;386;104.2;1.4;1.4;17.8;39.6;31;39;44.3;-4.8;19;31;38.0;-11.5;0;40;22
12497;214;214;3;2;0;1;0;0;0;0;0;0;0;3;0;0;1;57;57;53;4;1623;0;155;113.6;6.7;4.4;28.8;46.6;16;31;34.0;-23.3;13;23;36.1;-21.7;0;0;0
12501;220;220;3;0;0;-2;0;0;0;0;0;0;0;3;0;3;1;68;61;75;9;2883;427;421;87.5;0.0;2.5;25.0;20.0;37;31;54.4;19.2;26;24;52.0;19.3;0;8;5
12505;217;217;3;0;0;-1;2;0;0;0;0;0;0;1;4;0;3;56;49;62;3;1906;111;132;94.1;0.0;1.9;20.8;32.1;22;30;42.3;-6.9;15;19;44.1;-2.3;0;0;0
12508;20;20;3;0;2;-1;5;0;0;0;0;1;0;3;1;2;1;69;64;57;5;2360;146;0;89.6;3.0;4.6;36.6;24.4;42;31;57.5;2.9;26;19;57.8;3.4;0;0;0
12511;20;20;3;0;0;-1;11;0;0;0;0;1;0;4;1;0;3;52;53;53;1;2789;93;21;95.0;2.6;3.9;25.8;25.8;37;40;48.1;-10.9;25;24;51.0;-6.3;0;0;0
12512;220;220;3;0;0;-3;7;0;0;0;0;1;0;8;2;1;5;55;51;59;2;2860;0;673;94.0;1.3;5.0;15.1;35.2;25;41;37.9;-5.2;14;32;30.4;-12.4;0;0;0
12513;8;8;3;1;0;1;7;0;0;0;0;1;0;3;2;1;2;66;60;76;5;3015;244;9;109.1;1.2;0.0;13.1;19.1;28;31;47.5;-6.3;17;19;47.2;-7.3;0;5;3
12514;221;221;3;1;1;1;22;0;0;0;0;2;0;7;0;1;6;70;55;80;1;2936;20;289;117.5;2.5;1.2;11.0;25.7;31;35;47.0;-13.8;10;23;30.3;-35.7;1;0;0
12516;9;9;3;0;2;-1;7;0;1;0;1;1;0;8;1;2;5;69;58;79;3;3501;508;528;90.9;0.0;2.1;13.4;22.6;25;45;35.7;-11.2;17;27;38.6;-8.4;0;0;0
12518;25;25;3;0;1;0;2;0;0;0;0;0;0;2;1;1;3;60;55;68;3;2686;416;109;99.8;1.3;1.3;29.5;28.1;41;37;52.6;4.4;27;25;51.9;3.8;0;0;0
12523;221;221;3;0;3;4;2;0;0;0;0;0;0;6;1;1;2;84;78;70;7;2895;269;59;119.0;5.0;0.0;26.1;11.2;44;27;62.0;7.5;25;13;65.8;11.3;0;5;2
12526;15;15;3;1;0;0;7;0;0;0;0;1;1;6;2;1;5;60;51;65;7;3331;0;339;103.9;3.2;3.2;22.7;31.3;41;53;43.6;6.4;26;32;44.8;9.6;0;1;1
12534;9;9;3;1;0;0;0;0;0;0;0;0;0;1;0;4;2;64;53;69;3;2094;0;13;98.6;1.7;1.7;15.5;13.8;14;20;41.2;-2.1;10;9;52.6;9.9;0;15;8
12535;9;9;3;0;2;-1;2;0;1;0;1;0;0;4;2;2;4;64;53;67;2;3249;505;176;93.3;0.0;2.2;18.8;33.2;33;44;42.9;-0.1;22;34;39.3;-8.7;0;48;28
12537;24;24;3;0;1;1;7;0;0;0;0;1;1;5;2;2;3;70;61;79;5;2554;55;103;104.8;1.4;0.0;29.6;19.7;31;27;53.4;3.7;21;16;56.8;9.7;0;2;1
12539;22;22;3;0;1;2;15;0;0;0;0;1;0;4;1;3;6;71;52;83;4;2675;118;528;108.7;2.7;0.0;31.0;22.9;33;27;55.0;7.8;26;20;56.5;6.0;0;0;0
12540;12;12;3;1;1;1;0;0;0;0;0;0;0;4;5;0;3;59;53;66;2;2381;38;215;106.5;4.5;3.0;25.7;27.2;26;33;44.1;-8.5;20;19;51.3;-3.5;0;2;2
12543;221;221;3;2;0;2;5;0;0;0;0;1;1;2;2;5;1;76;68;79;7;2910;256;70;111.1;2.5;0.0;22.3;22.3;39;34;53.4;-4.9;24;22;52.2;-8.0;0;33;16
12545;12;12;3;1;2;2;2;0;0;0;0;0;0;4;2;0;2;62;57;59;3;1502;324;46;99.4;12.0;7.2;40.7;24.0;26;18;59.1;11.1;22;11;66.7;16.3;0;21;8
12549;224;224;3;0;1;0;0;0;1;0;0;0;0;4;4;1;0;61;53;68;4;2204;346;0;100.0;0.0;0.0;22.9;19.6;27;25;51.9;7.4;17;17;50.0;3.2;0;2;0
12551;11;11;3;0;1;-1;2;0;0;0;1;0;0;7;1;3;10;74;54;85;2;3519;25;446;93.8;0.0;1.0;24.5;16.4;39;40;49.4;-3.2;25;24;51.0;2.9;0;0;0
12552;5;5;3;1;0;0;17;0;0;0;0;1;0;9;1;0;1;70;64;69;3;1930;678;0;106.1;1.9;1.9;16.8;37.3;17;40;29.8;-11.4;10;22;31.3;-5.1;0;1;0
12773;8;8;3;1;0;-1;2;0;0;0;0;0;0;2;2;4;0;61;56;67;2;2355;0;0;91.0;1.5;3.1;19.9;18.3;27;25;51.9;-0.2;16;17;48.5;-5.5;0;26;13
12776;214;214;3;0;0;-1;0;0;0;0;0;0;0;1;1;0;0;53;52;57;0;1498;0;112;97.1;2.4;4.8;19.2;31.2;11;22;33.3;-22.5;8;15;34.8;-21.2;0;13;7
13023;25;25;2;0;1;-2;0;0;0;0;0;0;0;5;0;0;3;54;54;56;1;1712;0;122;83.6;2.1;6.3;31.5;27.3;29;24;54.7;12.0;17;17;50.0;5.9;0;0;0
13025;14;14;3;0;1;0;6;0;0;0;0;0;0;0;0;4;4;64;54;74;1;3473;126;484;99.7;1.0;1.0;35.2;32.1;47;45;51.1;-5.1;36;32;52.9;-2.0;0;0;0
13029;9;9;3;0;0;-2;0;0;0;0;0;0;0;6;3;0;1;59;50;62;7;1470;40;157;80.0;0.0;4.9;26.9;24.5;21;18;53.8;13.6;14;13;51.9;9.7;0;3;2
13031;19;19;2;0;0;0;2;0;0;0;0;0;0;1;0;2;4;65;56;77;3;2330;182;72;97.4;1.5;1.5;34.0;21.6;39;28;58.2;9.1;24;21;53.3;5.3;0;0;0
13032;214;214;3;0;2;1;2;0;0;0;0;0;0;3;0;1;7;69;56;79;4;3239;0;586;103.1;2.2;1.1;30.0;25.6;46;36;56.1;5.1;30;24;55.6;3.7;0;0;0
13034;8;8;3;0;1;-1;7;0;1;0;0;1;1;6;0;4;8;74;63;84;0;3118;71;446;94.4;0.0;1.2;16.2;20.8;38;36;51.4;-1.1;20;23;46.5;-8.8;0;0;0
13037;16;16;3;1;1;2;9;0;0;0;0;1;0;8;0;1;0;68;62;63;2;2046;0;137;120.8;5.3;1.8;21.1;42.2;19;37;33.9;-7.8;14;27;34.1;-7.5;0;22;8
13039;19;19;1;0;1;-1;0;0;0;0;0;0;0;2;1;0;0;60;58;49;3;787;52;8;76.7;4.6;9.1;45.7;27.4;17;9;65.4;7.6;10;8;55.6;-4.0;0;2;0
13040;25;25;2;0;1;0;2;0;0;0;0;0;0;2;0;0;0;65;61;63;1;1332;151;0;94.0;2.7;2.7;32.4;18.9;18;15;54.5;9.6;14;10;58.3;16.3;0;26;17
13041;19;19;1;0;0;0;0;0;0;0;0;0;0;1;0;0;0;60;51;69;0;1023;0;84;100.0;0.0;0.0;21.1;38.7;16;14;53.3;15.3;7;12;36.8;-4.8;0;0;0
13042;19;19;2;0;0;1;5;0;0;0;0;1;0;2;1;0;4;63;53;75;5;1961;171;134;110.0;1.8;0.0;18.4;27.5;19;26;42.2;-13.8;12;18;40.0;-13.3;0;0;0
13048;26;26;3;1;1;-1;10;0;0;0;0;2;1;3;3;2;0;64;61;61;10;2744;240;96;84.3;2.6;3.9;35.4;17.1;40;29;58.0;13.5;29;20;59.2;13.0;0;32;19
13050;25;25;3;1;0;0;4;0;0;0;0;0;0;6;3;2;1;70;64;71;12;2561;294;57;96.6;2.8;2.8;33.7;23.9;43;31;58.1;12.3;26;23;53.1;5.3;0;0;0
13053;217;217;3;0;0;-3;0;0;0;0;0;0;0;2;2;3;3;61;52;72;3;2435;299;227;87.5;0.0;3.0;22.2;23.6;28;36;43.8;-5.4;19;26;42.2;-5.2;0;44;26
13054;5;5;3;0;3;2;4;0;0;0;1;0;0;3;1;4;7;69;62;82;6;3045;667;312;106.2;2.4;1.2;26.0;41.4;37;48;43.5;6.9;27;39;40.9;8.4;0;0;0
13055;25;25;3;1;3;3;2;0;0;0;0;0;0;2;1;2;0;68;58;73;4;1997;0;360;125.0;5.4;0.0;21.6;21.6;27;23;54.0;5.6;13;15;46.4;-3.6;0;28;18
13056;19;19;3;0;1;-1;2;0;0;0;0;0;0;10;0;4;2;76;70;78;10;3355;587;95;93.6;2.1;3.2;32.2;24.7;51;42;54.8;3.4;38;29;56.7;6.3;0;0;0
13057;19;19;1;0;0;0;0;0;0;0;0;0;0;1;0;0;0;64;57;63;0;591;11;0;100.0;0.0;0.0;6.1;36.5;3;8;27.3;-19.1;2;7;22.2;-21.3;0;1;1
13061;18;18;3;0;1;-1;2;0;0;0;0;0;0;7;1;3;3;67;58;77;5;2944;92;146;82.1;1.2;2.4;28.1;11.0;40;26;60.6;3.1;26;14;65.0;8.6;0;0;0
13062;17;17;3;0;0;-1;0;0;0;0;0;0;0;4;0;0;6;64;50;72;1;2329;0;268;94.1;0.0;1.5;20.1;26.3;23;32;41.8;-0.8;17;19;47.2;7.0;0;0;0
13063;8;8;3;1;0;-1;0;0;0;0;0;0;0;6;6;6;1;70;55;87;3;2683;743;11;93.1;1.3;2.7;24.1;21.5;30;36;45.5;-9.4;24;19;55.8;4.4;0;41;19
13066;214;214;3;2;1;4;0;0;0;0;0;0;0;5;1;1;1;80;75;69;8;2487;102;24;119.0;5.8;0.0;30.4;18.8;39;22;63.9;15.1;23;15;60.5;9.7;0;1;1
13068;16;16;3;0;0;-2;4;0;0;0;0;0;0;3;1;1;1;56;52;60;3;1901;0;0;91.7;1.9;5.7;28.4;37.9;23;31;42.6;3.3;17;20;45.9;8.0;0;0;0
13069;0;0;3;0;1;-2;0;0;0;0;0;0;0;5;0;1;2;56;53;60;1;3091;209;351;82.4;2.3;4.7;39.6;19.8;54;36;60.0;8.8;37;22;62.7;8.9;0;0;0
13071;26;26;3;0;0;0;10;0;0;0;0;2;1;3;1;2;2;67;55;79;4;2969;0;131;100.0;0.0;0.0;33.9;24.2;43;38;53.1;7.1;29;26;52.7;3.7;0;0;0
13072;10;10;3;0;0;-3;0;0;0;0;0;0;0;0;2;4;6;58;48;65;5;3128;94;235;81.1;2.3;5.8;21.9;19.6;35;37;48.6;-5.3;21;21;50.0;-4.4;0;0;0
13078;16;16;3;1;0;-4;27;0;0;0;0;3;1;3;3;5;4;64;51;73;7;2796;276;459;81.7;1.3;6.4;23.2;27.0;32;40;44.4;6.2;21;27;43.8;5.6;0;46;18
13081;0;0;3;4;2;-2;0;3;2;0;0;0;0;1;2;2;3;79;73;79;16;2681;1142;0;89.2;1.3;4.0;32.2;26.9;40;39;50.6;-5.2;28;24;53.8;-4.7;0;49;23
13082;18;18;3;1;0;-1;2;0;0;0;0;0;0;3;1;0;3;61;60;68;7;2713;189;169;91.7;2.7;4.0;39.8;26.5;43;27;61.4;4.4;31;22;58.5;-0.2;0;5;2
13084;15;15;3;2;0;-3;17;0;0;0;0;1;1;7;2;3;5;67;59;65;8;2617;141;565;101.5;2.8;6.9;13.8;37.1;25;46;35.2;-5.7;12;32;27.3;-14.6;0;10;6
13089;20;20;3;0;0;0;22;0;0;0;0;2;1;4;1;0;8;69;51;78;3;2683;61;827;97.5;2.7;2.7;26.8;21.5;37;29;56.1;0.8;23;19;54.8;-0.8;0;0;0
13090;24;24;3;1;1;0;0;0;1;0;0;0;0;9;2;1;3;73;64;75;5;2226;535;0;109.1;1.6;0.0;17.8;32.3;26;28;48.1;-3.2;15;20;42.9;-8.4;0;1;1
13095;220;220;3;0;0;-2;0;0;0;0;0;0;0;2;2;0;3;55;50;62;0;1557;0;76;87.5;0.0;4.6;9.2;37.0;11;30;26.8;-18.1;6;19;24.0;-18.1;0;16;10
13097;216;216;3;1;0;0;20;0;0;0;0;2;1;8;1;0;2;72;54;75;5;1057;339;148;107.1;3.4;0.0;47.7;20.4;17;10;63.0;2.6;14;8;63.6;5.2;0;0;0
13099;11;11;3;1;3;2;0;0;1;0;1;0;0;4;5;4;5;84;77;90;10;3170;417;541;102.7;2.3;1.1;28.4;21.6;37;46;44.6;-10.8;28;29;49.1;0.2;0;12;6
13100;0;0;3;0;3;2;17;0;1;0;0;1;1;3;1;2;5;75;69;75;7;2749;945;124;109.1;2.6;0.0;28.8;18.3;41;38;51.9;-3.3;26;18;59.1;2.8;0;0;0
13102;26;26;3;0;0;-1;4;0;0;0;0;0;0;4;1;2;4;68;60;75;6;2553;109;83;95.2;0.0;1.4;21.2;29.6;26;38;40.6;-10.5;16;25;39.0;-15.4;0;26;9
13103;216;216;3;0;0;0;4;0;0;0;0;0;0;4;4;1;4;65;53;70;13;2743;767;37;101.1;2.6;1.3;43.3;26.2;56;33;62.9;3.5;38;21;64.4;8.2;0;4;3
13107;217;217;3;0;0;-1;0;0;0;0;0;0;0;5;1;2;4;66;53;71;0;2938;0;149;95.7;0.0;1.2;14.7;28.2;24;43;35.8;-16.6;16;28;36.4;-13.2;0;0;0
13108;25;25;3;0;1;2;2;0;0;0;0;0;0;4;1;0;4;67;60;75;6;3169;864;201;109.4;3.4;1.1;22.7;20.4;41;39;51.2;2.5;23;25;47.9;-2.1;0;0;0
13110;25;25;3;1;2;1;5;0;0;0;0;1;0;5;2;0;0;57;57;53;3;2171;0;8;127.0;5.0;3.3;13.3;31.5;18;33;35.3;-18.1;9;22;29.0;-25.2;0;0;0
13113;11;11;3;0;0;-5;0;0;0;0;0;0;0;5;0;2;2;64;57;64;4;3399;68;245;82.1;0.0;5.3;24.4;29.7;45;51;46.9;-7.9;28;36;43.8;-9.1;0;0;0
13120;16;16;3;0;0;-5;0;0;0;0;0;0;0;14;3;0;2;61;57;56;0;2708;131;28;82.3;1.3;8.0;21.3;33.2;34;52;39.5;-0.7;18;31;36.7;-4.3;0;0;0
13121;227;227;3;0;0;0;0;0;0;0;0;0;0;7;3;6;2;70;52;89;6;2524;195;257;100.0;0.0;0.0;30.0;18.5;37;21;63.8;17.6;24;16;60.0;17.0;0;24;12
13122;26;26;3;0;0;-2;0;0;0;0;0;0;0;4;4;1;3;64;59;71;8;2432;155;115;88.2;0.0;3.0;28.1;25.2;30;30;50.0;2.2;20;19;51.3;1.3;0;2;2
13125;14;14;3;0;1;1;15;0;0;0;0;1;1;3;0;6;10;84;56;92;5;3375;221;866;102.7;2.1;1.1;33.1;28.8;53;42;55.8;2.6;38;31;55.1;1.6;0;0;0
13127;10;10;3;0;1;3;2;0;0;0;0;0;0;0;1;1;1;61;54;68;1;1709;59;186;127.3;6.3;0.0;23.2;21.1;17;14;54.8;3.0;12;11;52.2;-1.1;0;16;8
13200;15;15;3;0;0;-3;2;0;0;0;0;0;0;1;2;0;3;57;54;56;3;2289;0;124;86.4;0.0;4.7;15.7;34.6;21;39;35.0;-5.7;14;24;36.8;-1.9;0;0;0
13243;9;9;3;0;0;-3;5;0;0;0;0;1;1;0;0;0;1;50;50;53;0;1341;0;78;66.7;0.0;8.1;21.5;24.2;17;17;50.0;8.5;11;11;50.0;7.0;0;20;6
13263;15;15;3;0;0;-2;0;0;0;0;0;0;0;2;0;0;7;54;50;58;0;2654;0;73;102.1;2.7;5.4;17.6;40.7;24;51;32.0;-10.2;15;32;31.9;-8.7;0;0;0
13342;20;20;3;0;1;1;0;0;0;0;0;0;0;3;2;2;1;60;54;63;1;975;0;306;109.7;7.4;3.7;33.2;29.5;16;15;51.6;-4.5;13;9;59.1;4.3;0;0;0
13525;22;22;3;0;0;2;17;0;0;0;0;1;0;8;0;6;8;80;64;94;9;3126;1163;217;107.4;2.3;0.0;31.1;31.1;41;38;51.9;3.9;32;30;51.6;-1.3;0;0;0
13527;26;26;3;0;0;1;0;0;0;0;0;0;0;3;0;0;6;65;50;75;1;2763;0;168;104.0;1.3;0.0;32.6;18.2;39;35;52.7;6.3;25;20;55.6;7.4;0;0;0
13537;24;24;3;0;0;0;7;0;0;0;0;1;0;4;1;3;3;71;63;81;7;3262;844;182;103.7;1.1;0.0;29.8;24.3;46;34;57.5;10.4;31;25;55.4;9.4;0;0;0
13546;25;25;2;1;0;-1;0;0;0;0;0;0;0;0;0;1;1;59;56;62;2;1165;0;57;84.1;3.1;6.2;34.0;24.7;20;21;48.8;-2.4;13;13;50.0;-2.3;1;10;5
13547;24;24;3;0;2;2;5;0;0;0;0;1;0;2;0;1;8;67;60;76;3;2974;186;51;108.9;3.6;1.2;26.6;25.4;43;34;55.8;7.7;27;22;55.1;8.4;0;0;0
13560;24;24;3;0;0;1;0;0;0;0;0;0;0;0;0;0;0;60;56;59;1;2212;0;0;106.7;1.6;0.0;24.4;35.8;26;31;45.6;-6.6;18;23;43.9;-7.4;0;0;0
13561;21;21;3;2;1;4;2;1;0;0;0;0;0;8;3;1;6;70;61;81;8;2665;176;377;113.8;5.4;0.0;39.2;18.9;41;28;59.4;4.4;33;19;63.5;10.9;1;0;0
13567;14;14;3;1;1;1;4;0;0;0;0;0;0;8;8;2;6;77;49;88;7;2178;10;791;103.9;3.3;1.7;31.4;24.8;35;22;61.4;9.5;21;17;55.3;1.5;0;0;0
13570;14;14;3;0;0;-2;2;0;0;0;0;0;0;3;1;0;1;56;53;61;7;1526;102;231;80.0;0.0;4.7;35.4;23.6;21;18;53.8;-0.4;18;12;60.0;7.1;0;1;1
13572;221;221;3;0;1;1;6;0;1;0;0;0;0;6;1;2;11;71;54;82;4;3324;166;205;98.7;3.2;2.2;27.1;16.2;46;37;55.4;-2.1;32;19;62.7;8.2;0;0;0
13574;20;20;3;1;0;-1;0;0;0;0;0;0;0;3;3;0;0;54;53;48;3;1601;0;88;99.2;2.2;4.5;18.0;33.7;25;24;51.0;-5.6;12;17;41.4;-17.1;1;1;0
13578;26;26;3;1;0;1;2;0;0;1;0;0;0;6;2;2;3;74;54;85;7;2104;0;588;100.0;0.0;0.0;22.2;22.2;23;27;46.0;-3.0;13;14;48.1;-2.6;0;9;6
13579;24;24;3;0;2;-1;0;0;1;0;0;0;0;3;1;2;1;68;65;64;3;2446;525;0;100.0;2.9;2.9;26.5;26.5;38;32;54.3;5.2;23;19;54.8;7.4;0;0;0
13587;216;216;3;0;2;2;7;0;0;0;0;1;0;1;5;1;2;69;53;80;3;2121;290;282;109.5;3.4;0.0;35.6;17.0;37;20;64.9;5.5;23;13;63.9;6.1;0;23;13
13588;16;16;3;1;0;-1;0;0;0;0;0;0;0;5;5;3;0;63;54;75;8;2991;280;120;97.5;1.2;2.4;20.5;28.9;29;40;42.0;2.8;20;29;40.8;1.5;0;8;3
13593;10;10;3;0;3;4;0;0;0;0;0;0;0;3;1;2;4;67;53;75;8;2982;115;189;116.2;6.0;1.2;30.2;31.4;45;39;53.6;2.1;29;27;51.8;-2.1;0;0;0
13594;23;23;3;2;2;3;0;0;1;0;0;0;0;3;1;0;6;67;64;68;6;3298;218;104;107.0;4.4;1.1;37.1;22.9;65;35;65.0;7.0;42;23;64.6;3.9;0;0;0
13597;216;216;3;0;0;2;7;0;0;0;0;1;0;2;1;0;5;64;52;72;3;2849;169;602;105.6;3.8;1.3;36.6;26.5;56;31;64.4;5.7;32;23;58.2;-1.3;0;0;0
13598;24;24;3;0;0;0;0;0;0;0;0;0;0;1;2;0;1;58;52;56;0;1613;0;64;100.0;0.0;0.0;13.4;31.2;18;20;47.4;-3.9;7;16;30.4;-22.2;0;2;2
13600;22;22;3;1;1;2;2;0;0;0;0;0;0;4;0;0;2;64;62;65;6;2329;0;212;115.2;4.6;1.5;21.6;24.7;18;26;40.9;-11.0;15;18;45.5;-8.9;0;3;3
13602;12;12;3;1;0;3;0;0;0;0;0;0;0;3;1;0;3;54;52;54;6;3144;69;333;105.6;5.7;2.3;36.6;22.9;47;37;56.0;9.4;39;23;62.9;15.1;0;0;0
13604;224;224;3;0;0;-1;4;0;0;0;0;0;0;1;0;0;3;63;51;72;2;1277;160;445;92.9;0.0;2.8;22.5;39.4;19;25;43.2;-4.1;15;17;46.9;-0.9;0;32;11
13613;0;0;3;0;1;2;2;0;0;0;0;0;0;2;0;1;9;60;52;68;2;2968;157;126;101.6;7.3;4.9;35.2;25.5;52;46;53.1;-1.9;35;26;57.4;0.5;0;0;0
13615;23;23;3;2;1;6;2;0;0;0;0;0;0;6;2;3;3;70;59;81;9;2478;178;0;121.4;8.7;0.0;40.7;18.9;46;32;59.0;-2.5;34;15;69.4;10.0;0;0;0
13625;19;19;1;0;0;0;0;0;0;0;0;0;0;2;0;1;0;65;56;76;3;879;0;0;100.0;0.0;0.0;20.5;32.8;14;11;56.0;4.3;10;9;52.6;-8.3;0;9;3
13626;18;18;3;1;0;-3;0;1;0;0;0;0;0;4;0;3;0;63;55;71;6;1880;292;344;50.0;0.0;5.7;30.6;11.5;24;15;61.5;3.8;19;9;67.9;11.3;0;35;20
13769;224;224;3;1;0;-3;0;1;0;0;0;0;0;5;1;5;2;69;58;81;11;2466;1434;332;85.0;0.0;4.4;26.3;29.2;27;39;40.9;-8.0;21;26;44.7;-4.3;0;0;0
13785;217;217;3;0;0;-2;0;0;0;0;0;0;0;6;1;3;3;63;55;72;3;3347;23;624;91.7;0.0;2.2;24.7;25.8;42;45;48.3;1.0;29;28;50.9;7.6;0;0;0
13788;16;16;3;0;1;0;0;0;0;0;0;0;0;5;1;0;4;63;54;64;5;2030;0;310;97.5;3.5;3.5;30.1;24.8;26;27;49.1;11.4;20;15;57.1;22.0;0;0;0
13793;18;18;3;1;0;-2;0;0;0;0;0;0;0;6;1;0;1;62;57;53;5;3053;0;223;92.7;1.2;3.5;30.7;31.8;40;35;53.3;-7.8;28;29;49.1;-14.9;0;0;0
14084;15;15;3;0;1;-1;0;0;0;0;0;0;0;2;3;0;1;52;50;54;4;1894;0;246;100.6;3.8;5.7;26.6;41.8;28;38;42.4;4.0;16;25;39.0;0.9;0;15;5
14094;0;0;3;2;1;3;4;0;0;0;0;0;0;2;2;1;3;69;65;66;6;2246;8;0;112.8;6.4;1.6;33.6;25.6;39;37;51.3;-4.1;27;19;58.7;2.3;1;0;0
14100;8;8;3;0;0;-1;2;0;0;0;0;0;0;5;0;1;4;66;59;72;4;2875;0;251;94.1;0.0;1.3;12.5;21.3;33;37;47.1;-7.2;18;22;45.0;-10.7;0;0;0
14112;19;19;2;0;1;0;0;0;0;0;0;0;0;2;2;1;1;68;62;74;7;1607;529;0;90.1;2.2;2.2;51.5;15.7;37;21;63.8;10.6;27;12;69.2;15.7;0;2;2
14113;15;15;3;0;1;-1;5;0;0;0;0;1;1;11;1;2;11;74;54;84;3;3279;165;660;99.2;2.2;3.3;23.1;31.8;37;49;43.0;5.3;25;32;43.9;8.1;0;0;0
14118;15;15;3;1;0;-3;19;0;0;0;0;3;2;2;4;1;2;61;56;54;1;2297;0;253;93.3;1.6;6.3;15.7;37.6;21;38;35.6;-4.9;15;28;34.9;-4.5;0;28;10
14120;17;17;3;0;1;0;2;0;0;0;0;0;0;2;4;2;1;59;52;68;6;2391;0;0;101.5;1.5;1.5;25.6;34.6;28;42;40.0;-3.6;20;29;40.8;-1.7;0;0;0
14130;10;10;3;0;2;-2;2;0;0;0;0;0;0;4;1;3;8;64;53;73;2;2974;32;491;84.2;3.6;6.1;26.6;20.6;34;37;47.9;-6.4;25;20;55.6;3.6;0;0;0
14132;24;24;3;1;2;2;9;0;0;0;0;1;1;2;1;1;4;69;62;72;6;2734;582;75;115.0;4.0;0.0;26.3;35.6;32;44;42.1;-12.6;22;30;42.3;-10.6;0;0;0
14133;12;12;3;1;1;-1;2;0;0;0;0;0;0;2;2;0;1;62;56;60;4;2326;98;232;95.7;3.1;4.6;31.0;32.5;29;29;50.0;-0.3;23;22;51.1;-3.9;0;0;0
14135;216;216;3;0;0;0;2;0;0;0;0;0;0;2;1;6;3;72;58;87;5;2783;471;0;100.0;0.0;0.0;42.7;20.7;49;31;61.3;0.9;37;17;68.5;13.8;0;48;31
14138;22;22;3;0;0;0;0;0;0;0;0;0;0;3;3;4;2;62;49;77;1;1818;0;289;100.0;0.0;0.0;19.8;17.8;17;16;51.5;2.4;12;11;52.2;-0.2;0;17;9
14141;217;217;3;0;1;0;4;0;1;0;0;0;0;2;1;0;1;63;58;61;5;2037;132;0;101.7;1.8;1.8;21.2;26.5;23;33;41.1;-8.6;15;23;39.5;-8.5;0;0;0
14142;10;10;3;0;1;1;4;0;0;0;0;0;0;0;0;1;3;58;51;65;0;2951;0;316;107.2;2.4;1.2;20.7;26.8;38;35;52.1;-0.3;23;23;50.0;-4.5;0;0;0
14143;17;17;3;0;0;2;0;0;0;0;0;0;0;7;3;2;10;80;51;92;4;3053;557;763;110.5;2.4;0.0;22.4;29.5;34;41;45.3;4.6;21;29;42.0;0.1;0;2;0
14144;17;17;3;1;1;1;2;0;0;0;0;0;0;2;3;3;2;62;53;70;2;2375;56;122;109.5;3.0;1.5;21.2;31.8;22;33;40.0;-3.2;16;21;43.2;1.7;0;36;14
14145;23;23;3;1;3;3;2;0;0;0;0;0;0;2;0;0;1;53;57;53;5;3299;81;0;106.8;6.5;3.3;34.9;27.3;59;37;61.5;1.2;38;28;57.6;-7.5;0;38;21
14146;0;0;3;1;3;1;4;1;1;0;0;0;0;4;1;3;0;78;75;77;6;2366;1167;0;101.7;3.0;1.5;30.4;18.3;37;26;58.7;5.9;26;15;63.4;8.5;1;0;0
14147;8;8;3;0;0;0;0;0;0;0;0;0;0;3;0;6;6;75;60;89;6;3558;793;203;100.0;0.0;0.0;28.3;17.2;49;33;59.8;12.3;33;22;60.0;11.6;0;0;0
14148;214;214;3;0;1;1;0;0;0;0;0;0;0;3;1;0;0;59;57;58;6;1643;0;96;107.1;2.2;0.0;30.7;24.1;16;17;48.5;-4.9;14;11;56.0;3.5;0;1;1
14159;10;10;3;1;1;1;5;0;0;0;0;1;0;1;0;0;1;65;61;65;3;1957;0;58;119.1;3.7;1.8;14.7;31.3;18;23;43.9;-10.2;11;18;37.9;-19.0;0;1;0
14298;9;9;2;0;0;-5;0;0;0;0;0;0;0;2;1;1;3;49;50;53;1;1662;13;152;64.3;0.0;10.8;17.3;30.3;17;26;39.5;4.1;10;18;35.7;-2.6;0;0;0
14299;17;17;3;0;0;1;0;0;0;0;0;0;0;4;1;2;3;64;53;75;1;2392;122;306;107.7;1.5;0.0;19.6;28.6;26;35;42.6;0.3;17;20;45.9;5.4;0;0;0
14350;216;216;3;0;1;0;0;0;0;0;0;0;0;3;3;0;3;64;56;74;9;2712;70;328;100.0;0.0;0.0;29.2;18.6;37;29;56.1;-6.2;25;18;58.1;-1.2;0;0;0
14570;15;15;3;0;3;-2;0;0;2;0;0;0;0;8;3;0;4;65;57;68;4;2723;541;26;95.6;1.3;4.0;18.5;34.4;27;54;33.3;-8.6;17;31;35.4;-4.0;0;1;1
14586;12;12;3;1;2;0;10;0;1;0;0;2;0;9;2;1;0;68;59;74;3;1183;912;15;107.9;6.1;3.0;27.4;21.3;16;11;59.3;10.3;10;7;58.8;5.5;0;0;0
14599;3;3;3;0;0;-1;2;0;0;0;0;0;0;3;1;1;0;62;54;69;3;2136;0;454;93.3;0.0;1.7;21.9;25.3;24;29;45.3;3.1;15;17;46.9;2.5;0;25;16
14622;12;12;3;1;1;-2;2;0;1;0;0;0;0;3;4;5;1;72;59;82;3;2459;1121;80;97.7;2.9;4.4;19.0;24.9;24;26;48.0;-2.9;17;19;47.2;-8.7;0;44;24
14740;14;14;3;0;0;0;4;0;0;0;0;0;0;2;0;2;6;65;52;74;2;2860;191;293;98.9;1.3;1.3;26.4;21.4;34;29;54.0;-0.3;23;19;54.8;0.9;0;0;0
15075;25;25;2;0;1;0;2;0;0;0;0;0;0;1;0;2;7;69;52;81;1;1932;168;226;102.1;1.9;1.9;22.4;29.8;18;34;34.6;-23.4;14;22;38.9;-19.0;0;0;0
15077;3;3;3;1;0;0;7;0;0;0;0;1;0;7;1;0;4;65;54;75;3;2087;0;411;101.1;1.7;1.7;25.9;31.0;24;32;42.9;-0.1;18;20;47.4;3.4;0;7;4
15107;14;14;3;0;0;2;2;0;0;0;0;0;0;3;1;0;1;63;56;69;4;2189;555;0;108.7;3.3;0.0;37.8;24.7;31;21;59.6;6.9;23;16;59.0;6.3;0;3;2
