PlayerId;Year;TeamId;LeagueId;GP;G;A;PIM;+/-;PP G;PP A;SH G;SH A;GR;GWG;SOG;FO;FO W;HIT;GvA;TkA;SB;TOI;PPTOI;SHTOI;Fights;Fights Won
233;1990;15;0;7;1;1;8;2;0;0;0;0;61;0;7;0;0;8;0;2;12;7330;401;461;1;0
1077;1989;26;0;7;1;0;0;-3;0;0;0;0;59;1;8;55;28;0;1;4;1;4988;512;90;0;0
1077;1990;26;0;7;2;3;6;1;0;0;0;0;65;1;15;61;29;5;4;3;1;5473;1057;2;1;0
1442;1990;24;0;7;0;4;4;13;0;1;0;0;58;0;5;0;0;6;1;1;1;7542;294;227;2;0
1492;1989;24;0;7;1;6;10;0;1;2;0;0;72;0;19;0;0;15;2;6;8;6186;1337;1175;1;0
1492;1990;24;0;7;1;4;4;4;1;1;0;0;70;0;6;0;0;5;1;2;7;6029;1171;294;1;0
92;1989;26;0;7;0;2;8;-4;0;0;0;0;57;0;8;0;0;11;0;6;2;7779;122;198;3;0
367;1989;25;0;7;1;2;2;-1;0;0;0;0;57;0;7;15;8;3;1;0;0;3184;89;182;0;0
469;1989;24;0;7;1;2;2;0;0;0;0;0;58;0;8;54;31;2;4;1;1;4802;348;46;0;0
469;1990;24;0;7;0;1;0;2;0;0;0;0;65;0;7;20;11;6;3;3;4;3905;38;119;0;0
469;1991;24;0;7;1;4;6;4;0;1;0;0;69;0;7;5;4;8;2;1;0;5478;12;105;0;0
597;1990;0;0;3;0;2;0;-3;0;0;0;0;67;0;6;0;0;2;0;3;2;3004;3;233;0;0
710;1989;11;0;6;0;4;12;0;0;0;0;0;59;0;13;0;0;5;0;2;9;7140;72;1062;2;0
710;1990;11;0;5;0;3;0;-1;0;0;0;0;61;0;6;0;0;4;0;1;4;5352;424;622;0;0
710;1991;11;0;7;2;2;6;0;0;0;0;0;67;1;9;0;0;9;3;8;17;7673;575;1603;0;0
893;1989;11;0;6;0;1;2;-4;0;0;0;0;58;0;5;2;1;3;3;0;1;3300;57;10;0;0
893;1990;11;0;5;6;0;0;5;0;0;0;0;66;1;10;38;16;4;2;2;0;3885;0;0;0;0
893;1991;11;0;7;1;1;8;-4;0;0;0;0;61;0;22;3;2;4;5;3;0;5099;40;135;0;0
909;1989;24;0;7;1;5;8;3;0;0;1;1;60;0;10;0;0;13;3;3;9;6841;129;1246;2;1
909;1990;24;0;7;0;4;8;7;0;0;0;0;60;0;5;0;0;4;2;4;7;7940;132;794;3;0
909;1991;24;0;7;0;1;11;3;0;0;0;0;64;0;6;0;0;7;0;5;10;7744;84;904;1;0
1209;1989;12;0;7;0;1;6;5;0;0;0;0;62;0;7;0;0;12;0;6;5;6608;166;637;0;0
1263;1989;19;0;6;0;1;4;-3;0;0;0;1;57;0;5;0;0;6;2;3;2;5745;218;464;0;0
1263;1990;19;0;7;0;2;4;-3;0;0;0;1;58;0;8;0;0;8;1;6;3;7156;76;552;0;0
1337;1989;16;0;5;1;1;6;-3;0;1;0;0;58;0;9;0;0;4;2;1;5;3849;1239;227;1;0
1618;1989;11;0;6;0;2;8;-6;0;0;0;0;56;0;9;55;28;10;9;2;2;4928;235;123;2;0
1618;1990;11;0;5;1;1;4;-2;0;0;0;0;57;0;5;56;27;2;7;2;1;4465;193;65;1;0
1618;1991;11;0;7;1;0;8;-1;1;0;0;0;61;0;10;73;30;10;6;5;1;4340;482;850;0;0
1728;1990;9;0;7;2;1;2;-4;0;1;0;0;58;0;8;53;26;4;5;3;1;4570;49;471;0;0
1728;1991;9;0;1;0;0;0;0;0;0;0;0;53;0;0;1;0;0;0;0;0;425;0;0;0;0
1826;1989;26;0;7;2;2;0;0;1;0;1;0;66;0;6;7;4;12;2;3;3;5440;507;169;0;0
182;1989;15;0;7;0;1;2;-2;0;0;0;0;56;0;8;50;25;4;4;4;0;5306;98;584;1;0
182;1990;15;0;7;0;1;10;0;0;0;0;0;67;0;3;56;31;11;4;3;2;4406;234;1663;2;2
182;1991;15;0;7;0;1;24;-4;0;0;0;0;63;0;3;69;26;14;6;4;4;5685;0;772;2;0
517;1989;12;0;7;0;2;0;-2;0;0;0;0;59;0;6;0;0;12;1;1;1;4097;0;62;0;0
711;1989;21;0;7;0;2;0;-1;0;0;0;0;62;0;7;66;30;8;3;3;2;4531;547;145;0;0
711;1990;21;0;7;2;2;6;0;0;0;0;0;57;0;6;32;20;1;0;1;0;3769;0;83;1;0
1004;1989;23;0;7;3;3;2;0;0;1;0;0;67;1;20;0;0;5;10;5;0;5835;1448;215;0;0
1004;1990;23;0;3;0;0;0;1;0;0;0;0;65;0;5;0;0;5;2;2;0;1894;892;0;0;0
1027;1989;24;0;7;2;4;10;3;0;0;0;0;72;1;17;0;0;18;10;4;4;6086;408;159;3;3
1027;1990;24;0;7;2;2;0;4;1;1;0;0;68;1;4;0;0;16;6;1;0;4351;1307;0;0;0
1027;1991;24;0;7;1;3;25;6;0;0;0;0;68;0;6;0;0;17;3;1;0;4779;507;0;3;0
1027;1992;5;0;7;0;1;15;-4;0;0;0;0;58;0;7;0;0;9;7;3;1;4335;178;127;1;0
1066;1989;16;0;6;0;1;14;-6;0;0;0;0;54;0;5;0;0;7;0;2;5;4977;927;224;4;1
1067;1990;5;0;6;1;0;10;0;0;0;0;0;69;0;5;0;0;11;2;3;14;5621;19;1321;4;1
1067;1991;5;0;7;0;1;9;-2;0;0;0;0;59;0;4;0;0;7;4;3;15;5711;54;2122;1;0
1067;1992;5;0;7;0;1;11;-6;0;0;0;0;55;0;6;0;0;6;2;4;10;6682;258;1577;1;1
1117;1989;25;0;7;0;2;2;-4;0;0;0;0;62;0;9;0;0;10;2;1;4;3173;22;389;1;0
1201;1989;24;0;7;4;4;2;4;0;1;0;0;74;0;21;44;22;5;5;4;3;6489;1311;111;0;0
1201;1990;24;0;7;3;4;0;8;0;1;0;0;71;0;8;2;1;7;2;0;3;5294;263;0;0;0
1201;1991;24;0;7;3;0;2;4;0;0;1;0;66;1;15;2;1;8;3;4;2;4531;201;150;0;0
1201;1992;24;0;7;3;3;0;-1;1;1;0;0;71;0;20;1;0;23;5;3;2;4916;1663;0;0;0
1249;1989;15;0;7;1;0;4;-3;1;0;0;0;59;1;5;1;1;13;7;1;2;5062;732;337;1;0
1249;1990;15;0;7;0;0;2;-4;0;0;0;0;51;0;1;7;3;3;1;0;0;2759;0;366;1;0
1316;1990;5;0;6;1;0;0;-2;0;0;0;0;61;0;8;43;16;4;3;4;0;3328;116;250;0;0
1524;1991;11;0;7;0;2;30;-3;0;0;0;0;56;0;4;0;0;8;1;2;0;4251;0;0;2;1
1524;1992;11;0;1;0;1;0;1;0;0;0;0;57;0;0;8;5;0;0;0;0;356;0;0;0;0
1587;1989;14;0;7;2;1;10;-5;0;0;0;0;66;0;21;119;64;7;8;6;3;6367;1952;342;2;0
1587;1990;14;0;7;5;3;12;4;2;1;0;0;68;2;14;105;49;9;8;7;2;6017;1662;359;1;0
1587;1991;14;0;7;2;6;13;0;2;1;0;0;66;0;10;100;36;8;5;2;4;5315;1365;478;1;0
1587;1992;14;0;7;0;2;4;0;0;0;0;0;58;0;9;57;29;5;3;0;2;3946;77;170;0;0
1599;1991;14;0;7;0;0;17;-3;0;0;0;0;55;0;2;0;0;8;1;1;0;3095;1;0;1;1
1792;1989;26;0;7;2;1;6;-1;0;0;1;0;54;0;7;0;0;5;2;3;1;5550;39;231;1;0
11;1989;11;0;6;0;1;2;-3;0;0;0;0;57;0;3;41;27;7;1;0;2;2793;0;279;1;0
290;1989;9;0;6;1;1;8;1;1;0;0;0;67;1;12;20;11;12;4;3;3;4652;209;801;2;0
290;1990;9;0;3;0;2;4;-2;0;0;0;0;60;0;4;12;6;5;2;0;1;1847;44;388;0;0
290;1991;9;0;7;1;0;13;-4;0;0;0;0;56;0;4;1;0;12;4;1;2;4964;0;93;1;0
290;1992;9;0;7;0;4;14;5;0;0;0;0;59;0;4;2;1;12;4;0;3;3437;130;132;2;0
641;1989;12;0;7;0;2;8;0;0;0;0;1;59;0;5;0;0;7;0;3;6;5628;242;433;3;0
641;1991;214;0;3;0;0;2;-6;0;0;0;0;42;0;1;0;0;5;1;0;1;2118;3;146;0;0
716;1989;23;0;7;1;0;6;-3;1;0;0;0;60;0;13;0;0;9;0;5;8;4737;1555;1155;1;0
716;1990;23;0;7;0;3;4;2;0;0;0;0;62;0;9;0;0;9;2;3;6;6384;1106;393;0;0
716;1991;23;0;7;0;1;4;-3;0;0;0;1;60;0;3;0;0;6;1;4;9;6413;62;809;0;0
766;1992;11;0;6;2;1;0;-5;0;0;0;0;59;0;11;0;0;6;4;1;3;4479;173;65;0;0
766;1993;11;0;7;3;1;0;0;0;0;0;0;66;0;13;2;2;7;2;7;2;5954;612;292;0;0
849;1993;216;0;5;0;2;20;5;0;0;0;0;64;0;4;0;0;3;1;2;6;4497;0;24;2;1
849;1991;24;0;7;1;5;55;4;0;0;0;0;64;0;6;0;0;9;0;2;5;5520;0;230;7;4
849;1992;24;0;7;0;4;20;8;0;0;0;2;60;0;6;0;0;2;2;2;5;4564;0;1408;2;1
1009;1989;0;0;6;0;0;6;0;0;0;0;0;71;0;7;0;0;13;1;3;16;6553;586;996;0;0
1009;1990;0;0;7;1;0;10;-2;0;0;1;0;65;0;6;1;0;11;5;2;21;6663;16;1327;4;1
1009;1991;0;0;7;1;2;9;0;0;0;0;0;70;0;8;0;0;11;3;6;20;8295;319;1167;1;0
1009;1993;16;0;7;0;3;8;3;0;0;0;0;61;0;11;0;0;11;0;2;17;8570;827;378;0;0
1025;1990;14;0;7;1;4;2;3;0;0;0;1;63;0;11;0;0;6;2;2;3;3511;0;187;1;0
1025;1989;14;0;7;2;1;2;0;0;1;0;0;63;0;9;1;0;9;0;0;0;3501;363;86;1;0
1049;1991;21;0;7;1;2;20;-2;0;0;0;0;59;0;6;13;7;11;4;3;3;4641;259;377;2;0
1236;1989;21;0;7;0;0;14;-2;0;0;0;0;62;0;5;0;0;6;1;1;2;2629;713;0;4;1
1362;1990;23;0;7;2;1;0;-2;0;0;0;0;58;1;9;69;42;3;6;4;1;5377;270;105;0;0
1362;1991;23;0;7;3;0;2;2;0;0;1;0;59;1;6;35;23;3;3;2;3;3522;98;240;0;0
1392;1993;15;0;5;1;3;5;2;0;0;0;0;59;0;8;0;0;7;3;2;6;4665;0;566;1;0
1392;1989;5;0;2;0;0;0;1;0;0;0;0;60;0;3;0;0;2;1;4;0;2155;130;56;0;0
1392;1990;5;0;6;0;4;12;0;0;1;0;1;75;0;17;0;0;16;1;6;11;5757;1361;1146;3;3
1392;1991;5;0;7;0;2;19;-3;0;0;0;0;61;0;3;0;0;9;2;4;8;6059;244;607;3;0
1392;1992;15;0;7;2;4;45;2;0;2;0;0;70;0;16;0;0;16;0;6;17;6383;1665;484;5;2
1585;1993;9;0;7;0;1;2;1;0;0;0;0;60;0;9;1;1;10;5;4;2;3905;0;344;0;0
1717;1989;14;0;7;1;3;12;-1;0;0;1;0;63;0;14;14;7;11;9;7;4;7029;290;268;3;1
1717;1990;14;0;7;3;0;14;-6;1;0;0;0;62;0;11;8;2;12;7;7;1;6167;515;644;1;1
1717;1991;14;0;7;2;5;11;-2;0;1;0;0;65;0;15;5;3;23;5;1;6;6184;542;449;1;0
1717;1992;14;0;4;0;0;4;-4;0;0;0;0;54;0;0;0;0;2;0;0;0;2329;32;31;0;0
1717;1993;216;0;7;1;3;4;1;0;1;0;0;64;0;4;1;0;13;2;2;4;5038;185;60;0;0
1747;1991;15;0;7;1;5;16;-2;0;3;0;0;60;0;10;1;0;11;5;1;0;3767;1081;0;2;0
1747;1992;15;0;7;0;2;7;1;0;0;0;0;60;0;5;3;1;17;2;1;3;3618;8;0;1;1
152;1990;11;0;5;0;0;8;-3;0;0;0;0;54;0;2;26;14;1;1;2;0;2674;0;23;2;1
152;1994;15;0;7;1;1;0;-3;0;0;0;0;60;0;3;8;7;9;3;1;1;4448;0;5;0;0
230;1989;22;0;6;1;0;6;-2;0;0;0;0;58;0;5;54;26;9;7;1;3;4702;432;675;1;0
230;1990;22;0;6;3;0;4;-4;0;0;0;0;68;1;9;93;41;6;5;8;1;6421;176;1033;1;0
230;1991;22;0;6;2;0;9;0;0;0;0;0;73;1;15;74;36;9;12;7;6;5327;530;867;1;0
230;1992;22;0;7;3;2;14;0;0;0;0;0;69;2;13;119;58;13;5;4;3;6717;409;1250;2;0
230;1993;22;0;7;0;4;7;2;0;1;0;0;72;0;11;77;44;9;6;7;8;5966;440;1305;1;0
230;1994;25;0;7;1;0;5;-3;0;0;0;0;61;1;7;76;39;8;3;3;5;4801;143;256;1;1
275;1989;26;0;7;4;1;2;-2;2;0;0;0;63;1;25;23;6;10;11;3;3;6334;1399;135;0;0
275;1990;26;0;7;0;8;10;0;0;1;0;0;70;0;15;1;1;9;6;4;3;6445;1286;13;2;1
275;1991;26;0;7;4;2;17;2;1;0;0;0;72;1;19;1;0;10;6;1;6;6517;1126;7;1;0
275;1992;26;0;7;1;3;13;5;0;1;0;0;69;0;9;0;0;9;3;0;1;4293;1554;0;1;0
275;1993;25;0;7;5;4;2;2;1;2;0;0;72;0;17;8;5;15;10;0;4;5494;2363;0;0;0
275;1994;25;0;7;0;0;0;-3;0;0;0;0;55;0;6;5;2;6;4;1;3;3727;1;284;0;0
324;1989;20;0;7;1;2;14;-6;0;0;0;0;50;0;7;0;0;3;1;2;6;7067;177;188;3;0
324;1990;20;0;7;1;1;6;1;0;0;1;0;61;1;6;0;0;5;1;3;7;7435;105;507;0;0
324;1992;15;0;7;0;1;6;-6;0;1;0;0;55;0;9;0;0;8;2;2;5;5506;777;337;0;0
324;1993;15;0;4;0;1;12;0;0;0;0;0;58;0;3;0;0;5;0;1;2;4070;159;192;2;1
324;1994;15;0;7;0;1;6;-1;0;0;0;0;60;0;10;0;0;10;1;2;9;6576;1611;1016;0;0
476;1989;24;0;7;1;0;4;0;0;0;0;0;56;1;4;2;1;4;2;3;1;2508;337;133;0;0
485;1993;9;0;7;0;1;14;2;0;0;0;0;57;0;7;0;0;7;0;0;9;6458;434;647;2;0
485;1989;9;0;6;0;3;4;2;0;0;0;0;66;0;7;0;0;13;1;5;6;6315;640;298;1;0
485;1990;9;0;7;0;3;4;-6;0;0;0;0;60;0;6;0;0;6;3;4;9;7740;271;1308;0;0
485;1991;9;0;7;0;6;44;0;0;5;0;0;63;0;12;0;0;8;1;1;13;6489;1254;1506;4;0
485;1992;9;0;7;2;3;7;1;1;0;0;0;65;0;9;0;0;8;1;5;12;6988;489;614;1;0
506;1991;25;0;7;0;1;24;1;0;0;0;0;53;0;3;36;11;5;2;0;0;2827;48;245;2;1
554;1989;20;0;7;3;3;6;-1;0;0;0;0;62;0;15;4;2;15;8;1;2;6628;278;394;2;0
554;1990;20;0;7;3;1;4;1;0;0;0;0;63;0;19;2;0;9;6;3;4;4237;282;700;1;0
554;1991;18;0;7;0;0;2;-1;0;0;0;0;59;0;5;3;0;5;4;2;0;4093;160;68;0;0
581;1989;0;0;6;0;1;4;-2;0;1;0;0;67;0;11;24;10;16;3;4;3;4752;1383;0;0;0
581;1990;25;0;6;0;1;6;-4;0;0;0;0;56;0;6;0;0;4;2;3;2;4053;148;0;0;0
581;1991;25;0;7;1;2;6;-3;0;1;0;0;60;1;7;0;0;8;2;2;0;4653;403;0;0;0
581;1993;25;0;7;0;1;2;1;0;1;0;0;60;0;9;10;6;3;1;0;1;2641;1474;7;0;0
585;1990;26;0;7;0;1;6;-1;0;0;0;0;64;0;2;17;7;7;3;5;10;4327;269;519;1;0
585;1991;214;0;7;1;1;15;-5;0;1;0;0;59;0;6;0;0;15;8;0;1;4760;1846;0;1;1
585;1992;25;0;7;0;0;24;-2;0;0;0;0;57;0;5;3;0;9;2;4;2;3609;98;377;2;1
585;1993;25;0;7;0;0;47;2;0;0;0;0;66;0;8;28;14;7;7;5;5;2947;306;1554;3;0
827;1990;12;0;7;5;2;0;3;0;1;0;0;71;1;20;100;45;6;4;3;2;5446;1976;73;0;0
827;1991;214;0;7;1;3;7;0;0;0;0;0;56;0;12;79;42;3;6;3;0;5624;111;262;1;0
827;1992;214;0;7;1;1;2;-1;0;0;0;0;62;0;8;3;3;11;4;1;3;5648;188;250;0;0
827;1993;214;0;7;0;0;4;-4;0;0;0;0;59;0;7;46;25;5;2;4;3;3970;152;373;0;0
827;1994;214;0;7;0;3;24;-3;0;0;0;0;57;0;7;53;16;1;4;2;0;3658;37;532;2;0
864;1989;0;0;6;2;1;2;1;0;0;1;0;64;0;9;30;16;7;3;4;0;4090;41;1250;0;0
1030;1989;24;0;7;0;2;2;2;0;0;0;0;67;0;15;9;3;16;5;9;3;3395;75;2027;0;0
1030;1990;24;0;7;0;3;12;2;0;0;0;0;67;0;9;13;6;19;4;2;4;6627;0;656;5;0
1030;1991;24;0;7;0;5;2;1;0;0;0;1;66;0;6;27;13;10;5;6;3;5928;94;936;0;0
1030;1992;24;0;7;3;6;9;7;0;0;2;0;66;0;13;32;14;16;10;2;4;5324;30;1347;1;1
1030;1993;24;0;7;0;1;7;-3;0;0;0;0;64;0;6;19;9;15;3;4;3;3624;202;1366;1;0
1030;1994;19;0;5;1;2;13;0;0;0;0;0;64;0;6;16;10;10;4;3;2;3110;415;360;1;0
1039;1989;11;0;6;0;4;6;3;0;0;0;0;67;0;9;23;11;3;5;5;2;4844;1002;43;1;0
1039;1990;11;0;5;1;2;4;-5;0;0;0;0;69;1;16;1;0;5;0;1;1;4517;1017;167;0;0
1039;1991;20;0;7;2;1;6;-1;0;0;0;0;74;1;26;15;6;12;13;6;4;6337;521;76;0;0
1039;1992;25;0;7;5;2;2;6;1;0;0;0;67;1;18;1;0;10;6;1;4;6056;473;17;0;0
1039;1993;221;0;2;0;1;0;1;0;0;0;0;74;0;5;8;3;9;4;1;1;1597;291;318;0;0
1039;1994;21;0;7;1;1;2;1;0;0;0;0;61;1;10;0;0;10;1;0;0;3019;167;135;0;0
1224;1989;11;0;6;4;1;0;3;0;0;0;0;70;0;17;7;4;6;3;3;0;4470;1117;174;0;0
1224;1990;11;0;5;1;2;0;1;0;0;0;0;65;0;8;1;1;6;4;1;2;3130;9;149;0;0
1224;1991;20;0;7;1;3;2;1;0;0;0;0;64;1;7;1;1;5;1;2;1;4347;123;5;0;0
1224;1992;20;0;7;1;1;2;2;0;0;0;0;61;0;6;0;0;6;5;4;1;3844;626;578;0;0
1306;1993;9;0;7;0;1;4;0;0;0;0;0;58;0;4;0;0;3;1;4;4;2967;165;45;0;0
1306;1991;9;0;7;1;1;6;-4;0;1;0;0;53;0;4;0;0;4;3;2;5;5222;216;0;0;0
1306;1992;9;0;7;0;1;5;-2;0;0;0;0;52;0;3;0;0;4;1;1;1;3596;0;0;1;0
1374;1989;22;0;6;3;4;8;3;2;1;0;2;73;0;9;3;1;15;1;0;3;3863;1153;423;0;0
1374;1990;22;0;6;1;1;2;-4;1;0;0;0;65;0;8;30;13;7;9;3;2;5574;1000;38;0;0
1374;1991;22;0;7;2;2;13;4;1;0;0;0;70;1;23;7;1;10;2;6;1;5775;1640;159;1;1
1374;1992;217;0;7;1;1;12;-6;0;1;0;0;65;0;9;1;0;12;2;4;1;6105;1228;510;2;1
1374;1993;217;0;7;2;3;4;-2;1;2;0;0;64;0;15;0;0;15;4;3;2;4703;1652;0;0;0
1374;1994;217;0;7;1;1;0;-2;0;0;0;1;62;0;18;3;1;7;4;3;0;4505;3;225;0;0
1412;1989;11;0;6;0;4;6;-4;0;2;0;0;64;0;14;1;1;6;1;2;8;6324;1133;1016;1;0
1412;1990;11;0;5;1;1;2;4;0;0;0;0;67;0;12;0;0;7;1;3;5;5984;26;237;0;0
1412;1991;11;0;7;0;1;0;-1;0;0;0;0;65;0;9;0;0;8;2;4;7;7390;586;397;0;0
1412;1992;11;0;7;0;6;9;4;0;0;0;0;70;0;11;0;0;13;4;7;11;6884;1802;1107;1;0
1412;1993;11;0;7;0;2;5;-2;0;0;0;0;69;0;15;0;0;7;2;5;10;6933;1885;1520;1;0
1412;1994;11;0;7;1;1;7;-6;1;0;0;0;68;0;17;0;0;13;3;8;8;7299;1425;880;1;0
1479;1989;9;0;6;3;1;6;3;0;1;0;0;66;1;16;0;0;10;3;7;7;7098;759;251;0;0
1479;1990;9;0;7;3;2;6;-2;1;2;0;0;62;0;22;0;0;8;5;5;4;6667;1811;321;0;0
1479;1991;9;0;7;2;5;13;1;2;3;0;0;72;0;22;0;0;15;3;7;6;7165;1452;1306;1;0
1479;1992;9;0;7;1;5;0;1;0;1;0;0;69;0;16;0;0;4;3;6;10;6838;528;796;0;0
1479;1993;9;0;7;0;3;2;2;0;0;0;0;61;0;9;0;0;8;2;9;2;6919;386;703;0;0
1479;1994;11;0;7;0;3;21;5;0;1;0;0;66;0;13;0;0;5;3;7;9;7085;1415;857;1;0
1617;1989;11;0;6;0;2;0;-10;0;1;0;0;63;0;9;0;0;9;2;4;2;4445;244;322;0;0
1617;1990;11;0;5;0;1;0;-3;0;0;0;0;69;0;11;0;0;6;1;1;6;3865;230;0;0;0
1617;1991;11;0;7;1;1;2;0;0;0;0;0;62;0;11;1;0;8;4;3;2;4212;331;209;0;0
1617;1992;11;0;1;0;0;0;-1;0;0;0;0;49;0;0;0;0;0;1;0;1;570;0;0;0;0
1617;1993;11;0;7;1;3;0;-3;1;1;0;0;67;0;7;0;0;9;0;0;4;4725;2022;458;0;0
1647;1989;23;0;7;0;1;0;-3;0;0;0;0;50;0;5;0;0;1;1;0;1;3837;37;108;0;0
1647;1990;23;0;7;1;1;2;-2;0;0;0;0;58;0;6;0;0;10;7;4;1;5426;6;324;0;0
1657;1989;12;0;1;0;0;0;0;0;0;0;0;55;0;0;0;0;0;0;0;0;349;0;0;0;0
1762;1989;15;0;7;0;2;0;-2;0;0;0;0;67;0;6;0;0;11;1;5;4;6836;459;644;0;0
1762;1990;15;0;7;0;2;2;5;0;0;0;0;60;0;0;0;0;5;0;2;8;4947;0;537;1;0
1762;1991;15;0;7;0;4;9;0;0;3;0;0;61;0;8;0;0;2;2;5;4;6103;1088;325;1;0
1803;1989;12;0;7;0;6;10;6;0;0;0;1;59;0;13;0;0;11;2;8;3;6817;715;685;3;3
1803;1991;15;0;7;0;1;6;-3;0;0;0;0;60;0;4;0;0;20;2;6;2;7817;9;458;0;0
1803;1993;15;0;6;0;3;5;-1;0;0;0;0;61;0;11;0;0;7;0;4;5;5493;512;368;1;0
1803;1994;15;0;7;1;2;0;-4;0;0;0;0;60;0;8;0;0;16;5;1;22;6991;658;470;0;0
1822;1989;11;0;6;3;3;4;7;0;1;0;0;69;0;14;0;0;7;4;4;8;7161;1126;615;0;0
1822;1990;11;0;5;1;2;0;0;0;0;0;0;71;0;13;0;0;3;0;2;4;6247;1102;151;0;0
1822;1991;11;0;7;4;3;2;0;3;2;0;0;69;0;22;0;0;10;3;3;11;7379;1558;1559;0;0
1822;1992;24;0;7;2;3;11;4;0;1;0;0;69;0;21;0;0;9;0;6;4;7642;1694;360;1;0
1822;1993;214;0;7;2;3;23;-2;1;2;0;0;76;0;32;0;0;11;1;5;11;7614;1752;1100;1;0
1822;1994;214;0;7;0;1;4;-1;0;0;0;0;68;0;9;0;0;9;2;5;9;8095;157;653;0;0
25;1989;21;0;7;3;1;6;0;1;1;0;0;63;1;8;3;1;6;4;0;0;4538;460;361;1;0
79;1990;5;0;6;1;0;4;-2;0;0;0;0;60;1;11;1;0;10;5;2;6;3106;120;1300;0;0
79;1991;5;0;7;0;1;0;4;0;0;0;0;66;0;14;3;0;22;4;4;2;3759;0;1787;0;0
79;1992;214;0;2;0;0;0;-1;0;0;0;0;56;0;1;0;0;3;3;0;0;1054;23;0;0;0
183;1991;21;0;7;1;2;2;-3;0;0;0;0;59;1;6;46;16;5;3;7;1;4420;293;187;0;0
183;1992;21;0;7;0;1;8;-4;0;0;0;0;55;0;2;45;15;4;1;2;2;5152;33;20;0;0
192;1989;21;0;2;0;0;10;0;0;0;0;0;54;0;3;1;0;2;0;2;0;2042;0;143;1;0
192;1990;21;0;7;0;0;4;-3;0;0;0;0;58;0;9;0;0;11;2;7;6;6832;36;549;1;0
192;1991;21;0;7;0;3;20;-2;0;0;0;0;61;0;12;0;0;9;2;4;6;6938;264;459;2;0
516;1989;26;0;7;1;0;0;-1;0;0;0;0;57;0;4;0;0;0;0;1;1;3222;0;0;0;0
725;1989;5;0;7;0;5;6;0;0;0;0;1;62;0;6;58;42;10;10;1;0;6041;51;406;2;2
725;1990;5;0;6;0;1;14;2;0;0;0;0;72;0;12;70;44;8;7;4;3;5148;379;290;3;2
725;1991;214;0;7;1;1;93;-7;1;0;0;0;77;1;14;85;49;10;6;4;2;5191;507;471;12;6
725;1992;214;0;7;2;3;50;0;0;1;0;0;73;1;7;55;31;7;11;8;2;5295;418;180;6;5
725;1993;214;0;7;0;4;17;0;0;1;0;0;65;0;5;55;30;10;3;4;1;4914;170;81;1;1
725;1994;214;0;7;1;2;15;0;0;0;0;0;61;0;7;60;29;5;3;1;1;5254;320;37;3;1
725;1995;214;0;7;0;0;0;0;0;0;0;0;58;0;4;48;28;1;0;2;1;4163;93;79;0;0
811;1989;9;0;2;1;0;0;-3;1;0;0;0;64;0;5;3;0;2;3;1;4;2277;366;44;0;0
811;1990;9;0;7;0;3;2;-5;0;1;0;0;59;0;22;1;0;6;11;3;5;5300;439;75;1;1
811;1991;9;0;7;1;3;31;-1;1;1;0;0;68;0;15;0;0;15;5;3;2;4795;1432;203;3;1
811;1992;9;0;7;2;5;20;-7;1;3;0;0;59;0;21;9;2;14;4;1;0;5178;1741;195;2;2
811;1993;9;0;7;0;2;31;-1;0;0;0;0;58;0;11;6;4;11;5;4;0;5392;181;327;3;0
811;1994;9;0;7;1;2;14;2;0;0;0;0;56;0;16;1;1;4;4;2;5;5381;78;95;2;0
811;1995;9;0;7;2;2;0;4;0;0;0;0;64;0;11;0;0;9;3;3;2;4386;68;0;0;0
844;1990;5;0;6;0;2;10;1;0;0;0;0;61;0;13;0;0;8;3;1;8;6102;288;486;1;0
844;1992;9;0;7;1;1;21;-5;0;0;0;0;55;0;7;0;0;10;0;3;11;5745;229;299;1;0
891;1991;8;0;7;1;2;31;3;0;0;0;1;60;0;6;0;0;7;1;7;8;7096;119;817;3;0
979;1989;15;0;7;1;2;6;0;0;0;0;0;65;0;6;0;0;12;0;0;11;7582;527;740;1;0
979;1990;15;0;7;1;1;6;-1;0;0;0;0;64;0;14;0;0;17;2;2;16;7554;378;616;0;0
979;1991;15;0;7;1;0;28;-1;0;0;0;0;58;0;8;0;0;14;2;4;9;7786;413;690;4;2
979;1992;15;0;7;1;3;0;4;0;0;0;0;63;0;9;0;0;16;2;3;17;7744;199;1402;0;0
979;1993;15;0;6;0;2;9;-4;0;0;0;0;54;0;6;0;0;6;2;3;5;6589;691;594;1;0
1130;1989;16;0;6;0;0;6;-10;0;0;0;0;62;0;17;21;5;10;5;3;5;4424;1672;910;2;0
1130;1990;16;0;7;5;2;0;8;0;0;1;1;63;1;20;7;5;10;5;1;1;3966;11;136;0;0
1130;1991;214;0;7;2;5;19;-1;0;1;0;0;65;0;18;11;4;14;13;4;5;5579;1810;510;1;0
1130;1992;25;0;7;0;0;15;-2;0;0;0;0;59;0;6;21;12;4;1;2;1;3124;15;1037;1;0
1130;1993;25;0;7;0;4;14;4;0;1;0;0;59;0;13;3;1;12;3;2;0;3726;94;560;2;1
1238;1989;12;0;7;11;4;8;12;2;0;1;2;77;2;32;157;92;12;5;10;5;4392;2207;1612;1;0
1238;1991;214;0;7;5;2;15;0;1;0;0;1;67;0;12;127;72;7;5;2;0;5866;1935;761;1;0
1238;1992;214;0;7;2;1;18;-2;0;0;0;0;65;0;13;80;41;8;4;4;3;5271;1260;275;2;1
1238;1993;214;0;7;2;1;18;0;0;1;0;0;64;0;16;59;29;4;7;2;1;5610;1591;24;2;0
1238;1994;214;0;7;2;4;5;6;0;0;0;0;66;0;9;80;43;5;7;1;1;6560;387;58;1;0
1238;1995;15;0;7;0;1;7;-4;0;0;0;0;64;0;15;55;31;10;4;1;0;5370;1619;82;1;1
1324;1989;23;0;7;0;0;6;-3;0;0;0;0;54;0;4;41;19;4;3;4;0;4089;76;115;3;0
1324;1990;23;0;3;0;0;2;0;0;0;0;0;58;0;1;23;14;1;2;0;0;1808;129;40;0;0
1324;1991;23;0;7;0;2;10;-1;0;0;0;0;60;0;4;54;25;2;6;2;0;4027;0;24;2;1
1394;1990;16;0;7;0;4;4;8;0;0;0;0;70;0;7;0;0;8;5;4;18;7244;527;242;0;0
1394;1991;16;0;7;0;5;29;4;0;1;0;0;68;0;13;0;0;15;1;4;9;7011;589;715;5;0
1394;1992;217;0;7;0;1;20;-6;0;0;0;0;64;0;8;0;0;13;1;4;16;6982;405;1199;2;0
1394;1993;217;0;7;0;3;19;0;0;0;0;0;68;0;3;0;0;7;1;3;19;6852;148;1574;1;1
1394;1994;217;0;2;0;1;4;-1;0;0;0;0;46;0;0;0;0;4;0;1;2;2352;73;154;0;0
1394;1995;217;0;7;1;5;16;5;0;1;0;1;65;1;11;0;0;7;4;7;9;5916;199;1002;2;2
1475;1989;14;0;3;1;0;6;3;0;0;0;0;60;0;2;0;0;2;0;0;1;1910;53;89;2;1
1475;1990;14;0;1;1;1;0;2;0;0;0;0;63;0;1;0;0;0;1;0;0;427;0;87;0;0
1495;1990;8;0;7;1;2;2;2;0;0;0;0;64;0;7;0;0;8;2;6;7;6718;88;640;0;0
1495;1991;20;0;7;0;1;7;0;0;0;0;0;66;0;8;0;0;5;2;6;17;6884;26;623;1;0
1495;1992;20;0;7;0;5;24;5;0;0;0;0;63;0;7;0;0;9;1;2;17;5928;160;1889;2;0
1495;1993;20;0;7;0;1;22;4;0;0;0;0;58;0;4;0;0;2;0;2;11;5912;60;581;2;0
1495;1994;11;0;7;0;1;16;-6;0;0;0;0;61;0;5;0;0;8;1;6;13;7868;404;348;2;0
1495;1995;9;0;7;0;1;28;1;0;0;0;0;64;0;3;0;0;9;3;6;13;7401;37;195;2;1
1692;1994;18;0;3;0;0;2;-1;0;0;0;0;57;0;1;0;0;5;2;1;4;2760;153;896;0;0
30;1991;11;0;7;2;1;24;1;1;0;0;0;63;0;8;11;3;9;3;1;2;3715;199;691;2;0
30;1992;11;0;1;0;0;2;2;0;0;0;0;57;0;0;1;1;2;2;0;0;687;0;0;0;0
30;1993;11;0;7;0;1;28;-4;0;0;0;1;65;0;17;3;1;15;6;1;3;4914;1746;1368;4;0
30;1994;11;0;7;0;2;12;-1;0;0;0;0;60;0;14;1;1;8;8;2;3;5250;31;187;2;0
30;1995;11;0;7;0;0;4;-4;0;0;0;0;59;0;10;3;1;6;2;2;2;3562;98;85;0;0
30;1996;11;0;7;0;1;0;1;0;0;0;0;60;0;7;0;0;5;2;0;3;3374;14;0;0;0
50;1989;14;0;7;1;2;2;1;0;1;1;0;65;0;11;2;1;11;3;1;4;5072;118;500;0;0
50;1990;14;0;7;0;1;8;-5;0;0;0;0;58;0;5;2;0;5;1;2;2;4776;139;277;0;0
50;1991;14;0;7;4;2;9;-3;0;0;1;0;60;1;10;1;1;12;8;3;5;5825;46;574;1;0
50;1992;14;0;7;0;0;0;-6;0;0;0;0;56;0;6;49;28;2;1;4;3;4071;102;20;0;0
50;1993;14;0;7;0;3;0;1;0;0;0;0;53;0;3;1;0;4;5;0;1;3147;0;341;0;0
50;1996;14;0;7;2;0;4;-1;0;0;0;0;54;1;6;6;2;8;2;0;1;3411;24;77;0;0
60;1989;22;0;6;0;4;4;4;0;0;0;1;66;0;9;0;0;12;1;1;8;7135;548;951;0;0
60;1990;22;0;6;2;0;6;-2;0;0;0;0;57;1;8;0;0;7;0;2;10;6974;186;478;0;0
60;1991;22;0;7;0;1;7;3;0;0;0;0;69;0;11;0;0;14;1;8;6;8414;439;403;1;0
60;1992;22;0;7;2;3;9;-1;1;2;0;0;57;1;18;0;0;14;1;3;6;7723;735;458;1;0
60;1993;22;0;7;1;3;6;5;1;0;0;0;63;0;12;0;0;7;2;3;15;8309;476;697;0;0
60;1995;15;0;1;1;0;4;0;0;0;1;0;49;0;3;0;0;2;0;0;1;1075;111;90;0;0
159;1989;16;0;6;2;0;4;0;0;0;0;0;58;0;11;11;3;5;2;0;2;3224;149;438;0;0
159;1994;9;0;7;0;1;15;-3;0;0;0;0;55;0;3;27;10;7;4;0;0;2988;55;2;1;0
175;1990;26;0;7;3;1;2;4;0;0;0;0;60;0;7;29;11;3;2;5;2;3648;344;12;0;0
175;1991;26;0;7;0;2;0;2;0;0;0;0;63;0;6;36;17;6;2;0;1;3760;252;35;0;0
175;1995;24;0;1;0;0;0;-2;0;0;0;0;56;0;0;10;5;0;0;0;0;741;15;0;0;0
184;1989;24;0;7;4;6;4;2;1;3;0;1;73;0;21;114;61;17;8;9;2;6023;1446;1037;1;0
184;1990;24;0;7;1;4;4;8;0;0;0;0;70;0;10;71;44;7;6;8;4;6374;534;0;0;0
184;1991;24;0;7;7;4;7;7;0;1;0;0;72;0;11;92;57;1;3;4;0;6422;730;383;1;0
184;1992;24;0;7;3;2;2;4;0;0;0;0;67;1;7;89;51;5;4;5;1;5749;784;95;0;0
184;1993;221;0;7;6;2;0;-1;4;0;0;0;75;0;13;109;54;6;4;7;2;6990;1116;1041;0;0
184;1994;216;0;7;0;2;2;-1;0;0;0;0;64;0;4;71;31;4;1;3;4;4335;274;72;0;0
184;1995;216;0;7;0;3;13;-5;0;1;0;0;60;0;5;52;29;7;3;4;2;4326;904;185;1;0
203;1989;24;0;7;3;5;8;3;1;0;0;0;69;0;22;12;7;20;4;2;0;6255;453;61;2;0
203;1990;24;0;7;2;2;2;1;0;1;0;0;70;1;13;1;1;7;3;4;2;5179;1187;0;0;0
203;1991;24;0;7;3;1;4;3;1;0;0;0;70;1;18;1;1;11;5;2;0;5259;1560;0;0;0
203;1992;24;0;7;1;2;19;-3;0;0;0;0;62;0;15;4;0;3;4;3;0;5177;363;0;1;0
203;1993;24;0;7;5;0;37;6;0;0;0;0;71;0;16;2;0;16;3;5;2;5286;686;89;3;1
203;1994;8;0;7;1;4;9;-2;0;1;0;0;62;0;22;56;25;13;3;3;1;4703;1125;80;1;0
203;1995;8;0;7;1;1;5;0;0;0;0;0;60;0;11;66;26;6;0;1;1;5139;63;18;1;0
203;1996;8;0;7;2;2;2;-2;2;0;0;0;60;0;12;44;25;2;1;0;1;3638;345;0;0;0
248;1989;14;0;7;3;1;8;0;1;1;0;0;65;1;17;105;52;7;9;3;2;6982;552;142;0;0
248;1990;14;0;7;0;2;4;-4;0;1;0;0;64;0;7;81;40;6;3;1;1;6040;634;102;0;0
248;1991;14;0;7;1;3;2;-2;0;1;0;0;59;0;8;80;43;4;2;3;2;5448;517;258;0;0
248;1992;217;0;6;1;1;4;0;0;0;0;0;60;0;2;2;1;9;0;0;1;2678;316;0;0;0
392;1989;24;0;7;1;3;46;8;0;0;1;1;72;0;10;0;0;18;0;0;4;5753;30;1523;13;6
392;1991;24;0;7;0;3;104;2;0;0;0;0;72;0;3;0;0;11;1;2;3;6156;502;216;12;8
392;1995;15;0;1;0;0;10;0;0;0;0;0;78;0;0;0;0;2;0;0;1;667;0;0;1;1
545;1989;12;0;7;3;9;6;9;1;0;2;2;76;0;18;4;2;15;8;4;5;4475;2033;1664;0;0
545;1991;12;0;3;3;0;24;-1;0;0;1;0;70;0;18;15;10;7;6;3;1;1763;596;553;3;1
545;1992;12;0;7;2;4;6;0;1;1;0;0;72;0;18;11;7;15;4;4;3;5368;2072;351;0;0
545;1995;12;0;1;0;0;0;0;0;0;0;0;72;0;1;0;0;2;0;0;1;590;385;0;0;0
545;1996;12;0;7;5;3;4;3;2;1;0;0;66;0;22;3;1;11;9;3;2;6229;1532;318;0;0
639;1990;3;0;6;2;0;8;-3;0;0;0;0;60;0;10;44;21;8;7;1;1;6288;97;78;3;2
639;1995;3;0;4;0;0;22;-2;0;0;0;0;59;0;4;36;18;2;2;2;4;2332;0;587;2;0
798;1989;25;0;7;1;4;8;6;0;1;0;0;75;0;17;132;80;9;9;14;9;5825;1846;1128;1;0
798;1990;25;0;6;1;5;2;0;1;1;0;0;75;0;12;116;66;20;11;9;4;5429;1316;1615;0;0
798;1991;25;0;7;0;1;19;-5;0;0;0;0;70;0;7;72;33;12;7;7;12;6218;238;1248;1;1
798;1992;25;0;7;1;1;27;-2;0;0;0;0;64;0;13;65;31;13;11;8;4;5679;341;1180;3;0
798;1993;25;0;7;2;2;11;0;0;1;1;0;71;0;12;81;46;10;7;9;8;5485;314;1345;1;0
798;1995;24;0;1;0;1;0;0;0;1;0;0;63;0;1;13;5;0;0;0;1;902;153;42;0;0
798;1996;24;0;7;0;2;19;-2;0;0;0;0;58;0;3;65;26;11;0;1;2;5461;2;174;1;0
869;1989;17;0;7;1;1;4;1;0;0;0;0;63;0;8;1;1;15;3;3;1;5063;149;99;2;1
869;1990;17;0;7;2;2;0;0;0;0;0;0;52;0;8;12;5;2;6;1;3;2952;45;530;0;0
869;1991;17;0;7;1;0;0;0;0;0;0;0;55;0;8;0;0;10;8;1;2;5162;0;388;0;0
869;1992;17;0;2;0;2;2;3;0;0;0;0;59;0;1;1;1;0;2;0;1;1568;0;63;0;0
869;1993;17;0;7;1;1;2;4;0;0;0;0;54;0;6;32;14;0;0;0;0;3459;0;0;0;0
869;1994;17;0;6;1;1;0;0;0;0;0;0;57;0;5;64;32;2;2;1;1;3795;0;914;0;0
874;1989;26;0;7;0;5;2;0;0;1;0;0;69;0;16;5;3;16;9;5;2;8148;395;690;0;0
874;1990;26;0;7;4;8;4;6;0;1;0;0;73;1;19;1;1;11;5;10;4;6616;1080;321;1;0
874;1991;26;0;7;4;10;2;3;0;4;0;0;75;2;19;3;3;10;4;3;6;7127;1282;463;0;0
874;1992;214;0;7;5;9;0;6;1;0;1;0;70;0;22;14;10;10;13;6;4;6419;1113;288;0;0
874;1993;214;0;7;4;3;2;4;1;0;1;0;70;0;13;30;15;14;10;2;9;6729;201;542;0;0
874;1994;214;0;7;4;5;5;4;1;2;0;1;74;0;18;24;14;17;10;4;2;6654;1238;347;1;0
874;1995;214;0;7;1;2;0;3;0;0;1;0;62;0;11;5;4;13;9;6;2;4921;118;1272;0;0
874;1996;214;0;7;2;1;9;2;0;0;1;0;64;0;12;0;0;7;6;4;1;5509;522;205;1;0
918;1989;11;0;6;2;2;2;-7;1;1;0;0;67;0;18;23;11;8;7;4;5;4665;243;1454;0;0
918;1990;11;0;5;1;2;0;-4;0;0;0;0;70;0;10;19;12;4;2;2;4;4524;399;202;0;0
918;1991;11;0;7;0;6;4;0;0;5;0;0;72;0;25;2;1;10;10;6;10;5463;1503;1207;0;0
918;1992;217;0;7;2;0;12;-3;1;0;0;0;66;0;13;7;5;15;5;1;3;6426;1147;151;0;0
918;1993;217;0;7;0;7;6;2;0;1;0;0;69;0;9;2;1;12;9;3;2;5832;1694;78;0;0
918;1994;8;0;7;2;2;4;-1;0;0;0;0;68;0;15;0;0;12;0;4;1;5908;298;13;0;0
918;1995;8;0;7;0;3;7;2;0;0;0;0;58;0;2;1;1;1;4;1;1;3213;0;39;1;0
918;1996;8;0;7;0;0;5;-4;0;0;0;0;57;0;4;1;1;4;2;1;0;3789;0;0;1;0
1029;1990;26;0;7;1;2;6;2;0;1;0;0;57;0;10;0;0;5;1;6;11;7059;431;673;2;0
1029;1991;26;0;7;0;2;27;4;0;0;0;0;66;0;7;0;0;5;1;3;16;6993;302;844;5;1
1029;1992;26;0;7;1;2;7;10;0;0;1;0;66;0;11;0;0;7;6;1;16;7357;367;793;1;0
1029;1993;217;0;7;0;0;8;-6;0;0;0;0;53;0;8;0;0;5;3;2;10;6793;502;914;0;0
1029;1994;217;0;7;0;2;2;4;0;0;0;0;60;0;12;0;0;8;1;3;5;6354;167;934;0;0
1107;1989;18;0;6;1;2;6;1;0;0;0;0;73;1;5;0;0;13;2;6;20;5593;144;610;1;1
1107;1990;18;0;6;0;2;10;3;0;0;0;0;61;0;5;0;0;6;0;2;6;5521;104;211;3;0
1200;1990;16;0;7;0;1;2;-1;0;0;0;0;62;0;6;1;0;3;1;1;0;3554;0;56;0;0
1200;1991;16;0;7;1;2;9;1;0;0;0;0;63;0;5;0;0;6;4;1;4;4561;44;0;1;0
1200;1992;16;0;7;2;2;5;3;0;0;1;0;63;0;8;1;1;5;2;1;0;3360;11;46;1;0
1200;1993;16;0;7;0;1;5;-2;0;0;0;0;60;0;5;0;0;6;5;2;1;3248;115;0;1;0
1200;1994;16;0;7;1;2;17;-1;0;0;0;0;61;0;11;0;0;13;2;1;5;5205;150;0;1;0
1200;1995;16;0;7;1;0;0;1;0;0;0;0;61;0;5;3;3;10;0;3;3;4423;91;268;0;0
1200;1996;16;0;5;0;1;5;0;0;0;0;0;58;0;5;0;0;5;2;1;2;3248;54;0;1;0
1207;1989;8;0;7;1;5;16;2;0;0;0;0;70;0;28;0;0;14;2;8;11;7441;2554;540;3;1
1207;1990;8;0;7;0;3;10;-5;0;1;0;0;66;0;14;0;0;14;2;8;13;8030;1913;28;1;0
1207;1991;214;0;7;1;1;8;-3;1;1;0;0;73;0;16;0;0;12;1;6;9;7921;2007;931;0;0
1207;1992;25;0;7;1;5;13;1;0;0;0;0;70;0;14;0;0;15;3;6;5;7971;1516;418;1;0
1207;1993;25;0;7;2;4;8;5;0;2;0;0;74;0;24;0;0;6;3;12;8;7469;2391;398;0;0
1207;1994;25;0;7;1;1;5;-3;0;1;0;0;71;1;19;0;0;9;1;7;7;7382;2195;643;1;0
1207;1995;25;0;7;1;0;16;-1;1;0;0;0;70;0;22;0;0;16;5;10;6;7282;2076;1168;2;0
1207;1996;25;0;7;0;6;71;1;0;2;0;0;70;0;13;0;0;11;5;11;4;6351;1368;855;7;2
1226;1991;21;0;7;0;0;4;-5;0;0;0;0;62;0;11;0;0;13;0;7;3;6853;338;493;0;0
1284;1991;214;0;7;0;1;15;-2;0;0;0;0;62;0;1;3;0;17;4;2;5;3778;6;375;3;2
1288;1989;12;0;7;2;1;16;3;0;0;0;0;63;0;13;84;46;8;3;4;5;5385;392;572;3;1
1288;1991;12;0;3;1;2;9;-2;1;0;0;0;66;0;8;57;32;6;7;1;0;2622;740;350;1;1
1288;1992;12;0;7;1;2;13;-1;0;0;0;0;62;1;7;61;32;6;6;6;1;5098;411;1532;1;0
1288;1994;12;0;7;0;3;35;1;0;0;0;1;64;0;4;0;0;12;4;1;0;4335;578;1339;5;5
1288;1995;12;0;1;0;0;0;0;0;0;0;0;58;0;0;0;0;0;0;0;0;508;0;0;0;0
1288;1996;12;0;7;0;1;0;-4;0;0;0;0;56;0;6;4;1;6;1;3;2;4217;0;0;0;0
1301;1993;21;0;7;0;2;2;-4;0;0;0;1;54;0;3;39;18;12;2;3;2;3533;0;240;0;0
1511;1989;22;0;6;6;4;10;5;2;2;1;0;71;2;19;96;45;7;5;8;3;5635;1308;301;2;0
1511;1990;22;0;6;2;0;6;-4;1;0;0;0;64;0;8;64;34;8;3;7;1;5618;1016;9;2;0
1511;1991;22;0;6;1;3;19;-1;0;2;0;0;68;0;6;92;35;7;6;3;0;5440;1626;237;3;1
1511;1992;22;0;7;3;11;13;4;1;5;0;0;73;0;13;95;46;10;5;5;0;5626;1704;65;1;0
1511;1993;22;0;5;3;1;0;0;0;0;0;0;65;0;9;47;17;4;3;6;1;3788;456;158;0;0
1511;1994;22;0;7;6;4;6;-3;1;3;0;0;66;2;12;98;50;3;6;3;0;6430;1148;78;0;0
1511;1995;22;0;7;0;4;21;-1;0;1;0;2;64;0;6;76;44;1;2;3;4;5706;560;248;1;0
1511;1996;214;0;7;0;4;6;-1;0;0;0;0;64;0;8;66;38;4;1;2;2;5061;561;81;0;0
1620;1990;21;0;7;2;3;12;0;0;0;0;0;66;1;10;37;16;17;6;9;3;6794;247;1026;2;0
1620;1992;21;0;7;1;1;4;-3;0;0;0;0;68;0;14;51;28;11;6;5;8;6356;584;1604;0;0
1620;1993;21;0;7;1;2;7;-6;0;0;0;0;64;0;9;103;51;10;8;5;8;5165;254;2276;1;0
1620;1994;21;0;3;1;0;0;-4;0;0;0;0;59;0;8;53;22;7;5;0;2;2766;3;750;0;0
1620;1996;217;0;7;1;5;4;6;0;0;0;0;60;0;9;54;26;5;4;3;1;4139;35;288;0;0
1656;1989;20;0;7;5;4;8;1;2;1;0;0;69;0;13;120;58;6;4;6;3;6412;1658;1053;1;0
1656;1991;26;0;7;2;2;7;4;0;0;0;0;72;0;11;72;39;12;10;7;3;6160;491;1027;1;0
1656;1992;26;0;7;7;2;2;7;0;1;0;0;70;0;22;68;32;9;9;3;0;5348;490;294;0;0
1656;1993;26;0;7;3;3;30;6;0;0;1;0;63;1;11;63;34;2;5;1;2;4661;105;131;4;0
1656;1994;26;0;6;2;1;7;0;0;1;0;0;62;1;8;43;22;6;3;2;2;2959;436;369;1;1
1709;1990;16;0;7;2;2;2;2;0;0;0;0;55;0;6;31;17;2;3;3;0;3223;110;33;0;0
1709;1991;214;0;7;2;2;15;-3;0;0;0;0;58;0;12;5;4;9;0;4;4;5418;62;198;1;0
1709;1992;214;0;7;0;2;2;2;0;0;0;0;61;0;8;2;1;7;4;2;5;3362;0;1421;0;0
1709;1993;214;0;7;1;0;2;-3;0;0;1;0;54;0;9;7;3;3;4;2;2;2812;0;1216;0;0
2102;1989;12;0;7;3;1;4;4;0;0;0;0;67;1;21;2;1;11;2;2;1;4706;421;1;0;0
2216;1989;18;0;6;0;2;2;0;0;1;0;0;61;0;2;56;29;2;3;3;3;3950;325;342;1;0
2216;1990;18;0;7;3;2;2;0;0;0;0;0;71;0;20;72;34;5;4;8;0;6310;643;521;0;0
2216;1991;18;0;7;1;0;4;0;0;0;0;0;63;1;9;64;37;3;0;6;2;3799;157;435;0;0
2218;1989;26;0;7;0;2;0;-2;0;0;0;0;58;0;9;0;0;5;5;3;1;4212;527;154;0;0
2218;1990;26;0;7;6;4;12;6;0;0;0;0;70;1;10;4;2;7;2;3;0;5353;597;279;2;0
2218;1991;26;0;7;3;2;8;6;0;0;0;0;74;1;10;6;4;16;9;4;5;6628;601;267;0;0
2218;1992;26;0;7;1;2;17;0;0;0;0;0;68;0;16;21;14;9;6;0;4;6631;270;428;1;0
2218;1993;26;0;7;2;3;11;-4;1;1;1;0;72;0;27;0;0;9;5;4;3;5529;1157;479;1;0
2218;1995;26;0;1;0;1;0;1;0;0;0;0;69;0;1;0;0;0;1;1;2;541;103;77;0;0
48;1990;23;0;3;0;1;0;-1;0;0;0;0;56;0;5;0;0;3;4;0;2;2274;181;0;0;0
48;1991;23;0;7;2;2;31;-3;1;0;0;0;61;1;12;12;3;8;4;3;1;4708;1445;582;3;0
48;1992;23;0;7;2;4;4;2;0;0;0;0;61;0;16;5;1;12;7;10;2;5930;601;547;0;0
124;1989;5;0;7;0;2;8;-3;0;1;0;0;57;0;2;0;0;8;2;5;8;6432;427;1215;2;0
124;1990;5;0;6;0;1;14;0;0;0;0;0;54;0;7;0;0;3;2;2;4;4409;217;399;3;2
124;1991;5;0;7;1;4;21;7;0;0;1;0;74;0;4;0;0;18;1;4;21;6132;202;1857;3;1
124;1992;5;0;7;0;2;49;-2;0;0;0;0;66;0;4;0;0;11;2;5;10;6787;393;1551;4;3
124;1993;5;0;7;0;2;20;4;0;0;0;0;64;0;10;0;0;15;1;5;7;6892;11;745;2;1
124;1995;15;0;1;0;1;0;2;0;0;0;0;67;0;0;0;0;2;0;2;0;1159;10;267;0;0
124;1996;11;0;3;0;0;7;1;0;0;0;0;58;0;1;0;0;3;0;0;2;2455;27;174;1;1
160;1989;12;0;7;4;5;0;2;2;2;1;0;73;0;21;0;0;18;1;8;14;7080;1885;1802;0;0
160;1991;12;0;3;0;0;4;-1;0;0;0;0;72;0;6;0;0;11;2;1;8;3416;870;573;0;0
160;1992;12;0;7;0;5;2;4;0;1;0;0;78;0;15;0;0;11;3;13;13;7463;2126;1716;0;0
160;1995;12;0;1;0;0;15;0;0;0;0;0;93;0;3;0;0;2;1;0;5;766;328;223;1;0
160;1996;12;0;7;2;3;23;2;1;3;0;0;72;0;16;0;0;17;3;10;9;7909;1506;955;1;0
160;1997;12;0;7;0;2;11;0;0;0;0;0;61;0;12;0;0;20;8;3;7;7647;991;1973;1;0
212;1989;3;0;6;0;4;18;1;0;0;0;0;65;0;3;0;0;7;2;5;7;6003;605;1028;7;3
212;1992;26;0;7;2;3;52;5;1;0;0;0;64;1;12;0;0;4;1;2;13;7400;314;370;5;2
212;1994;26;0;7;0;3;49;5;0;0;0;1;61;0;4;0;0;3;1;2;9;7216;46;514;3;2
333;1989;16;0;5;0;0;6;-6;0;0;0;0;68;0;8;63;25;7;6;5;3;4177;1479;669;1;1
333;1990;16;0;7;3;5;8;8;0;0;1;1;70;0;10;63;39;17;1;5;0;5698;190;202;3;0
333;1991;16;0;7;3;4;36;6;0;1;0;1;66;1;13;79;30;12;3;3;4;5576;601;456;2;1
333;1992;216;0;7;3;1;20;-3;0;0;0;0;59;0;17;16;4;12;11;2;3;6606;512;1101;2;1
333;1993;0;0;7;4;0;8;4;0;0;0;0;63;0;16;82;39;13;6;5;3;4759;148;1429;0;0
333;1994;0;0;7;0;3;30;2;0;0;0;0;61;0;10;6;4;14;6;1;5;3618;108;824;2;0
333;1995;214;0;7;1;3;0;2;0;0;0;0;64;0;9;9;5;15;3;2;0;5199;0;253;0;0
333;1996;214;0;7;2;2;26;5;0;0;1;0;64;1;3;66;28;2;0;2;1;3084;0;1748;2;1
333;1997;214;0;7;1;2;12;4;0;0;0;0;67;0;6;4;1;14;4;3;0;3352;36;1148;2;2
404;1990;16;0;7;0;4;2;3;0;0;0;0;73;0;18;0;0;11;2;5;4;7628;1251;990;0;0
404;1991;16;0;7;1;3;13;1;1;3;0;0;67;0;11;0;0;11;3;7;10;6498;2069;1275;1;0
404;1992;16;0;7;1;3;12;6;0;0;0;0;72;0;21;0;0;8;2;6;10;6586;2342;973;0;0
404;1993;16;0;7;1;4;11;3;0;1;0;0;72;0;13;0;0;11;4;6;20;7984;1651;1734;1;0
404;1994;16;0;7;0;3;4;7;0;1;0;0;66;0;8;0;0;7;1;2;11;7345;1911;1314;0;0
404;1996;12;0;5;2;0;15;-2;0;0;0;0;56;0;12;0;0;4;0;2;2;4831;15;203;1;0
404;1997;12;0;7;1;2;4;2;0;0;1;0;62;0;9;0;0;9;3;3;10;5633;80;768;0;0
411;1989;11;0;6;1;1;6;0;0;0;0;0;63;1;7;28;18;6;3;4;8;3853;85;1084;0;0
411;1990;0;0;7;0;1;6;-1;0;0;0;0;63;0;14;3;1;15;7;3;10;6043;208;195;1;0
411;1991;0;0;7;1;2;15;-4;0;0;0;0;64;0;12;25;10;18;4;3;2;6312;92;1191;1;0
411;1993;214;0;7;0;0;6;-2;0;0;0;0;59;0;10;19;14;8;8;1;2;5273;100;1027;0;0
411;1994;214;0;7;3;0;21;-2;1;0;1;0;59;1;16;15;5;9;5;3;4;2920;28;875;1;1
411;1995;214;0;7;0;1;0;1;0;0;0;0;59;0;5;18;9;7;4;0;4;3444;0;1070;0;0
435;1990;0;0;7;2;3;4;-3;0;0;0;0;62;0;7;74;35;7;7;10;3;5561;32;564;0;0
435;1992;216;0;7;1;5;12;1;0;0;0;0;65;0;11;53;33;8;2;1;2;5621;1388;99;2;0
435;1993;216;0;7;1;3;2;-6;1;2;0;0;60;0;7;79;36;3;5;3;1;5492;1516;0;0;0
435;1994;216;0;7;1;1;0;-1;0;1;0;0;62;0;12;2;0;8;3;0;5;4112;954;0;0;0
435;1995;216;0;1;0;0;0;0;0;0;0;0;69;0;2;3;1;2;0;1;1;379;0;226;0;0
452;1989;20;0;7;1;4;4;-6;0;0;0;0;58;0;16;0;0;8;10;3;5;6646;112;934;0;0
452;1990;20;0;7;3;4;2;5;0;0;1;0;66;0;20;3;2;12;8;6;4;5290;70;1583;1;0
452;1992;216;0;7;1;3;4;6;0;0;0;0;68;0;5;28;15;7;4;4;5;4561;0;1252;0;0
452;1993;20;0;7;1;3;0;0;0;0;1;0;60;0;5;1;1;13;2;2;3;3179;0;1657;0;0
452;1994;20;0;7;0;3;2;3;0;0;0;0;60;0;2;27;8;6;3;0;7;3108;0;1342;0;0
480;1989;16;0;6;3;2;6;1;0;1;0;0;72;1;12;88;51;7;4;4;4;4225;2161;387;0;0
480;1992;15;0;7;3;1;6;1;2;0;0;0;64;1;10;89;45;8;2;3;3;4439;1844;22;0;0
480;1993;15;0;7;0;0;2;2;0;0;0;0;55;0;5;25;11;0;2;2;2;3263;36;54;0;0
480;1994;15;0;7;1;0;9;-3;0;0;0;0;53;0;1;40;21;4;5;2;2;3198;54;194;1;0
561;1989;14;0;7;0;1;2;-5;0;1;0;0;69;0;10;23;8;24;8;2;2;4113;1888;736;0;0
561;1990;14;0;7;1;4;4;2;0;1;0;0;70;0;13;23;11;15;9;2;6;5051;1500;923;0;0
561;1991;14;0;7;0;3;21;-2;0;1;0;0;72;0;7;28;12;16;7;4;10;4456;1146;1783;1;0
561;1992;14;0;7;0;5;6;-8;0;5;0;0;68;0;6;27;7;15;3;6;3;4179;1542;986;0;0
561;1993;14;0;7;0;4;8;-2;0;1;0;0;73;0;11;14;4;17;8;6;3;5060;2402;1237;0;0
561;1994;14;0;7;1;1;21;-3;0;0;0;0;57;0;11;6;2;9;2;1;2;5600;297;236;1;0
561;1996;14;0;7;0;2;12;0;0;0;0;0;60;0;2;12;5;8;1;2;2;3663;85;692;2;0
564;1989;22;0;6;0;1;2;-1;0;0;0;0;59;0;4;36;20;4;1;3;2;3715;0;400;0;0
564;1990;22;0;1;0;0;0;0;0;0;0;0;58;0;1;5;1;2;0;0;0;483;0;115;0;0
564;1991;22;0;7;0;1;2;-2;0;0;0;1;61;0;9;52;32;10;3;0;1;5140;223;528;0;0
564;1992;22;0;7;1;3;0;2;1;0;0;0;64;0;12;38;22;14;9;0;3;4125;311;1327;0;0
564;1993;22;0;7;0;1;5;0;0;0;0;1;61;0;8;75;44;5;6;5;1;5487;155;440;1;0
564;1994;22;0;4;0;1;7;3;0;0;0;0;60;0;5;18;10;1;3;2;1;2972;146;36;1;0
652;1989;21;0;7;9;8;6;10;1;5;1;0;82;1;23;62;36;4;7;7;2;6457;1822;353;0;0
652;1990;21;0;7;0;2;14;-4;0;1;0;0;68;0;26;64;29;9;6;4;1;6242;1268;322;2;0
652;1991;21;0;7;1;1;9;-5;0;1;0;0;67;0;17;74;33;8;2;4;3;6508;1644;104;1;0
652;1992;21;0;7;0;0;4;-6;0;0;0;0;63;0;17;55;27;7;6;4;2;6156;1814;72;0;0
652;1993;21;0;7;2;2;9;0;2;1;0;0;65;0;9;108;48;7;2;3;4;5514;1721;89;1;0
652;1994;21;0;4;1;1;2;-2;0;0;0;0;63;0;3;55;27;2;3;3;1;3801;0;826;0;0
652;1995;21;0;7;2;3;2;2;0;1;0;0;62;0;8;87;42;4;7;5;2;5983;672;454;0;0
652;1996;216;0;3;0;0;0;-1;0;0;0;0;59;0;1;15;6;1;1;0;1;1361;737;0;0;0
652;1997;16;0;7;0;1;0;0;0;0;0;0;60;0;6;41;21;8;3;0;1;3887;1000;0;0;0
726;1989;21;0;7;0;1;2;0;0;0;0;0;59;0;1;0;0;5;4;1;1;2748;137;0;1;0
726;1990;21;0;7;0;1;6;-2;0;0;0;0;63;0;0;0;0;10;1;3;2;3138;225;0;1;1
726;1991;21;0;7;1;1;10;-1;0;0;0;0;62;0;5;0;0;6;1;0;1;2658;49;0;2;1
765;1991;214;0;7;0;1;12;-2;0;0;0;0;57;0;7;0;0;14;4;3;7;6392;100;376;2;2
765;1993;214;0;5;0;2;14;0;0;0;0;0;71;0;4;0;0;12;2;4;4;5069;2;1002;2;1
875;1990;17;0;7;0;5;2;-3;0;2;0;0;66;0;18;0;0;3;0;1;3;7316;1348;249;1;0
875;1991;17;0;7;1;1;4;-7;0;0;0;0;61;0;14;0;0;7;5;3;2;6114;2179;582;0;0
875;1992;17;0;7;0;1;7;-2;0;0;0;0;61;0;14;0;0;4;2;7;5;6860;450;659;1;0
875;1994;17;0;7;2;2;4;2;0;0;0;0;64;1;11;0;0;3;1;7;13;6679;176;295;0;0
875;1995;11;0;7;1;1;0;-5;1;0;0;0;65;0;13;0;0;3;3;4;3;5792;1961;1477;0;0
875;1996;11;0;4;1;1;0;1;0;0;0;0;64;0;9;0;0;6;2;1;6;3497;318;283;0;0
900;1989;26;0;7;0;2;4;-1;0;0;0;0;60;0;1;0;0;7;1;4;6;6263;39;837;0;0
900;1990;26;0;7;0;3;2;3;0;0;0;0;57;0;5;0;0;4;2;3;11;6628;26;671;0;0
900;1991;26;0;7;0;2;10;-1;0;0;0;0;65;0;5;0;0;7;0;9;16;7596;10;449;2;0
952;1991;10;0;1;0;0;0;0;0;0;0;0;68;0;2;0;0;3;1;0;2;1116;67;0;0;0
952;1992;10;0;7;0;5;23;0;0;2;0;0;64;0;9;0;0;4;1;7;16;6998;782;595;1;0
952;1993;10;0;7;1;3;19;7;0;1;0;0;64;0;11;0;0;6;1;6;9;7224;645;404;3;1
952;1994;10;0;4;1;1;24;-2;0;0;0;0;56;1;6;0;0;1;4;2;6;3940;50;930;2;0
1000;1991;14;0;7;0;2;20;-3;0;0;0;0;58;0;7;57;29;5;3;3;1;4266;91;162;2;2
1000;1993;14;0;7;2;0;30;2;0;0;0;0;57;1;4;34;21;2;1;1;1;2635;47;23;4;1
1000;1995;24;0;6;0;0;24;-3;0;0;0;0;61;0;2;52;24;4;5;4;2;4379;23;0;2;0
1012;1990;26;0;7;0;2;26;7;0;0;0;0;62;0;3;0;0;6;2;3;5;7059;351;863;9;4
1012;1991;26;0;7;0;1;64;2;0;0;0;0;64;0;10;0;0;4;1;2;11;6607;223;306;6;3
1012;1992;12;0;7;0;4;26;-4;0;0;0;0;63;0;8;0;0;11;5;6;14;6987;508;669;2;2
1012;1993;12;0;7;0;4;33;-4;0;0;0;0;66;0;12;0;0;9;4;7;16;6913;1902;1070;5;1
1012;1994;12;0;4;0;1;7;-6;0;0;0;0;53;0;4;0;0;8;2;3;8;4547;543;384;1;0
1012;1995;12;0;1;0;0;0;0;0;0;0;0;75;0;1;0;0;0;1;1;2;895;139;141;0;0
1012;1996;12;0;7;0;2;24;1;0;0;0;0;67;0;8;0;0;13;5;5;15;7231;631;521;2;0
1148;1989;15;0;7;2;0;16;-4;0;0;0;0;72;0;15;110;67;20;8;6;1;6846;1386;1123;6;1
1148;1990;24;0;7;5;2;20;5;0;0;0;0;65;0;19;106;53;8;11;1;2;6885;1179;86;8;2
1148;1991;24;0;7;5;1;49;1;1;0;0;0;71;1;24;93;59;5;7;3;0;6318;1494;90;5;2
1148;1992;24;0;7;2;10;37;8;1;3;0;0;81;0;16;48;28;20;6;9;3;5915;1497;283;5;1
1148;1993;5;0;7;5;0;29;1;1;0;0;0;69;1;19;63;40;13;11;4;3;6917;389;844;3;2
1148;1994;5;0;7;4;2;25;1;0;1;0;0;64;0;20;63;33;6;8;4;4;6373;357;562;3;1
1148;1995;9;0;7;4;4;28;-3;1;1;0;1;74;1;13;9;8;25;9;2;1;5273;2227;427;4;1
1148;1996;9;0;7;1;2;33;-8;1;0;0;0;70;0;17;4;1;11;5;4;3;5347;1699;352;5;2
1148;1997;9;0;7;2;1;48;1;0;0;0;1;67;0;14;1;1;11;4;2;3;2852;2068;1008;4;2
1165;1989;26;0;7;0;4;2;2;0;2;0;0;70;0;18;18;7;19;6;2;2;5726;1407;912;0;0
1165;1990;26;0;7;0;2;4;2;0;0;0;0;66;0;7;18;7;9;7;4;8;5752;34;1116;1;0
1165;1991;26;0;7;2;6;5;6;0;0;0;0;67;1;14;35;13;12;3;3;9;5125;392;1092;1;0
1165;1992;26;0;7;0;4;20;3;0;0;0;1;67;0;7;21;10;14;6;3;6;5845;49;761;2;0
1165;1993;26;0;7;1;2;11;-5;1;0;0;0;63;0;15;29;16;10;10;4;3;5194;1739;1331;1;0
1165;1996;25;0;7;1;1;4;-2;0;0;0;0;54;0;6;4;3;7;4;0;1;3142;49;414;0;0
1204;1989;10;0;7;0;1;8;0;0;0;0;0;73;0;6;0;0;6;1;5;20;6652;155;966;1;1
1204;1991;10;0;7;0;2;15;2;0;1;0;0;66;0;1;0;0;8;0;7;10;6214;39;1546;1;0
1204;1992;26;0;7;0;3;29;9;0;0;0;1;64;0;8;1;1;3;1;4;10;6587;353;427;1;0
1215;1990;8;0;7;3;2;0;5;0;0;1;1;62;0;12;53;25;3;1;7;4;2188;0;1240;0;0
1215;1991;8;0;7;0;1;4;-1;0;0;0;1;59;0;6;60;36;1;3;5;2;2060;0;1348;0;0
1215;1992;8;0;7;1;2;9;-4;0;0;0;0;59;0;10;65;23;9;3;5;1;4019;0;1174;1;1
1215;1993;8;0;7;0;1;7;-3;0;0;0;0;52;0;1;28;7;2;2;4;0;2184;0;163;1;0
1215;1994;8;0;7;0;3;2;-3;0;0;0;0;56;0;4;57;29;6;1;2;4;3353;18;1027;0;0
1215;1995;8;0;6;0;0;5;-1;0;0;0;0;54;0;2;21;13;2;0;1;2;2075;0;5;1;0
1271;1989;15;0;7;1;1;8;-5;1;0;0;0;64;0;10;6;2;11;9;7;0;6535;1454;376;1;0
1271;1990;15;0;7;4;2;6;2;1;1;0;0;72;1;19;1;1;12;2;3;3;5883;1594;15;0;0
1271;1991;18;0;7;0;4;6;1;0;3;0;0;67;0;9;8;2;10;3;2;2;5561;1797;318;0;0
1271;1992;18;0;7;0;2;2;-7;0;0;0;1;68;0;16;16;6;6;2;5;3;4491;2382;828;0;0
1271;1993;18;0;7;2;4;8;2;2;2;0;1;72;0;16;8;2;8;5;1;6;5846;1622;395;0;0
1271;1994;18;0;7;0;0;2;-3;0;0;0;0;63;0;11;33;13;8;7;3;1;4088;1278;1696;0;0
1271;1995;18;0;1;0;1;0;1;0;0;0;0;66;0;0;0;0;0;0;0;0;789;41;0;0;0
1482;1989;9;0;6;0;1;2;4;0;0;0;0;59;0;2;43;24;3;0;0;1;3951;49;16;0;0
1482;1990;9;0;7;1;1;0;-1;0;0;0;0;56;1;5;36;18;3;5;3;0;3617;0;336;0;0
1482;1991;9;0;1;0;0;0;-1;0;0;0;0;63;0;0;0;0;4;0;0;0;593;0;0;0;0
1482;1992;9;0;7;0;1;19;-4;0;0;0;0;48;0;14;3;1;10;9;1;1;5873;532;122;3;1
1482;1993;9;0;7;1;4;12;1;0;0;0;0;56;0;12;4;2;7;3;0;2;4949;176;131;2;0
1482;1994;9;0;7;0;2;50;-2;0;1;0;0;58;0;7;0;0;7;7;2;2;4734;440;0;4;0
1580;1989;9;0;2;0;1;0;2;0;0;0;0;60;0;3;1;0;2;2;1;2;1168;0;46;0;0
1596;1990;16;0;7;0;5;12;12;0;0;0;2;66;0;10;0;0;8;0;4;7;8243;423;341;5;1
1596;1991;16;0;7;1;3;17;5;0;0;0;0;64;0;10;0;0;11;0;4;7;7403;686;557;3;2
1596;1992;16;0;7;0;0;20;5;0;0;0;0;60;0;13;0;0;4;0;5;13;7054;537;604;4;0
1596;1994;16;0;7;0;4;53;5;0;0;0;0;65;0;10;0;0;14;0;7;10;6650;560;1048;5;1
1596;1995;16;0;7;0;0;10;2;0;0;0;0;65;0;8;0;0;9;2;1;18;6135;112;1479;0;0
1596;1996;16;0;7;0;0;51;-7;0;0;0;0;66;0;8;0;0;15;2;5;14;6777;272;1086;3;2
1653;1989;5;0;7;6;5;2;7;0;2;0;0;76;1;22;39;21;10;5;3;2;5839;1805;53;1;0
1653;1990;5;0;6;2;1;8;0;2;0;0;0;72;0;17;7;3;8;9;3;2;4998;1304;61;1;0
1653;1991;20;0;7;1;3;2;0;0;1;1;1;69;0;9;63;39;3;10;9;2;4296;1866;555;0;0
1653;1992;20;0;7;5;0;22;4;0;0;0;0;60;1;11;59;30;4;7;3;2;4560;794;136;2;0
1653;1993;20;0;7;0;3;0;-4;0;0;0;0;61;0;2;13;5;5;2;3;3;4828;513;0;0;0
1653;1994;19;0;6;0;2;0;-3;0;0;0;0;58;0;13;8;4;6;2;4;1;5058;98;715;0;0
1653;1995;19;0;4;0;1;2;-2;0;0;0;0;52;0;5;6;3;3;0;1;2;2793;61;178;0;0
