PlayerId;Year;Team Id;League Id;GP;GS;Min;W;L;T/OL;ENG;SO;GA;SA;GR
11977;1998;19;9999;0;0;0;0;0;0;0;0;0;0;0
11977;1993;19;9999;4;4;14627;0;3;1;0;0;6;83;70
11977;1994;19;9999;4;4;14348;2;2;0;1;1;6;111;83
11977;1995;19;9999;0;0;0;0;0;0;0;0;0;0;0
11977;1996;19;9999;5;5;18000;5;0;0;0;1;8;125;76
11977;1997;19;9999;4;4;14722;3;0;1;0;1;3;73;77
91;1989;0;9999;5;5;9913;1;2;0;0;0;45;51;1
91;1989;0;0;2;2;7200;1;1;0;0;0;2;44;77
91;1990;0;0;3;3;10715;1;2;0;0;0;8;87;75
97;1998;17;0;4;4;14666;2;1;1;1;0;13;119;69
97;1989;16;0;3;2;7873;0;1;1;1;0;5;57;65
97;1990;16;0;7;7;25200;6;1;0;0;1;12;146;71
97;1991;16;0;5;4;14860;3;1;0;0;0;7;103;74
97;1992;16;0;7;7;25171;5;2;0;2;2;13;137;69
97;1993;16;0;7;7;25667;4;2;1;1;0;26;251;76
97;1994;16;0;5;5;18582;4;0;1;0;1;11;146;78
97;1995;16;0;5;4;14620;3;1;0;0;1;5;103;77
97;1996;16;0;5;4;16032;1;2;1;0;0;16;167;75
97;1997;16;0;5;5;17032;3;1;1;0;1;14;153;74
111;1989;14;9999;4;0;5167;0;0;0;0;0;31;33;2
111;1989;14;0;3;3;11100;1;1;1;0;0;6;76;75
111;1990;14;0;0;0;0;0;0;0;0;0;0;0;0
121;1989;24;0;7;7;25002;5;1;0;0;1;22;197;69
121;1990;24;0;3;3;10800;3;0;0;0;0;4;62;74
121;1991;24;0;1;1;3566;0;1;0;0;0;3;23;58
121;1992;24;0;3;3;11095;1;1;1;0;0;11;80;58
121;1993;24;0;0;0;0;0;0;0;0;0;0;0;0
123;1989;12;0;1;0;1062;0;0;0;0;0;2;4;35
123;1992;0;0;2;2;7178;1;1;0;1;0;5;50;67
123;1993;0;0;1;0;320;0;0;0;1;0;0;4;55
128;1998;214;0;3;3;11056;2;0;0;0;1;7;70;70
128;1989;5;0;3;3;10760;2;1;0;1;1;4;71;82
128;1990;5;0;2;2;7135;0;2;0;1;0;7;60;64
128;1991;214;0;3;3;10895;1;2;0;0;0;14;88;55
128;1992;214;0;3;3;11060;1;1;1;1;0;12;70;50
128;1993;214;0;0;0;0;0;0;0;0;0;0;0;0
128;1994;214;0;1;0;565;0;1;0;0;0;1;2;42
128;1995;214;0;1;0;1204;0;0;0;0;0;1;4;44
128;1996;214;0;2;0;3212;0;1;0;0;0;3;25;55
128;1997;214;0;1;1;3600;1;0;0;0;0;2;32;87
138;1990;24;9999;4;4;15000;2;1;0;0;2;3;74;80
172;1991;0;9999;4;4;14964;0;2;2;1;0;5;71;68
172;1992;0;9999;5;5;17052;2;2;1;0;1;13;139;74
172;1993;0;9999;4;4;14400;4;0;0;0;3;3;71;81
172;1994;216;9999;4;4;14700;1;3;0;0;0;17;128;63
172;1995;216;9999;4;4;14543;2;2;0;0;0;8;73;62
179;1998;15;0;2;2;7180;0;2;0;1;0;9;68;62
181;1990;15;9999;5;5;18560;2;1;2;0;1;9;108;72
181;1990;15;0;3;3;10944;2;1;0;0;0;7;86;77
181;1991;15;0;7;7;23463;3;4;0;0;1;29;228;63
181;1992;15;0;7;7;24092;3;2;1;0;0;32;227;60
181;1993;15;0;5;5;18246;2;2;0;1;0;19;140;62
181;1994;15;0;4;4;14620;0;3;1;2;0;11;167;89
181;1995;15;0;2;2;7200;1;1;0;0;0;6;53;65
181;1996;15;0;3;3;10770;1;2;0;1;0;9;97;74
181;1997;15;0;5;4;15009;0;3;1;1;0;13;120;66
207;1989;8;0;5;5;16070;2;3;0;1;0;14;123;65
207;1990;8;0;3;3;11092;1;2;0;0;0;15;91;51
207;1991;8;0;4;3;13313;2;1;0;0;0;17;87;44
207;1992;8;0;3;3;7947;1;2;0;0;0;17;78;35
207;1993;8;0;4;4;14357;3;1;0;1;0;16;124;66
207;1994;8;0;4;4;12082;1;1;1;0;0;16;109;55
207;1995;8;0;4;4;14594;3;1;0;1;0;11;153;90
207;1996;8;0;5;4;14703;3;1;0;1;1;9;130;76
207;1997;8;0;4;4;14400;2;2;0;0;0;16;113;58
12389;1997;14;9999;4;4;14670;2;1;0;1;1;5;67;68
12389;1998;14;9999;4;4;14658;2;1;1;0;0;9;101;70
246;1990;15;9999;0;0;0;0;0;0;0;0;0;0;0
246;1991;15;9999;5;5;18900;1;1;1;0;2;6;103;70
246;1992;15;9999;0;0;0;0;0;0;0;0;0;0;0
246;1993;15;9999;5;5;18261;1;3;1;1;0;11;122;69
246;1994;15;9999;0;0;0;0;0;0;0;0;0;0;0
246;1994;15;0;3;3;11020;0;2;1;1;0;13;121;70
246;1995;15;0;0;0;0;0;0;0;0;0;0;0;0
246;1998;224;0;2;2;7200;0;2;0;0;0;11;65;50
14026;1998;19;0;4;4;14993;0;2;2;0;0;13;107;62
14026;1998;19;9999;4;4;14400;4;0;0;0;0;7;114;81
14026;1997;19;0;3;3;10742;0;3;0;0;0;13;100;63
14026;1997;19;9999;0;0;0;0;0;0;0;0;0;0;0
14026;1996;19;9999;0;0;0;0;0;0;0;0;0;0;0
263;1989;23;9999;4;4;6854;1;0;0;0;0;29;33;1
263;1989;23;0;1;0;693;0;0;0;0;0;0;1;49
263;1990;23;0;4;4;15000;1;1;2;0;1;12;106;69
263;1991;23;0;4;4;14400;3;1;0;0;1;12;104;66
263;1992;216;0;7;6;22730;2;3;1;1;0;23;165;57
263;1993;216;0;7;7;25519;2;4;1;1;0;20;175;65
263;1994;216;0;2;2;7500;1;0;1;0;1;1;45;90
263;1995;12;0;0;0;0;0;0;0;0;0;0;0;0
284;1990;12;0;2;2;7200;2;0;0;0;0;2;42;78
341;1989;18;9999;4;4;6795;1;2;0;0;0;32;34;1
341;1990;18;9999;4;4;14675;2;2;0;1;1;9;82;64
341;1991;18;9999;5;5;19500;0;0;4;0;1;4;110;82
341;1992;18;9999;1;0;1205;0;0;0;0;0;1;7;49
341;1992;18;0;1;1;3900;0;0;1;0;0;3;33;84
341;1993;220;0;6;5;18371;0;4;1;1;0;26;181;55
341;1994;220;0;7;7;23770;1;6;0;0;0;30;200;55
341;1995;220;0;4;4;12795;0;4;0;2;0;13;107;63
341;1996;220;0;3;3;11100;1;1;1;0;0;11;91;68
341;1997;221;0;7;7;26100;1;3;3;0;1;22;223;71
341;1998;221;0;1;0;1257;0;0;0;0;0;0;10;70
347;1989;22;9999;4;0;5936;1;2;0;0;0;27;28;1
347;1992;5;9999;0;0;0;0;0;0;0;0;0;0;0
347;1993;5;9999;0;0;0;0;0;0;0;0;0;0;0
413;1998;9;0;3;2;10600;0;1;1;2;0;10;84;63
413;1990;9;9999;5;5;17951;3;2;0;0;2;6;108;79
413;1991;9;9999;4;4;14656;3;1;0;1;2;3;69;77
413;1992;9;9999;1;0;1890;0;0;0;0;0;1;13;60
413;1994;9;0;4;3;11128;2;1;0;0;1;4;74;76
413;1995;9;0;3;3;9591;0;2;1;0;0;15;76;40
413;1996;9;0;0;0;0;0;0;0;0;0;0;0;0
413;1997;9;0;3;3;10800;3;0;0;0;1;5;93;92
420;1990;14;9999;0;0;0;0;0;0;0;0;0;0;0
420;1991;14;9999;5;5;18300;3;1;1;0;2;5;89;75
420;1992;14;9999;5;5;17950;3;2;0;0;2;6;131;84
420;1993;14;9999;4;4;14620;1;2;1;1;0;8;63;56
420;1994;14;9999;4;4;15000;2;0;2;0;0;7;124;87
420;1995;14;9999;4;4;14400;2;2;0;0;1;5;88;78
420;1996;14;9999;5;5;17868;2;3;0;0;1;8;149;87
420;1996;14;0;0;0;0;0;0;0;0;0;0;0;0
420;1997;14;0;7;7;24327;3;4;0;1;1;19;189;72
420;1998;14;0;7;7;23979;4;3;0;0;0;22;205;70
491;1989;25;9999;4;0;6037;2;0;0;0;0;26;30;15
491;1989;25;0;4;4;14384;1;3;0;0;0;13;123;71
491;1990;25;0;0;0;0;0;0;0;0;0;0;0;0
491;1991;25;0;1;0;516;0;0;0;0;0;0;1;49
491;1992;25;0;3;3;9274;1;2;0;0;0;13;77;50
491;1993;17;0;3;3;10800;1;2;0;0;0;20;92;33
491;1994;17;0;3;3;11100;2;0;1;0;0;5;98;87
491;1995;17;0;2;2;4584;1;1;0;0;0;6;49;61
491;1996;17;0;2;2;7196;1;1;0;0;0;6;50;65
495;1989;10;0;3;3;9369;1;2;0;0;0;10;78;60
495;1990;10;0;6;6;17843;0;5;1;0;0;24;158;52
495;1991;10;0;7;7;25112;3;4;0;0;0;29;217;62
495;1992;10;0;7;7;24204;4;3;0;0;1;25;190;63
495;1993;10;0;3;3;10800;3;0;0;0;0;5;75;78
495;1994;10;0;2;2;6429;0;1;1;0;0;4;55;74
495;1995;10;0;4;3;11292;2;1;0;0;0;6;95;77
495;1996;10;0;3;3;11372;0;1;2;1;0;8;95;76
495;1997;10;0;1;1;3600;1;0;0;0;0;1;13;64
495;1998;16;0;2;2;7440;0;1;1;0;0;5;69;80
497;1990;9;0;2;2;7200;0;2;0;0;0;9;74;69
513;1989;22;9999;4;4;8450;0;1;0;0;0;40;43;1
513;1989;22;0;0;0;0;0;0;0;0;0;0;0;0
513;1990;22;0;1;0;1210;0;0;0;0;0;0;8;62
540;1989;3;9999;4;4;8202;4;0;0;0;0;26;27;4
540;1989;3;0;6;6;19202;2;2;2;0;1;18;145;61
540;1990;3;0;6;6;18747;0;6;0;0;0;30;160;43
577;1989;21;0;0;0;0;0;0;0;0;0;0;0;0
577;1990;21;0;1;0;857;0;0;0;0;0;0;2;51
625;1998;0;0;4;4;14700;3;0;1;0;1;8;93;74
625;1989;10;0;5;4;16175;2;1;1;0;0;12;140;72
625;1990;10;0;2;0;4168;0;0;0;0;0;3;21;51
625;1991;10;0;0;0;0;0;0;0;0;0;0;0;0
625;1992;10;0;1;0;933;0;0;0;0;0;1;8;51
625;1993;216;0;0;0;0;0;0;0;0;0;0;0;0
625;1994;0;0;7;7;25746;4;1;2;1;1;11;175;81
625;1995;0;0;5;5;18300;3;1;1;0;1;13;151;74
625;1997;0;0;0;0;0;0;0;0;0;0;0;0;0
12394;1998;23;9999;0;0;0;0;0;0;0;0;0;0;0
12394;1996;23;9999;0;0;0;0;0;0;0;0;0;0;0
12394;1997;23;9999;0;0;0;0;0;0;0;0;0;0;0
647;1989;20;0;7;7;23909;3;3;0;0;0;31;214;56
647;1990;20;0;7;7;25128;4;3;0;0;0;23;240;76
647;1991;11;0;3;3;10800;3;0;0;0;0;7;81;78
647;1992;20;0;7;7;25200;7;0;0;0;0;19;212;78
647;1993;20;0;7;7;25497;4;3;0;0;0;25;184;59
647;1994;20;0;7;7;25131;5;2;0;1;1;14;197;83
647;1995;10;0;4;4;13907;2;2;0;0;2;8;130;82
647;1996;10;0;4;4;14400;3;1;0;0;1;7;96;71
647;1997;10;0;6;6;21897;3;2;1;0;0;15;150;69
647;1998;10;0;3;3;11100;2;0;1;0;0;5;68;73
660;1998;20;0;3;3;10726;0;3;0;1;0;11;76;55
660;1989;23;9999;4;0;7742;2;1;0;1;0;22;27;15
660;1990;23;9999;5;5;18600;1;2;2;0;0;15;111;56
660;1991;23;9999;4;4;15000;1;1;0;0;2;2;86;88
660;1992;23;0;3;3;10800;2;1;0;0;0;16;107;58
660;1993;23;0;2;1;4990;1;1;0;0;0;8;54;58
660;1994;20;0;0;0;0;0;0;0;0;0;0;0;0
661;1991;22;9999;1;0;1141;0;0;0;0;0;1;2;40
661;1991;22;0;2;2;7200;2;0;0;0;0;3;54;87
661;1992;22;0;0;0;0;0;0;0;0;0;0;0;0
661;1993;22;0;1;0;1258;0;0;0;0;0;1;3;42
661;1994;22;0;4;3;11076;1;2;0;0;0;11;84;58
661;1995;22;0;1;0;369;0;0;0;0;0;1;3;42
661;1996;22;0;7;7;23357;2;3;1;0;0;24;236;72
661;1997;22;0;7;7;25405;3;4;0;0;1;17;235;86
661;1998;22;0;0;0;0;0;0;0;0;0;0;0;0
676;1990;26;0;4;4;13385;3;1;0;0;1;11;77;57
676;1991;26;0;7;7;25200;7;0;0;0;0;14;151;68
676;1992;26;0;3;3;10800;3;0;0;0;1;5;58;70
676;1993;26;0;4;4;12077;1;2;1;0;0;12;67;46
676;1994;26;0;4;4;14665;2;1;1;0;0;10;104;71
676;1995;26;0;0;0;0;0;0;0;0;0;0;0;0
676;1997;8;0;3;3;11100;2;0;1;0;1;5;85;86
676;1998;8;0;2;2;7447;0;1;1;1;0;4;70;85
682;1993;221;9999;0;0;0;0;0;0;0;0;0;0;0
682;1994;221;9999;0;0;0;0;0;0;0;0;0;0;0
684;1998;18;0;2;2;7159;1;1;0;0;0;6;53;68
684;1991;18;9999;0;0;0;0;0;0;0;0;0;0;0
684;1993;18;9999;0;0;0;0;0;0;0;0;0;0;0
684;1994;18;0;4;4;12937;1;3;0;0;0;14;119;67
684;1995;18;0;4;4;14700;2;1;1;0;0;11;96;66
684;1996;18;0;3;3;11039;0;2;1;0;0;10;131;91
687;1990;22;9999;5;5;18578;1;2;2;0;0;11;127;71
736;1993;220;9999;0;0;0;0;0;0;0;0;0;0;0
738;1989;20;9999;5;5;13951;3;1;0;0;0;41;47;3
738;1990;20;9999;4;4;14333;1;3;0;0;1;6;52;58
738;1991;25;0;7;7;24629;3;4;0;0;2;24;191;62
738;1992;25;0;5;4;16108;2;1;1;0;0;11;121;68
738;1993;25;0;3;3;11199;2;1;0;1;0;10;106;79
738;1994;25;0;2;2;7185;0;2;0;1;0;10;59;47
738;1995;217;0;4;3;14178;2;0;0;0;0;14;131;73
738;1996;3;0;3;3;10915;2;1;0;0;1;4;83;90
738;1997;3;0;0;0;0;0;0;0;0;0;0;0;0
738;1998;14;0;1;0;1220;0;0;0;0;0;2;7;38
740;1989;11;9999;4;4;7346;1;0;0;1;0;43;49;1
740;1989;11;0;3;2;5231;1;2;0;0;0;9;44;45
740;1990;11;0;1;1;2764;0;1;0;0;0;6;35;47
740;1992;11;0;3;2;8180;0;1;1;0;0;11;73;54
740;1994;11;0;3;3;11054;1;1;1;1;0;12;105;72
740;1995;11;0;3;3;7531;0;3;0;1;0;11;60;47
740;1997;11;0;3;3;11100;2;0;1;0;0;8;94;80
744;1995;24;9999;4;4;14400;2;2;0;0;0;6;70;65
744;1991;24;9999;0;0;0;0;0;0;0;0;0;0;0
744;1992;24;9999;5;5;18112;1;3;1;0;0;11;155;78
744;1993;24;9999;4;4;14400;3;1;0;0;1;4;94;85
744;1994;24;9999;0;0;0;0;0;0;0;0;0;0;0
774;1998;21;0;6;6;22140;3;1;2;0;0;18;173;69
774;1989;12;9999;4;4;6752;0;3;0;0;0;32;37;6
774;1990;12;0;5;5;17830;3;2;0;1;0;13;141;73
774;1991;12;0;4;4;14381;2;2;0;1;1;13;110;67
774;1992;12;0;5;4;15139;1;2;1;2;1;12;119;70
774;1993;12;0;5;5;17599;1;4;0;1;0;19;180;73
774;1994;221;0;4;3;11215;1;2;0;0;0;10;107;72
774;1995;21;0;4;3;12224;2;0;1;1;0;10;109;73
774;1996;21;0;7;7;25148;5;2;0;1;0;15;201;77
774;1997;21;0;4;4;14298;0;3;1;1;0;21;122;47
813;1991;14;9999;0;0;0;0;0;0;0;0;0;0;0
813;1991;14;0;2;0;1231;0;0;0;0;0;1;14;55
813;1992;14;0;2;0;2272;1;0;0;0;0;4;34;60
813;1993;14;0;0;0;0;0;0;0;0;0;0;0;0
813;1994;14;0;0;0;0;0;0;0;0;0;0;0;0
813;1995;220;0;4;3;12254;1;2;0;2;0;7;118;83
813;1996;220;0;4;4;14431;3;1;0;0;1;8;133;82
813;1997;220;0;4;4;13882;2;2;0;0;1;10;102;72
813;1998;220;0;4;3;11635;0;3;0;2;0;10;107;66
819;1990;21;9999;4;4;14700;3;0;0;0;3;1;74;87
819;1991;21;9999;0;0;0;0;0;0;0;0;0;0;0
819;1991;21;0;1;0;652;0;0;0;0;0;2;4;33
819;1992;21;0;7;7;23356;1;6;0;0;0;30;197;53
819;1993;21;0;5;5;15554;2;2;1;0;0;18;167;69
819;1994;21;0;1;0;2473;0;0;0;0;0;1;13;60
819;1995;20;0;4;4;13075;1;3;0;0;0;14;111;64
819;1996;20;0;5;5;18018;5;0;0;0;0;9;135;76
819;1997;20;0;6;6;21900;5;0;1;0;1;15;152;72
819;1998;20;0;3;3;10800;3;0;0;0;1;3;54;77
842;1989;20;9999;3;0;4349;1;0;0;0;0;24;24;1
842;1989;20;0;1;0;1757;0;0;1;0;0;2;15;53
842;1990;20;0;1;0;280;0;0;0;0;0;1;6;47
842;1991;20;0;7;7;25096;4;3;0;1;1;17;174;70
842;1992;11;0;5;5;17262;2;3;0;0;0;25;176;60
842;1993;11;0;5;5;16889;1;4;0;1;0;17;177;77
842;1994;11;0;4;4;14700;2;1;1;0;0;15;148;76
842;1995;11;0;5;4;17413;1;3;0;2;0;13;165;77
842;1996;11;0;4;4;14483;1;3;0;0;0;11;110;72
842;1997;11;0;4;4;14813;1;2;1;1;0;12;125;72
842;1998;11;0;3;3;11187;1;2;0;0;0;10;92;69
14037;1998;20;9999;0;0;0;0;0;0;0;0;0;0;0
14037;1997;20;9999;1;0;1221;0;0;0;0;0;1;5;46
14037;1996;20;9999;0;0;0;0;0;0;0;0;0;0;0
886;1990;25;9999;0;0;0;0;0;0;0;0;0;0;0
886;1991;25;9999;0;0;0;0;0;0;0;0;0;0;0
886;1992;216;9999;1;0;2803;0;0;0;0;0;2;13;51
886;1993;216;9999;0;0;0;0;0;0;0;0;0;0;0
886;1994;216;9999;0;0;0;0;0;0;0;0;0;0;0
886;1994;216;0;5;5;18276;2;3;0;1;0;17;162;73
886;1995;216;0;1;0;1379;0;0;0;0;0;3;9;31
958;1992;15;9999;5;5;18000;1;4;0;0;1;18;133;60
958;1994;20;9999;4;4;14072;2;1;1;0;0;12;146;79
958;1995;14;0;1;0;1265;0;0;0;0;0;1;5;46
958;1997;14;0;1;0;833;0;0;0;0;0;0;7;60
958;1998;3;0;2;2;7500;1;0;1;0;0;3;58;83
1006;1989;26;9999;4;0;5563;0;1;0;0;0;26;28;4
1033;1991;16;9999;4;4;15000;1;1;2;0;1;4;69;71
1033;1990;16;9999;4;4;14355;3;1;0;1;2;4;57;69
1124;1998;18;0;1;1;3543;0;1;0;0;0;3;25;60
1124;1989;18;0;4;4;15000;1;1;2;0;0;15;138;71
1124;1990;18;0;5;5;18300;3;1;1;0;1;15;161;77
1124;1991;18;0;7;7;25136;3;4;0;3;1;14;188;77
1124;1992;18;0;6;6;21567;1;5;0;1;0;29;161;46
1124;1993;18;0;4;4;14390;1;3;0;0;0;18;138;66
1124;1994;18;0;4;3;12262;1;2;0;0;0;12;100;64
1124;1995;18;0;3;3;10800;2;1;0;0;0;13;93;61
1124;1997;18;0;5;4;17339;2;1;1;1;0;10;120;72
1125;1990;12;9999;0;0;0;0;0;0;0;0;0;0;0
1125;1991;12;9999;5;5;18261;3;1;0;0;2;6;100;77
1125;1992;12;9999;5;5;18287;2;2;1;0;1;11;148;83
1125;1993;12;9999;0;0;0;0;0;0;0;0;0;0;0
1125;1993;12;0;3;2;7889;0;2;0;0;0;8;85;70
1125;1994;12;9999;5;5;18658;3;2;0;1;0;11;175;88
1125;1994;12;0;5;3;15489;1;2;0;1;0;10;114;68
1125;1995;12;0;5;5;18536;1;2;2;0;0;17;139;64
1125;1998;12;0;2;2;7135;1;1;0;2;0;5;55;74
1219;1989;21;9999;4;0;7176;1;0;0;0;0;32;37;1
14509;1997;22;9999;4;4;14700;3;0;1;0;2;2;65;81
14509;1997;22;0;0;0;0;0;0;0;0;0;0;0;0
14509;1998;22;0;6;6;22500;1;2;2;0;1;14;158;74
1280;1991;25;9999;4;4;14698;0;3;1;0;0;13;83;50
1280;1992;25;9999;0;0;0;0;0;0;0;0;0;0;0
1285;1991;15;9999;0;0;0;0;0;0;0;0;0;0;0
1285;1991;15;0;2;0;1626;0;0;0;0;0;1;12;53
1285;1992;3;0;7;7;25049;5;2;0;0;1;16;189;77
1285;1993;3;0;6;6;21746;6;0;0;0;0;15;154;71
1285;1994;3;0;7;7;25500;6;0;1;0;1;11;158;78
1285;1995;3;0;5;5;16756;2;3;0;0;0;16;138;66
1285;1996;3;0;4;4;14557;3;1;0;1;0;9;107;76
1285;1997;3;0;7;7;25072;4;3;0;1;0;19;189;71
1285;1998;3;0;5;5;18300;4;0;1;0;2;8;113;77
1302;1991;21;9999;5;5;18234;1;3;0;0;2;7;122;79
1302;1992;21;9999;5;5;18182;5;0;0;0;0;8;117;75
1302;1995;21;9999;0;0;0;0;0;0;0;0;0;0;0
1302;1996;21;9999;4;4;14361;1;3;0;0;0;15;132;68
1302;1997;21;9999;4;4;14700;2;1;1;0;2;4;76;79
13016;1997;10;9999;5;5;18570;2;1;2;0;1;5;96;76
1339;1989;8;0;3;2;9033;1;1;0;1;0;8;55;54
1358;1990;19;9999;4;4;14400;2;2;0;0;1;11;111;69
1358;1991;19;9999;5;5;18182;0;4;1;1;0;10;118;70
1358;1992;19;9999;5;5;18182;3;2;0;0;1;8;146;84
1358;1992;19;0;0;0;0;0;0;0;0;0;0;0;0
1358;1993;19;0;6;5;18479;1;4;0;1;1;14;107;58
1358;1994;19;0;3;3;10705;0;3;0;0;0;13;98;62
1358;1995;19;0;4;4;12877;0;4;0;0;0;22;126;47
1358;1996;19;0;4;4;14006;3;1;0;0;0;14;147;76
1358;1997;19;0;1;1;3600;0;1;0;0;0;4;33;64
1377;1989;16;0;4;4;13975;1;3;0;1;0;16;130;66
1377;1991;214;0;4;4;14396;1;3;0;1;0;14;110;62
1377;1992;214;0;4;4;14317;3;1;0;0;0;12;106;66
1377;1993;5;0;3;3;10800;3;0;0;0;0;7;88;82
1377;1994;5;0;4;4;14374;2;2;0;1;1;7;123;90
1377;1995;20;0;4;3;12168;2;1;0;0;0;9;62;53
1377;1996;20;0;2;2;7200;2;0;0;0;0;2;69;95
1377;1997;20;0;1;1;3600;0;1;0;0;0;3;23;61
1386;1989;0;9999;5;0;8086;1;1;0;0;0;41;43;1
1386;1990;0;9999;0;0;0;0;0;0;0;0;0;0;0
1386;1991;0;9999;0;0;0;0;0;0;0;0;0;0;0
1387;1989;17;9999;4;4;5410;0;1;0;0;0;33;37;1
1387;1990;17;9999;5;5;18248;3;1;1;1;1;10;91;63
1395;1989;17;0;7;7;25412;3;3;0;0;1;12;169;77
1395;1990;17;0;7;7;25393;3;3;1;1;0;22;231;76
1395;1991;17;0;7;7;24158;2;5;0;0;0;28;215;64
1395;1992;17;0;7;7;25200;4;3;0;0;0;24;215;69
1395;1993;17;0;4;4;14400;3;1;0;0;1;6;140;95
1395;1994;17;0;4;4;14375;2;2;0;1;0;14;131;71
1395;1995;17;0;6;5;20615;5;0;0;0;0;16;191;78
1395;1996;17;0;5;5;18458;3;1;1;0;0;10;130;77
1395;1997;17;0;4;4;14570;0;3;1;0;0;11;122;77
1395;1998;17;0;2;2;7500;1;0;1;0;0;6;46;64
1403;1991;20;0;0;0;0;0;0;0;0;0;0;0;0
1417;1990;5;9999;0;0;0;0;0;0;0;0;0;0;0
1417;1991;5;9999;5;5;18600;2;1;1;0;2;7;114;80
1417;1992;5;9999;5;5;18600;3;0;2;0;1;6;130;84
1417;1993;5;9999;5;5;18409;1;3;0;0;1;9;106;72
1417;1995;5;0;4;4;14560;2;1;0;1;0;13;114;66
1417;1996;5;0;3;3;11100;1;1;1;0;0;9;73;62
1417;1997;5;0;3;3;11100;2;0;1;0;0;7;81;75
1417;1998;5;0;3;3;11059;0;2;1;1;0;9;103;78
1430;1998;10;0;4;4;14671;1;2;1;0;1;10;154;83
1430;1989;5;9999;4;4;9288;3;0;0;0;0;34;38;1
1430;1989;5;0;4;4;14327;1;3;0;1;0;17;106;52
1430;1990;5;0;4;4;14282;2;2;0;1;0;13;114;69
1430;1991;5;0;3;3;10663;1;2;0;1;0;11;76;56
1430;1992;5;0;4;3;13035;1;2;0;1;0;19;104;47
1430;1993;214;0;7;7;26062;2;3;2;0;1;21;208;72
1430;1994;214;0;7;7;24492;4;2;0;0;0;22;188;66
1430;1995;214;0;7;7;24171;4;3;0;0;2;14;113;61
1430;1996;214;0;7;7;21965;4;2;0;0;1;22;162;60
1430;1997;214;0;6;6;21873;1;4;0;0;0;19;170;67
1432;1989;25;0;3;3;11061;1;1;1;0;0;13;77;48
1432;1990;25;0;6;6;21497;3;3;0;1;0;23;205;69
1452;1990;3;9999;0;0;0;0;0;0;0;0;0;0;0
1452;1991;3;9999;0;0;0;0;0;0;0;0;0;0;0
1452;1991;3;0;3;3;10898;1;2;0;0;0;9;77;69
1452;1992;11;9999;5;5;17956;3;2;0;0;0;10;120;74
1452;1993;221;9999;4;4;15000;1;1;2;0;0;7;69;62
1452;1993;221;0;2;2;7111;0;2;0;1;0;6;66;79
1452;1994;221;0;4;4;13984;2;2;0;0;0;16;122;62
1452;1995;221;0;0;0;0;0;0;0;0;0;0;0;0
1452;1996;221;0;1;0;439;0;0;0;0;0;0;2;51
1452;1998;20;0;0;0;0;0;0;0;0;0;0;0;0
1461;1992;16;9999;5;5;18209;1;3;1;1;1;9;127;77
1461;1994;24;0;0;0;0;0;0;0;0;0;0;0;0
1461;1995;24;0;0;0;0;0;0;0;0;0;0;0;0
1465;1989;25;9999;5;5;12259;3;0;0;0;0;35;41;4
1465;1990;25;9999;4;4;15000;1;2;0;0;2;6;83;77
1465;1991;25;9999;1;1;3600;1;0;0;0;0;1;16;68
1465;1992;25;9999;5;5;18225;2;3;0;0;1;8;160;88
1465;1993;25;0;4;4;14354;3;1;0;2;0;10;125;83
1465;1994;25;0;3;3;10739;1;2;0;1;1;7;89;76
1465;1995;25;0;5;3;15518;1;1;1;1;0;10;137;78
1465;1997;25;0;2;2;7200;2;0;0;0;0;4;67;89
1469;1998;216;0;7;7;23386;3;2;2;0;1;21;157;59
1469;1989;22;0;6;6;21900;5;0;1;0;2;8;122;75
1469;1990;22;0;6;6;20310;2;4;0;2;1;15;150;67
1469;1991;22;0;5;5;18227;2;2;1;0;1;8;102;73
1469;1992;22;0;7;7;25239;6;1;0;0;0;19;161;64
1469;1993;22;0;7;7;24182;4;2;1;0;1;20;195;72
1469;1994;22;0;4;4;14062;2;2;0;0;0;14;94;55
1469;1995;22;0;7;7;25041;3;3;0;0;1;21;208;72
1469;1997;0;0;2;2;7123;1;1;0;0;0;5;69;86
1494;1998;217;0;1;1;3600;1;0;0;0;0;2;21;66
1494;1990;10;9999;4;4;14242;1;3;0;0;0;7;89;70
1494;1991;10;9999;5;5;18259;3;1;1;0;1;6;82;68
1494;1992;217;9999;5;5;17952;4;1;0;2;1;11;129;76
1494;1994;217;0;4;4;14563;1;2;0;0;0;12;116;68
1494;1995;217;0;4;4;11187;0;4;0;1;0;12;120;70
1494;1996;217;0;3;3;10800;2;1;0;0;0;11;84;61
1494;1997;217;0;3;3;11100;1;1;1;0;0;7;74;70
1520;1990;18;9999;0;0;0;0;0;0;0;0;0;0;0
1520;1992;12;9999;0;0;0;0;0;0;0;0;0;0;0
1520;1993;12;9999;4;4;15000;1;1;2;0;0;8;86;66
1520;1994;12;9999;0;0;0;0;0;0;0;0;0;0;0
1520;1994;12;0;2;2;4179;1;1;0;0;0;5;35;53
1520;1995;12;9999;4;4;14345;2;2;0;0;1;5;64;68
1552;1990;17;9999;0;0;0;0;0;0;0;0;0;0;0
1552;1991;17;9999;5;5;18186;3;1;0;1;1;6;83;68
1552;1992;17;9999;5;5;18476;4;0;1;0;0;9;164;91
1552;1993;17;9999;4;4;14454;2;2;0;0;0;8;83;65
1552;1994;17;9999;4;4;14738;0;3;1;1;0;13;137;74
1552;1995;17;9999;4;4;14576;1;2;0;1;2;4;96;84
1552;1996;17;9999;4;4;14700;1;2;1;0;0;12;114;67
1552;1997;17;0;3;3;10769;2;1;0;0;0;7;85;76
1554;1990;16;9999;0;0;0;0;0;0;0;0;0;0;0
1554;1990;16;0;0;0;0;0;0;0;0;0;0;0;0
1554;1991;16;0;3;3;10339;2;1;0;0;0;14;69;42
1554;1992;16;0;0;0;0;0;0;0;0;0;0;0;0
1554;1996;12;0;5;4;15956;2;2;0;1;1;11;103;65
1554;1997;12;0;3;3;11385;1;1;1;0;0;9;89;72
1558;1989;19;0;1;0;1186;0;0;0;0;0;2;4;33
1582;1991;11;9999;0;0;0;0;0;0;0;0;0;0;0
1582;1994;11;9999;4;4;14437;3;1;0;0;0;11;106;68
1582;1995;11;9999;4;4;14597;1;2;0;0;2;4;78;78
1582;1996;11;0;3;3;11100;2;0;1;0;0;6;92;85
1582;1998;11;0;4;4;14411;3;1;0;0;1;9;128;79
1605;1998;216;0;0;0;0;0;0;0;0;0;0;0;0
1605;1989;16;9999;5;5;6974;0;3;0;0;0;37;41;3
1605;1990;3;9999;4;4;14400;3;1;0;0;1;3;83;81
1605;1995;221;0;6;6;21553;3;3;0;0;1;20;182;70
1605;1996;216;0;0;0;0;0;0;0;0;0;0;0;0
1605;1997;216;0;0;0;0;0;0;0;0;0;0;0;0
1607;1991;3;9999;4;4;14700;3;0;1;0;3;1;90;90
1607;1991;3;0;4;4;14640;2;1;1;0;0;8;110;79
1607;1992;20;0;0;0;0;0;0;0;0;0;0;0;0
1607;1993;20;0;0;0;0;0;0;0;0;0;0;0;0
1607;1995;21;0;4;4;13398;1;3;0;0;0;15;105;56
11996;1992;11;9999;0;0;0;0;0;0;0;0;0;0;0
11996;1993;11;9999;4;4;14785;2;1;1;0;0;6;94;77
11996;1993;11;0;3;2;8858;0;2;0;0;0;7;90;76
11996;1994;26;0;3;3;10771;2;1;0;1;1;4;84;90
11996;1995;26;0;3;3;11030;3;0;0;0;0;5;77;80
11996;1996;26;0;3;3;11343;0;1;2;0;0;8;82;71
11996;1997;26;0;4;4;14924;0;2;2;2;0;8;89;70
1671;1989;5;9999;3;0;5111;0;1;0;0;0;26;28;5
1671;1990;5;9999;4;4;15300;1;1;2;0;0;8;95;71
1671;1991;5;9999;0;0;0;0;0;0;0;0;0;0;0
1671;1991;5;0;4;4;14495;4;0;0;0;0;9;110;77
1671;1992;5;0;4;4;11956;1;3;0;0;0;18;111;50
1671;1993;5;0;4;4;14400;3;1;0;0;1;8;121;82
1671;1994;5;0;3;3;10800;2;1;0;0;0;8;86;75
1671;1995;5;0;3;3;10786;1;2;0;1;0;12;87;58
1671;1996;24;0;7;7;25079;0;5;2;1;0;30;231;61
1671;1997;24;0;5;4;13810;2;2;0;1;1;13;108;63
1675;1992;3;9999;5;5;17912;3;2;0;1;0;7;95;69
1675;1993;3;9999;4;4;14367;2;2;0;0;1;10;114;70
1675;1994;3;9999;5;5;17985;1;4;0;1;0;24;188;67
1675;1995;217;9999;0;0;0;0;0;0;0;0;0;0;0
1675;1996;217;9999;4;4;14293;1;3;0;2;0;9;105;72
1675;1997;217;9999;0;0;0;0;0;0;0;0;0;0;0
13521;1998;18;9999;4;4;14400;1;3;0;0;0;12;130;75
13521;1995;18;9999;5;5;18238;3;1;1;0;2;5;108;80
13521;1997;18;9999;4;4;14648;3;1;0;0;1;9;85;70
1680;1990;0;9999;4;4;14389;0;4;0;0;0;8;79;63
1726;1991;12;9999;0;0;0;0;0;0;0;0;0;0;0
1726;1992;12;0;3;3;10522;1;1;1;0;0;11;99;66
1734;1998;217;0;2;2;7200;2;0;0;0;0;4;47;73
1734;1989;11;0;5;4;16800;1;1;1;0;0;21;112;46
1734;1990;11;0;5;4;15535;2;1;1;0;0;12;106;64
1734;1991;11;0;4;4;14640;2;1;1;0;0;12;96;61
1734;1992;3;0;0;0;0;0;0;0;0;0;0;0;0
1734;1993;3;0;1;1;3610;0;1;0;0;0;5;35;61
1734;1994;3;0;0;0;0;0;0;0;0;0;0;0;0
1734;1995;3;0;3;2;8443;2;0;0;0;0;4;57;69
1734;1996;217;0;4;4;14361;3;1;0;0;2;4;93;80
1734;1997;217;0;4;4;14385;2;2;0;0;0;12;115;71
1737;1998;23;0;2;2;7200;1;1;0;0;0;6;60;73
1737;1990;23;9999;0;0;0;0;0;0;0;0;0;0;0
1737;1991;23;9999;0;0;0;0;0;0;0;0;0;0;0
1737;1992;23;9999;5;5;18276;1;3;1;1;0;13;178;81
1737;1993;23;9999;4;4;14665;2;1;1;1;1;3;93;83
1737;1994;23;9999;4;4;14277;1;3;0;2;0;12;120;71
1737;1994;23;0;2;2;7200;1;1;0;0;0;6;39;53
1737;1995;23;0;3;3;11045;1;2;0;0;0;12;97;66
1737;1996;23;0;6;4;16414;2;2;0;1;0;20;137;55
1737;1997;23;0;2;2;7528;0;1;1;0;0;7;84;84
1767;1989;9;0;6;6;21900;4;1;0;0;1;14;153;72
1767;1990;9;0;5;5;18000;3;2;0;0;0;19;150;65
1767;1991;9;0;4;4;14642;0;2;2;0;0;19;146;63
1767;1992;9;0;5;4;17103;1;3;1;2;0;25;171;57
1767;1993;9;0;5;5;16965;2;3;0;0;0;22;166;63
1767;1994;9;0;4;4;14011;2;2;0;0;0;13;121;71
1767;1995;216;0;7;7;24372;3;3;1;1;0;27;202;61
1767;1996;216;0;7;7;25156;4;3;0;1;2;16;179;76
1767;1997;216;0;7;7;25457;3;3;1;1;0;23;175;59
1767;1998;216;0;1;0;2580;0;0;0;0;0;2;14;51
1787;1989;0;0;4;4;14329;1;3;0;0;0;13;139;74
1787;1990;0;0;4;4;14700;2;1;1;0;0;13;118;67
1787;1991;0;0;3;3;10788;1;2;0;0;0;13;82;54
1787;1992;0;0;5;5;18568;1;2;2;0;0;17;155;70
1787;1993;0;0;7;7;25070;3;3;1;0;1;23;185;64
1787;1994;0;0;0;0;0;0;0;0;0;0;0;0;0
1787;1995;0;0;2;2;7178;1;1;0;0;0;4;52;80
1787;1996;0;0;4;4;14539;1;3;0;1;0;11;144;83
1788;1989;3;9999;4;0;6197;0;0;0;0;0;16;18;15
1788;1989;3;0;1;0;3129;0;0;0;0;0;3;30;69
1788;1990;3;0;1;0;2784;0;0;0;0;0;0;16;80
14991;1998;12;9999;4;4;14384;2;2;0;0;0;8;121;78
1850;1991;19;0;0;0;0;0;0;0;0;0;0;0;0
1850;1992;19;0;7;7;25164;4;3;0;1;1;20;166;64
1850;1993;19;0;2;2;6519;0;2;0;2;0;10;41;32
1850;1994;217;0;1;1;3600;1;0;0;0;0;2;31;87
1879;1998;18;0;4;4;14378;2;2;0;1;0;13;139;76
1879;1992;18;9999;5;5;16743;2;3;0;2;1;13;124;67
1879;1993;18;9999;5;5;18205;2;2;1;1;0;10;105;64
1879;1993;18;0;3;3;10785;1;2;0;0;0;9;78;63
1879;1994;18;9999;5;5;17979;3;2;0;1;0;13;125;67
1879;1995;18;9999;0;0;0;0;0;0;0;0;0;0;0
1879;1996;18;9999;0;0;0;0;0;0;0;0;0;0;0
1879;1996;18;0;4;4;14400;2;2;0;0;0;10;100;66
1879;1997;18;0;3;3;8031;0;3;0;0;0;13;74;50
2003;1990;12;9999;4;4;14658;2;1;1;1;1;4;97;82
14996;1998;21;9999;4;4;14207;2;2;0;0;1;11;104;67
2029;1989;18;9999;4;0;7574;1;0;0;1;0;28;29;6
2029;1991;18;0;0;0;0;0;0;0;0;0;0;0;0
2030;1994;220;0;2;0;1310;0;0;0;0;0;1;12;54
2061;1989;24;9999;4;4;7375;0;3;0;0;0;31;36;1
2061;1990;24;9999;0;0;0;0;0;0;0;0;0;0;0
2061;1991;24;9999;4;4;14700;1;2;1;0;1;8;77;64
2061;1992;24;9999;0;0;0;0;0;0;0;0;0;0;0
2092;1990;26;9999;4;4;14831;2;1;0;0;1;7;87;73
2092;1991;26;9999;5;5;17862;2;3;0;0;2;7;102;76
2092;1992;26;9999;5;5;18300;4;0;1;0;1;7;105;76
2092;1993;26;9999;4;4;14323;2;2;0;0;1;9;95;67
2127;1989;11;9999;4;0;7032;2;1;0;0;0;45;52;1
2198;1990;8;9999;0;0;0;0;0;0;0;0;0;0;0
2198;1989;21;9999;4;4;7223;3;0;0;0;0;31;36;1
2206;1994;16;9999;0;0;0;0;0;0;0;0;0;0;0
2206;1993;16;9999;4;4;14400;3;1;0;0;0;6;80;70
2223;1989;26;9999;4;4;8836;1;2;0;0;0;37;42;1
2230;1990;8;9999;4;4;14328;1;3;0;1;1;12;66;48
2230;1991;8;9999;4;4;15600;0;1;2;0;1;4;83;79
2253;1991;11;9999;4;4;14930;1;1;1;0;2;3;63;75
2253;1990;11;9999;5;5;18181;1;3;1;1;1;11;108;66
2288;1990;26;9999;0;0;0;0;0;0;0;0;0;0;0
2288;1991;26;9999;0;0;0;0;0;0;0;0;0;0;0
2288;1992;26;9999;0;0;0;0;0;0;0;0;0;0;0
2288;1993;26;9999;0;0;0;0;0;0;0;0;0;0;0
2288;1994;26;9999;4;4;15000;3;0;1;0;0;7;109;79
2288;1995;26;9999;0;0;0;0;0;0;0;0;0;0;0
2288;1995;26;0;4;4;14719;4;0;0;0;0;9;93;68
2300;1991;17;9999;0;0;0;0;0;0;0;0;0;0;0
2317;1993;22;9999;5;5;18581;2;1;2;0;1;8;99;70
2317;1994;22;9999;4;4;14400;4;0;0;0;2;4;113;94
2343;1990;9;9999;0;0;0;0;0;0;0;0;0;0;0
2343;1991;9;9999;0;0;0;0;0;0;0;0;0;0;0
2344;1992;217;9999;0;0;0;0;0;0;0;0;0;0;0
2403;1990;20;9999;0;0;0;0;0;0;0;0;0;0;0
2403;1991;20;9999;4;4;14327;1;3;0;2;0;6;59;59
2403;1992;20;9999;5;5;18514;1;2;2;1;1;13;153;78
2403;1993;20;9999;4;4;14700;1;2;1;0;1;7;124;87
2403;1994;20;9999;1;0;627;0;0;0;0;0;1;4;44
2403;1995;20;9999;4;4;14653;2;1;0;1;1;5;75;72
2403;1996;20;9999;4;4;14400;0;4;0;0;0;14;128;68
14528;1998;22;9999;4;4;13958;1;3;0;0;0;14;106;61
2444;1993;214;9999;0;0;0;0;0;0;0;0;0;0;0
2444;1992;214;9999;5;5;17835;2;2;1;0;0;12;134;71
2444;1991;214;9999;4;4;14700;2;1;1;0;2;4;67;76
2461;1990;19;9999;0;0;0;0;0;0;0;0;0;0;0
2461;1991;19;9999;0;0;0;0;0;0;0;0;0;0;0
2461;1992;19;9999;0;0;0;0;0;0;0;0;0;0;0
2461;1995;19;9999;5;5;17912;3;2;0;1;2;4;89;77
2462;1990;10;9999;0;0;0;0;0;0;0;0;0;0;0
2462;1991;10;9999;0;0;0;0;0;0;0;0;0;0;0
2462;1992;10;9999;5;5;18521;1;3;1;2;0;11;136;76
2462;1993;10;9999;5;5;18300;4;0;1;0;3;2;82;82
2462;1994;10;9999;0;0;0;0;0;0;0;0;0;0;0
2462;1994;10;0;3;3;9483;2;1;0;0;1;10;80;61
2502;1992;214;9999;1;0;459;0;0;0;0;0;0;0;48
2502;1991;214;9999;0;0;0;0;0;0;0;0;0;0;0
2566;1994;18;9999;0;0;0;0;0;0;0;0;0;0;0
2642;1993;220;9999;4;4;14332;3;1;0;1;1;6;64;65
2675;1991;16;9999;0;0;0;0;0;0;0;0;0;0;0
2675;1992;16;9999;0;0;0;0;0;0;0;0;0;0;0
2675;1993;16;9999;0;0;0;0;0;0;0;0;0;0;0
2675;1994;16;9999;5;5;18300;2;3;0;0;1;13;148;75
2675;1995;16;9999;1;0;740;0;0;0;0;0;0;0;48
2675;1996;16;9999;0;0;0;0;0;0;0;0;0;0;0
2699;1989;8;9999;5;5;8102;1;4;0;1;0;43;47;1
2699;1994;8;0;4;3;13417;3;1;0;0;0;12;96;62
2699;1995;8;0;3;3;10759;1;2;0;0;1;8;101;84
2699;1996;8;0;3;3;10663;1;2;0;0;0;14;98;59
2741;1990;22;9999;0;0;0;0;0;0;0;0;0;0;0
2741;1991;22;9999;5;5;17091;2;2;0;0;1;11;96;60
2741;1992;22;9999;5;5;17879;1;4;0;0;0;11;145;75
2741;1993;22;9999;0;0;0;0;0;0;0;0;0;0;0
2741;1994;22;9999;0;0;0;0;0;0;0;0;0;0;0
2741;1995;22;9999;4;4;14592;0;3;1;1;0;8;92;68
2741;1996;22;9999;1;0;325;0;1;0;1;0;1;2;42
2741;1996;22;0;1;0;2128;0;1;0;0;0;6;26;33
2778;1990;11;9999;0;0;0;0;0;0;0;0;0;0;0
2782;1998;25;0;2;2;7500;1;0;1;0;0;3;41;71
2964;1989;17;9999;4;0;8989;3;0;0;0;0;34;39;6
2964;1989;17;0;0;0;0;0;0;0;0;0;0;0;0
2964;1990;17;0;0;0;0;0;0;0;0;0;0;0;0
2964;1991;17;0;1;0;1035;0;0;0;0;0;1;11;56
2964;1992;17;0;0;0;0;0;0;0;0;0;0;0;0
15029;1998;20;9999;5;5;17949;2;3;0;1;0;14;145;72
3231;1993;10;0;1;1;2909;0;0;0;0;0;7;32;32
3232;1989;14;9999;4;4;9165;2;2;0;0;0;37;43;1
3232;1990;14;9999;4;4;14700;2;1;1;0;0;7;120;85
3232;1991;12;0;3;3;10611;0;3;0;1;0;10;98;69
14559;1998;0;9999;5;5;16770;2;3;0;0;0;14;136;68
15041;1998;17;9999;4;4;14622;1;3;0;1;0;11;128;77
3258;1989;10;9999;4;4;6715;1;1;0;0;0;32;37;1
3258;1992;10;9999;0;0;0;0;0;0;0;0;0;0;0
14082;1998;25;9999;5;5;18900;2;0;3;0;1;8;128;80
14082;1996;25;9999;0;0;0;0;0;0;0;0;0;0;0
14082;1997;25;9999;4;4;14676;2;1;1;0;0;6;92;76
11311;1989;15;9999;1;1;2284;0;1;0;0;0;9;9;1
11312;1989;15;9999;1;0;1315;0;0;0;0;0;9;9;1
11332;1989;12;9999;1;0;447;0;0;0;0;0;6;7;1
11351;1989;9;9999;1;1;541;1;0;0;0;0;3;3;23
11352;1989;9;9999;1;0;3058;0;0;0;0;0;6;7;1
11371;1989;8;9999;1;0;1166;0;0;0;0;0;7;8;1
11394;1989;16;9999;1;0;1894;0;0;0;0;0;6;6;1
11412;1989;19;9999;1;0;2040;0;1;0;0;0;8;8;1
11413;1989;19;9999;1;1;1559;0;0;0;0;0;8;9;1
11441;1989;24;9999;1;0;1757;0;1;0;0;0;12;14;1
11464;1989;9;9999;1;1;1576;0;1;0;0;0;8;8;1
11465;1989;9;9999;1;0;2023;0;0;0;0;0;10;12;1
11495;1989;16;9999;1;0;2751;0;0;0;0;0;8;9;1
11523;1989;15;9999;1;1;2852;0;0;0;0;0;12;14;1
11524;1989;15;9999;1;0;747;0;1;0;0;0;5;6;4
11531;1989;8;9999;1;0;2634;0;0;0;0;0;7;9;1
11546;1989;19;9999;1;0;764;0;0;0;0;0;3;4;24
11547;1989;19;9999;1;1;2835;1;0;0;0;0;7;7;1
11558;1989;10;9999;1;0;1522;0;0;0;0;0;7;8;1
11569;1989;12;9999;1;0;2489;0;0;0;0;0;8;9;1
11597;1989;19;9999;1;0;2625;1;0;0;0;0;10;11;1
11598;1989;19;9999;1;1;974;0;0;0;0;0;6;7;1
11606;1989;16;9999;1;0;2128;0;0;0;0;0;10;11;1
11624;1989;8;9999;1;0;2232;0;0;0;0;0;6;9;1
11639;1989;9;9999;1;0;1903;0;0;0;0;0;8;8;1
11640;1989;9;9999;1;1;1996;0;1;0;0;0;12;13;1
11678;1989;24;9999;1;0;1459;0;0;0;0;0;6;6;1
11693;1989;15;9999;1;1;2954;0;0;0;0;0;10;13;1
11694;1989;15;9999;1;0;645;0;1;0;0;0;7;7;1
11701;1989;10;9999;1;0;1631;1;0;0;0;0;6;6;1
11705;1989;10;9999;1;0;2420;1;0;0;0;0;10;11;1
11718;1989;12;9999;1;0;3103;0;0;0;0;0;10;11;1
11737;1989;15;9999;1;1;1189;0;0;0;1;0;10;10;1
11738;1989;15;9999;1;0;2380;0;1;0;0;0;6;6;1
11745;1989;9;9999;1;1;485;0;0;0;0;0;7;7;1
11746;1989;9;9999;1;0;3114;0;1;0;0;0;12;12;1
11769;1989;24;9999;1;0;2515;0;0;0;0;0;13;14;1
11798;1989;8;9999;1;0;986;0;0;0;0;0;8;8;1
11822;1989;16;9999;1;0;1173;0;1;0;0;0;6;6;1
11840;1989;19;9999;1;1;1783;0;1;0;0;0;11;11;1
11841;1989;19;9999;1;0;1816;0;0;0;0;0;8;8;1
11846;1989;10;9999;1;0;2121;0;0;0;0;0;8;9;1
11851;1989;8;9999;1;0;2754;0;0;0;0;0;11;12;1
11866;1989;19;9999;1;0;1054;1;0;0;0;0;3;3;23
11867;1989;19;9999;1;1;2545;0;0;0;0;0;7;8;1
11873;1989;16;9999;1;0;3078;0;1;0;0;0;10;10;1
11891;1989;24;9999;1;0;1291;0;0;0;0;0;6;6;1
11948;1989;12;9999;1;0;1605;0;1;0;0;0;8;8;1
11976;1990;21;9999;0;0;0;0;0;0;0;0;0;0;0
12009;1993;21;9999;4;4;14949;0;2;0;0;2;5;85;79
12009;1994;21;9999;4;4;14675;1;2;1;1;0;13;135;71
12009;1994;21;0;7;7;21759;1;4;2;1;0;24;184;59
12009;1996;221;0;7;7;25310;2;3;2;0;0;22;188;66
12009;1997;221;0;0;0;0;0;0;0;0;0;0;0;0
12009;1998;221;0;6;6;20531;4;2;0;1;0;18;165;67
12029;1992;22;9999;0;0;0;0;0;0;0;0;0;0;0
12032;1998;23;0;5;5;18211;1;3;1;0;1;17;161;74
12032;1992;23;9999;0;0;0;0;0;0;0;0;0;0;0
12032;1993;23;9999;0;0;0;0;0;0;0;0;0;0;0
12032;1995;23;9999;4;4;14653;1;2;1;1;1;4;75;75
12032;1995;23;0;4;4;14697;3;1;0;0;1;8;125;90
12032;1996;23;0;2;2;5150;1;1;0;0;0;14;50;22
12032;1997;23;0;5;5;18557;4;0;1;0;1;8;131;82
12033;1992;216;9999;5;5;15726;1;2;2;0;1;9;105;70
12033;1993;216;9999;4;4;14342;0;4;0;2;0;8;86;66
12039;1998;214;0;4;4;14680;1;2;1;1;0;10;117;77
12039;1993;214;9999;5;5;17995;2;3;0;0;1;10;108;68
12039;1994;214;9999;4;4;11527;1;2;1;1;1;10;109;71
12039;1995;214;9999;4;4;14543;3;1;0;0;2;4;94;85
12039;1996;214;9999;5;5;17931;2;3;0;1;0;13;138;71
12077;1998;5;0;4;4;14394;1;3;0;0;1;11;122;75
12077;1992;9;9999;5;5;16090;2;3;0;1;0;14;128;65
12077;1993;9;9999;4;4;15000;1;1;1;0;1;5;82;75
12077;1994;5;9999;4;4;14400;1;3;0;0;0;17;157;72
12077;1995;5;9999;4;4;14700;1;2;1;0;0;7;105;80
12077;1996;5;9999;3;3;11051;1;1;1;0;1;4;76;83
12077;1996;5;0;4;4;14370;3;1;0;1;0;10;99;68
12077;1997;5;0;4;4;14568;3;1;0;0;0;9;112;79
12087;1995;12;9999;0;0;0;0;0;0;0;0;0;0;0
12104;1998;16;9999;0;0;0;0;0;0;0;0;0;0;0
12104;1992;0;9999;1;0;1247;0;0;0;0;0;1;3;42
12104;1993;0;9999;0;0;0;0;0;0;0;0;0;0;0
12104;1994;0;9999;4;4;14706;2;2;0;0;1;7;144;90
12104;1995;0;9999;0;0;0;0;0;0;0;0;0;0;0
12104;1996;0;9999;0;0;0;0;0;0;0;0;0;0;0
12104;1996;0;0;3;3;10782;1;2;0;0;0;10;82;63
12104;1997;0;9999;0;0;0;0;0;0;0;0;0;0;0
12130;1998;5;9999;1;0;1311;0;0;0;0;0;1;6;47
12130;1996;5;9999;1;1;3600;1;0;0;0;0;2;17;60
12130;1997;5;9999;4;4;14915;1;2;1;0;0;8;68;62
12160;1994;214;9999;1;0;3150;0;0;0;0;0;1;14;62
12199;1997;20;9999;4;4;13109;1;3;0;1;1;11;84;59
12207;1993;217;9999;1;0;1252;0;0;0;0;0;1;4;44
12207;1994;217;9999;0;0;0;0;0;0;0;0;0;0;0
12219;1998;20;0;1;1;3900;0;0;1;0;0;4;30;58
12219;1991;20;9999;0;0;0;0;0;0;0;0;0;0;0
12219;1992;20;9999;0;0;0;0;0;0;0;0;0;0;0
12219;1993;20;9999;0;0;0;0;0;0;0;0;0;0;0
12219;1995;20;9999;0;0;0;0;0;0;0;0;0;0;0
12226;1998;8;9999;0;0;0;0;0;0;0;0;0;0;0
12226;1992;8;9999;5;5;18410;0;4;1;1;0;12;179;85
12226;1993;8;9999;4;4;14974;1;1;1;1;1;7;98;73
12226;1994;8;9999;0;0;0;0;0;0;0;0;0;0;0
12226;1995;8;9999;0;0;0;0;0;0;0;0;0;0;0
12226;1996;8;9999;0;0;0;0;0;0;0;0;0;0;0
12226;1997;8;9999;0;0;0;0;0;0;0;0;0;0;0
12239;1991;8;9999;0;0;0;0;0;0;0;0;0;0;0
12239;1992;8;9999;0;0;0;0;0;0;0;0;0;0;0
12244;1992;14;9999;0;0;0;0;0;0;0;0;0;0;0
12244;1992;14;0;6;6;20384;2;4;0;0;0;28;205;62
12248;1994;26;9999;0;0;0;0;0;0;0;0;0;0;0
12248;1995;26;9999;4;4;14956;1;1;0;0;3;2;75;85
12248;1996;26;9999;4;4;14564;2;2;0;1;1;11;100;66
12429;1998;217;0;1;1;3527;0;1;0;0;0;3;29;69
12429;1998;217;9999;5;5;18860;2;1;2;2;0;10;129;76
12429;1993;217;9999;4;4;13366;0;3;1;1;0;10;94;63
12429;1994;217;9999;4;4;14698;1;2;1;0;0;9;151;91
12429;1995;217;9999;4;4;14385;3;1;0;0;1;5;64;69
12429;1996;217;9999;0;0;0;0;0;0;0;0;0;0;0
12429;1997;217;9999;5;5;17886;1;4;0;2;0;7;97;70
12432;1998;9;9999;4;4;14655;2;1;1;0;2;3;84;84
12432;1993;9;9999;0;0;0;0;0;0;0;0;0;0;0
12432;1994;9;9999;0;0;0;0;0;0;0;0;0;0;0
12432;1995;9;9999;0;0;0;0;0;0;0;0;0;0;0
12432;1996;9;9999;4;4;14666;1;2;1;1;0;14;129;68
12432;1997;9;9999;4;4;14681;0;3;1;0;0;8;74;61
12433;1994;21;9999;0;0;0;0;0;0;0;0;0;0;0
12433;1995;21;9999;5;5;18000;4;1;0;0;2;6;106;77
12433;1996;21;9999;0;0;0;0;0;0;0;0;0;0;0
12433;1996;21;0;0;0;0;0;0;0;0;0;0;0;0
12433;1997;21;0;4;3;11124;2;1;0;1;2;4;93;82
12433;1998;21;0;0;0;0;0;0;0;0;0;0;0;0
12437;1994;11;9999;0;0;0;0;0;0;0;0;0;0;0
12437;1995;11;9999;0;0;0;0;0;0;0;0;0;0;0
12437;1996;26;9999;0;0;0;0;0;0;0;0;0;0;0
12437;1996;26;0;4;4;14697;1;2;1;0;0;13;128;72
12437;1997;26;0;3;3;11100;2;0;1;0;2;2;96;92
12437;1998;26;0;4;4;11809;2;2;0;0;1;11;105;68
12446;1998;8;9999;5;5;18023;5;0;0;0;1;10;125;75
12446;1993;8;9999;0;0;0;0;0;0;0;0;0;0;0
12460;1996;12;9999;0;0;0;0;0;0;0;0;0;0;0
12482;1993;15;9999;0;0;0;0;0;0;0;0;0;0;0
12482;1994;15;9999;4;4;14645;1;2;1;1;1;11;120;76
12482;1995;15;9999;0;0;0;0;0;0;0;0;0;0;0
12482;1995;12;0;2;2;7159;1;1;0;1;0;5;82;96
12482;1996;12;0;3;3;9440;0;3;0;1;0;8;63;57
12482;1997;12;0;4;4;14660;1;2;1;1;0;12;136;78
12482;1998;12;0;4;4;14400;3;1;0;0;0;8;107;77
12491;1995;15;0;0;0;0;0;0;0;0;0;0;0;0
12491;1997;0;9999;4;4;14999;3;0;1;0;2;2;80;84
12491;1997;0;0;5;5;18218;3;1;1;0;2;8;118;78
12491;1998;0;9999;1;0;1208;0;0;0;0;0;0;7;60
12491;1998;0;0;3;3;10758;2;1;0;1;0;6;77;77
12494;1998;17;0;1;1;3600;1;0;0;0;0;4;28;61
12494;1994;220;9999;0;0;0;0;0;0;0;0;0;0;0
12510;1994;25;9999;5;5;16408;3;2;0;1;0;12;134;73
12510;1994;25;0;2;2;7181;1;1;0;0;0;5;51;68
12510;1995;25;0;4;4;10446;0;3;0;0;1;12;87;56
12510;1996;25;0;4;4;14963;1;2;1;0;0;17;140;68
12510;1997;25;0;5;5;18000;4;1;0;0;1;7;145;88
12510;1998;25;0;4;4;14400;2;2;0;0;0;19;134;62
12517;1993;19;9999;0;0;0;0;0;0;0;0;0;0;0
12517;1994;19;9999;0;0;0;0;0;0;0;0;0;0;0
12517;1994;19;0;4;4;14345;1;3;0;0;0;14;133;72
12517;1995;19;0;5;3;12178;1;2;0;0;1;6;92;71
12517;1996;19;0;4;3;11767;1;1;1;0;0;11;93;62
12517;1997;19;0;3;3;10688;0;3;0;2;0;8;70;64
12517;1998;19;0;3;3;10715;0;3;0;1;0;8;62;59
12524;1998;9;0;5;5;15387;0;3;1;0;1;15;145;67
12524;1993;11;9999;0;0;0;0;0;0;0;0;0;0;0
12524;1994;9;9999;4;4;14673;3;1;0;0;0;10;100;68
12524;1995;9;9999;4;4;14350;2;2;0;0;2;3;55;73
12524;1995;9;0;5;4;16208;3;0;1;0;1;8;119;80
12524;1996;9;0;7;7;25406;2;5;0;0;0;27;242;72
12524;1997;9;0;4;4;14665;1;2;1;1;0;10;101;70
12533;1998;217;0;2;2;7474;0;1;1;0;0;8;57;60
12533;1998;217;9999;0;0;0;0;0;0;0;0;0;0;0
12533;1993;21;9999;0;0;0;0;0;0;0;0;0;0;0
12533;1994;220;9999;4;4;14295;1;3;0;1;1;12;113;68
12533;1995;220;9999;0;0;0;0;0;0;0;0;0;0;0
12533;1996;220;9999;4;4;14954;1;1;2;1;0;12;112;68
12533;1997;220;9999;4;4;14642;2;1;0;0;2;4;81;80
12628;1998;10;9999;0;0;0;0;0;0;0;0;0;0;0
12628;1993;10;9999;0;0;0;0;0;0;0;0;0;0;0
12628;1994;10;9999;4;4;14641;1;2;1;1;0;11;123;74
12628;1995;10;9999;0;0;0;0;0;0;0;0;0;0;0
12628;1996;10;9999;0;0;0;0;0;0;0;0;0;0;0
12628;1997;10;9999;0;0;0;0;0;0;0;0;0;0;0
12682;1993;25;9999;0;0;0;0;0;0;0;0;0;0;0
12733;1995;3;9999;0;0;0;0;0;0;0;0;0;0;0
12733;1996;3;9999;5;5;17903;0;5;0;2;0;21;164;63
12733;1997;3;9999;0;0;0;0;0;0;0;0;0;0;0
12737;1994;5;9999;0;0;0;0;0;0;0;0;0;0;0
12762;1997;26;9999;4;4;12921;2;2;0;0;0;12;69;49
12766;1992;17;9999;0;0;0;0;0;0;0;0;0;0;0
12766;1993;17;9999;0;0;0;0;0;0;0;0;0;0;0
12766;1994;17;9999;0;0;0;0;0;0;0;0;0;0;0
12766;1995;17;9999;0;0;0;0;0;0;0;0;0;0;0
12766;1996;17;9999;0;0;0;0;0;0;0;0;0;0;0
12766;1997;17;9999;4;4;15289;1;0;1;0;1;3;85;83
12767;1994;24;9999;4;4;14344;2;2;0;1;0;13;127;72
12767;1996;24;9999;0;0;0;0;0;0;0;0;0;0;0
12767;1997;24;9999;0;0;0;0;0;0;0;0;0;0;0
12779;1993;25;9999;4;4;14358;3;1;0;0;2;3;87;84
12779;1994;25;9999;1;0;1475;0;0;0;1;0;0;13;71
12779;1995;25;9999;0;0;0;0;0;0;0;0;0;0;0
12779;1996;25;0;3;3;10729;2;1;0;0;0;10;91;69
12795;1995;3;9999;4;4;14913;0;2;0;0;2;5;112;87
12795;1994;3;9999;1;0;292;0;0;0;0;0;0;2;51
12795;1992;3;9999;0;0;0;0;0;0;0;0;0;0;0
12795;1993;3;9999;0;0;0;0;0;0;0;0;0;0;0
12989;1992;21;9999;0;0;0;0;0;0;0;0;0;0;0
13027;1998;23;9999;5;5;18580;2;2;1;1;1;9;160;89
13027;1994;23;9999;0;0;0;0;0;0;0;0;0;0;0
13027;1995;23;9999;0;0;0;0;0;0;0;0;0;0;0
13027;1996;23;9999;4;4;14683;2;2;0;0;0;12;116;69
13027;1997;23;9999;4;4;14578;1;2;1;0;1;4;91;82
13028;1998;15;0;5;5;18300;1;3;1;0;1;15;161;76
13028;1998;15;9999;1;0;1011;0;0;0;0;0;0;3;53
13028;1996;15;9999;4;4;14700;3;1;0;0;0;9;99;71
13028;1997;15;9999;4;4;14287;1;3;0;0;1;5;77;73
13060;1998;24;0;5;5;15562;1;3;1;1;0;21;158;61
13060;1995;24;9999;0;0;0;0;0;0;0;0;0;0;0
13060;1995;24;0;0;0;0;0;0;0;0;0;0;0;0
13060;1996;24;0;1;0;673;0;0;0;0;0;1;6;50
13060;1997;24;0;4;3;11557;0;3;0;0;0;14;94;54
13073;1998;224;9999;0;0;0;0;0;0;0;0;0;0;0
13073;1994;14;9999;0;0;0;0;0;0;0;0;0;0;0
13073;1995;14;9999;0;0;0;0;0;0;0;0;0;0;0
13073;1996;14;9999;0;0;0;0;0;0;0;0;0;0;0
13073;1997;14;9999;0;0;0;0;0;0;0;0;0;0;0
13105;1998;8;0;5;5;18300;4;0;1;0;1;9;128;78
13105;1995;15;9999;4;4;15000;2;0;2;0;1;4;86;81
13105;1995;15;0;5;5;17983;2;3;0;0;0;16;184;81
13105;1996;15;9999;0;0;0;0;0;0;0;0;0;0;0
13105;1996;15;0;4;4;14346;2;2;0;1;0;11;136;83
13105;1997;15;0;3;3;10644;0;2;0;1;0;11;106;75
13114;1998;224;0;4;4;14625;1;2;1;1;0;14;137;74
13114;1998;224;9999;4;4;14712;1;2;1;0;0;14;117;67
13114;1994;8;9999;4;4;14316;3;1;0;0;1;6;112;85
13114;1995;8;9999;5;5;18197;0;4;1;1;0;12;96;58
13114;1996;8;9999;4;4;14864;3;0;1;0;2;3;117;94
13114;1997;8;9999;4;4;14893;0;2;2;0;0;5;92;73
13198;1996;0;9999;4;4;14353;3;1;0;0;0;9;121;79
13198;1995;0;9999;5;5;18600;1;2;2;0;1;9;107;71
13198;1994;0;9999;0;0;0;0;0;0;0;0;0;0;0
13264;1994;221;9999;5;5;18112;3;2;0;0;0;14;160;78
13264;1995;221;9999;0;0;0;0;0;0;0;0;0;0;0
13264;1996;221;9999;0;0;0;0;0;0;0;0;0;0;0
13264;1997;16;9999;4;4;14986;1;2;0;0;2;6;103;80
13264;1998;16;9999;5;5;18300;3;2;0;0;1;12;172;82
13278;1996;10;9999;4;4;14369;2;2;0;1;1;6;108;83
13278;1995;10;9999;4;4;14654;1;2;0;0;2;6;82;74
13306;1998;214;9999;4;4;14985;3;0;1;0;0;9;113;76
13316;1993;24;9999;0;0;0;0;0;0;0;0;0;0;0
13493;1993;14;9999;0;0;0;0;0;0;0;0;0;0;0
13528;1998;11;9999;4;4;14343;1;3;0;1;1;8;133;88
13528;1996;11;9999;4;4;14564;3;1;0;0;2;5;106;78
13528;1997;11;9999;5;5;18243;2;2;1;1;2;8;93;70
13529;1995;221;9999;4;4;14400;4;0;0;0;2;2;65;79
13529;1996;221;9999;4;4;14700;2;1;1;0;0;11;93;64
13529;1997;221;9999;4;4;14936;1;2;1;1;0;8;74;63
13529;1998;26;9999;0;0;0;0;0;0;0;0;0;0;0
13529;1998;26;0;4;3;13621;1;1;1;1;0;11;100;66
13535;1995;220;9999;5;5;17866;2;3;0;1;2;7;122;80
13535;1996;220;9999;0;0;0;0;0;0;0;0;0;0;0
13535;1997;220;9999;0;0;0;0;0;0;0;0;0;0;0
13535;1998;220;9999;5;5;18237;0;4;0;2;1;16;128;65
13535;1998;220;0;4;4;13456;3;1;0;0;2;8;104;78
13542;1997;25;9999;0;0;0;0;0;0;0;0;0;0;0
13542;1996;25;9999;4;4;14312;2;2;0;1;0;11;127;74
13542;1995;25;9999;4;4;14696;2;1;1;0;0;6;91;75
13550;1995;16;9999;4;4;14259;0;2;2;0;0;9;91;65
13550;1996;16;9999;5;5;18267;2;2;1;0;0;17;155;65
13550;1997;16;9999;0;0;0;0;0;0;0;0;0;0;0
13550;1997;16;0;3;2;8767;0;1;1;0;0;5;56;67
13550;1998;16;0;5;5;18353;1;3;1;2;0;16;156;74
13559;1998;11;9999;0;0;0;0;0;0;0;0;0;0;0
13559;1996;11;9999;0;0;0;0;0;0;0;0;0;0;0
13559;1997;11;9999;0;0;0;0;0;0;0;0;0;0;0
13585;1995;5;9999;0;0;0;0;0;0;0;0;0;0;0
13618;1998;216;9999;0;0;0;0;0;0;0;0;0;0;0
13618;1995;216;9999;0;0;0;0;0;0;0;0;0;0;0
13618;1996;216;9999;0;0;0;0;0;0;0;0;0;0;0
13618;1997;216;9999;0;0;0;0;0;0;0;0;0;0;0
13702;1996;216;9999;4;4;14591;4;0;0;0;1;5;97;80
13702;1997;216;9999;5;5;18541;1;2;2;1;0;7;129;80
13702;1998;216;9999;4;4;14400;2;2;0;0;0;8;129;86
13722;1995;22;9999;0;0;0;0;0;0;0;0;0;0;0
13774;1997;214;9999;5;5;17921;2;3;0;1;0;9;95;64
13774;1996;214;9999;0;0;0;0;0;0;0;0;0;0;0
13774;1995;214;9999;0;0;0;0;0;0;0;0;0;0;0
13823;1997;26;9999;1;0;1472;0;0;0;0;0;0;4;55
14088;1998;18;9999;0;0;0;0;0;0;0;0;0;0;0
14088;1996;18;9999;4;4;14375;1;3;0;1;0;11;126;76
14088;1997;18;9999;0;0;0;0;0;0;0;0;0;0;0
14140;1998;24;0;4;2;10027;2;0;0;0;0;6;94;68
14140;1998;24;9999;4;4;14369;3;1;0;1;0;8;123;83
14140;1996;24;9999;5;5;18277;3;1;1;0;0;10;158;84
14140;1997;24;9999;4;4;14893;1;2;1;2;0;9;102;69
14154;1998;21;9999;1;0;492;0;0;0;0;0;1;2;40
14154;1997;21;9999;0;0;0;0;0;0;0;0;0;0;0
14189;1998;22;9999;1;0;386;0;0;0;0;0;0;0;48
14189;1996;22;9999;4;4;14027;1;2;0;0;0;15;133;68
14189;1997;22;9999;0;0;0;0;0;0;0;0;0;0;0
14207;1998;221;9999;5;5;17936;1;4;0;1;0;24;163;56
14207;1997;221;9999;0;0;0;0;0;0;0;0;0;0;0
14284;1998;12;9999;0;0;0;0;0;0;0;0;0;0;0
14284;1997;12;9999;0;0;0;0;0;0;0;0;0;0;0
14284;1996;12;9999;4;4;14633;1;2;1;0;0;12;92;58
14287;1997;5;9999;0;0;0;0;0;0;0;0;0;0;0
14314;1996;9;9999;0;0;0;0;0;0;0;0;0;0;0
14603;1998;25;9999;0;0;0;0;0;0;0;0;0;0;0
14630;1997;12;9999;5;5;18300;4;0;1;0;4;2;94;88
14715;1998;15;9999;5;5;17588;2;1;2;0;0;20;146;60
14715;1997;15;9999;0;0;0;0;0;0;0;0;0;0;0
14783;1998;9;9999;0;0;0;0;0;0;0;0;0;0;0
14783;1997;9;9999;0;0;0;0;0;0;0;0;0;0;0
14791;1997;17;9999;0;0;0;0;0;0;0;0;0;0;0
14812;1996;3;9999;0;0;0;0;0;0;0;0;0;0;0
14812;1997;3;9999;4;4;14361;1;3;0;0;0;9;96;69
14812;1998;3;9999;0;0;0;0;0;0;0;0;0;0;0
15056;1998;221;9999;0;0;0;0;0;0;0;0;0;0;0
15067;1998;17;9999;0;0;0;0;0;0;0;0;0;0;0
15074;1998;14;9999;0;0;0;0;0;0;0;0;0;0;0
15079;1998;24;9999;0;0;0;0;0;0;0;0;0;0;0
15080;1998;3;9999;5;5;18633;2;2;0;0;1;12;164;77
15100;1998;5;9999;4;4;12981;0;4;0;2;0;15;102;58
15115;1998;26;9999;5;5;18553;1;2;2;0;1;12;137;75
15117;1998;220;9999;0;0;0;0;0;0;0;0;0;0;0
15324;1997;214;9999;0;0;0;0;0;0;0;0;0;0;0
15736;1998;214;9999;0;0;0;0;0;0;0;0;0;0;0
15747;1998;10;9999;4;4;14712;3;1;0;0;0;12;129;75
