League Id;Date;Home;Score Home;Away;Score Away;Type;Played;Overtime;Shootout;Game Id
0;2000-8-14;8;0;10;7;Prospect Tournament;1;0;0;20063
0;2000-8-14;20;4;11;0;Prospect Tournament;1;0;0;20093
0;2000-8-14;3;3;23;0;Prospect Tournament;1;0;0;20062
0;2000-8-14;5;2;14;1;Prospect Tournament;1;0;0;20047
0;2000-8-14;24;4;217;0;Prospect Tournament;1;0;0;20049
0;2000-8-14;229;0;21;0;Prospect Tournament;1;1;0;20079
0;2000-8-14;25;2;221;5;Prospect Tournament;1;0;0;20077
0;2000-8-14;12;2;227;2;Prospect Tournament;1;1;0;20048
0;2000-8-14;26;2;214;2;Prospect Tournament;1;1;0;20078
0;2000-8-14;216;1;9;4;Prospect Tournament;1;0;0;20094
0;2000-8-14;18;1;224;4;Prospect Tournament;1;0;0;20109
0;2000-8-14;230;3;0;1;Prospect Tournament;1;0;0;20064
0;2000-8-14;19;1;220;4;Prospect Tournament;1;0;0;20108
0;2000-8-14;15;2;17;5;Prospect Tournament;1;0;0;20107
0;2000-8-14;22;2;16;4;Prospect Tournament;1;0;0;20092
0;2000-8-15;14;1;217;2;Prospect Tournament;1;0;0;20051
0;2000-8-15;15;5;220;3;Prospect Tournament;1;0;0;20110
0;2000-8-15;19;2;18;5;Prospect Tournament;1;0;0;20112
0;2000-8-15;5;4;227;1;Prospect Tournament;1;0;0;20050
0;2000-8-15;8;3;230;8;Prospect Tournament;1;0;0;20067
0;2000-8-15;23;1;0;4;Prospect Tournament;1;0;0;20066
0;2000-8-15;17;3;224;2;Prospect Tournament;1;0;0;20111
0;2000-8-15;26;0;229;7;Prospect Tournament;1;0;0;20082
0;2000-8-15;22;2;11;1;Prospect Tournament;1;0;0;20095
0;2000-8-15;16;2;9;1;Prospect Tournament;1;0;0;20096
0;2000-8-15;221;8;21;3;Prospect Tournament;1;0;0;20081
0;2000-8-15;12;1;24;1;Prospect Tournament;1;1;0;20052
0;2000-8-15;25;1;214;4;Prospect Tournament;1;0;0;20080
0;2000-8-15;3;1;10;4;Prospect Tournament;1;0;0;20065
0;2000-8-15;20;1;216;2;Prospect Tournament;1;0;0;20097
0;2000-8-16;15;2;224;5;Prospect Tournament;1;0;0;20113
0;2000-8-16;16;5;20;0;Prospect Tournament;1;0;0;20100
0;2000-8-16;221;4;26;5;Prospect Tournament;1;0;0;20085
0;2000-8-16;220;1;18;4;Prospect Tournament;1;0;0;20114
0;2000-8-16;22;4;9;3;Prospect Tournament;1;1;0;20098
0;2000-8-16;11;2;216;0;Prospect Tournament;1;0;0;20099
0;2000-8-16;214;5;229;2;Prospect Tournament;1;0;0;20084
0;2000-8-16;25;5;21;1;Prospect Tournament;1;0;0;20083
0;2000-8-16;17;1;19;2;Prospect Tournament;1;0;0;20115
0;2000-8-16;5;2;217;1;Prospect Tournament;1;0;0;20053
0;2000-8-16;10;1;230;2;Prospect Tournament;1;0;0;20069
0;2000-8-16;227;2;24;2;Prospect Tournament;1;1;0;20054
0;2000-8-16;14;3;12;2;Prospect Tournament;1;1;0;20055
0;2000-8-16;3;4;0;3;Prospect Tournament;1;1;0;20068
0;2000-8-16;23;4;8;2;Prospect Tournament;1;0;0;20070
0;2000-8-17;22;5;216;1;Prospect Tournament;1;0;0;20101
0;2000-8-17;21;6;26;1;Prospect Tournament;1;0;0;20087
0;2000-8-17;25;5;229;3;Prospect Tournament;1;0;0;20086
0;2000-8-17;214;3;221;4;Prospect Tournament;1;0;0;20088
0;2000-8-17;0;5;8;1;Prospect Tournament;1;0;0;20072
0;2000-8-17;10;4;23;7;Prospect Tournament;1;0;0;20073
0;2000-8-17;3;5;230;6;Prospect Tournament;1;1;0;20071
0;2000-8-17;11;2;16;7;Prospect Tournament;1;0;0;20103
0;2000-8-17;220;4;17;1;Prospect Tournament;1;0;0;20118
0;2000-8-17;15;0;18;3;Prospect Tournament;1;0;0;20116
0;2000-8-17;5;2;24;0;Prospect Tournament;1;0;0;20056
0;2000-8-17;9;1;20;7;Prospect Tournament;1;0;0;20102
0;2000-8-17;224;1;19;1;Prospect Tournament;1;1;0;20117
0;2000-8-17;217;6;12;4;Prospect Tournament;1;0;0;20057
0;2000-8-17;227;3;14;0;Prospect Tournament;1;0;0;20058
0;2000-8-18;3;6;8;3;Prospect Tournament;1;0;0;20074
0;2000-8-18;9;0;11;3;Prospect Tournament;1;0;0;20106
0;2000-8-18;216;0;16;6;Prospect Tournament;1;0;0;20105
0;2000-8-18;0;6;10;0;Prospect Tournament;1;0;0;20076
0;2000-8-18;230;9;23;1;Prospect Tournament;1;0;0;20075
0;2000-8-18;5;0;12;5;Prospect Tournament;1;0;0;20059
0;2000-8-18;24;3;14;2;Prospect Tournament;1;0;0;20060
0;2000-8-18;217;3;227;4;Prospect Tournament;1;0;0;20061
0;2000-8-18;21;5;214;0;Prospect Tournament;1;0;0;20091
0;2000-8-18;25;1;26;2;Prospect Tournament;1;0;0;20089
0;2000-8-18;224;4;220;2;Prospect Tournament;1;0;0;20121
0;2000-8-18;229;2;221;1;Prospect Tournament;1;0;0;20090
0;2000-8-18;18;3;17;4;Prospect Tournament;1;0;0;20120
0;2000-8-18;22;1;20;1;Prospect Tournament;1;1;0;20104
0;2000-8-18;15;1;19;4;Prospect Tournament;1;0;0;20119
0;2000-9-20;9;0;10;7;Pre-Season;1;0;0;19856
0;2000-9-20;25;4;14;7;Pre-Season;1;0;0;19858
0;2000-9-20;17;7;230;2;Pre-Season;1;0;0;19862
0;2000-9-20;227;2;220;7;Pre-Season;1;0;0;19854
0;2000-9-20;5;2;23;2;Pre-Season;1;1;0;19864
0;2000-9-20;217;4;8;3;Pre-Season;1;0;0;19860
0;2000-9-20;16;6;11;0;Pre-Season;1;0;0;19840
0;2000-9-20;19;4;20;2;Pre-Season;1;0;0;19866
0;2000-9-20;21;5;26;0;Pre-Season;1;0;0;19842
0;2000-9-20;224;2;214;1;Pre-Season;1;1;0;19852
0;2000-9-20;0;3;18;1;Pre-Season;1;0;0;19844
0;2000-9-20;216;9;24;0;Pre-Season;1;0;0;19848
0;2000-9-20;229;3;12;2;Pre-Season;1;1;0;19850
0;2000-9-20;3;2;221;2;Pre-Season;1;1;0;19846
0;2000-9-20;15;5;22;3;Pre-Season;1;0;0;19838
0;2000-9-21;26;7;11;4;Pre-Season;1;0;0;19882
0;2000-9-21;18;1;5;2;Pre-Season;1;0;0;19884
0;2000-9-21;0;2;216;5;Pre-Season;1;0;0;19880
0;2000-9-21;214;3;221;5;Pre-Season;1;0;0;19886
0;2000-9-21;230;2;3;2;Pre-Season;1;1;0;19890
0;2000-9-21;20;6;24;0;Pre-Season;1;0;0;19892
0;2000-9-21;8;6;15;1;Pre-Season;1;0;0;19888
0;2000-9-21;227;0;17;4;Pre-Season;1;0;0;19894
0;2000-9-21;10;0;224;3;Pre-Season;1;0;0;19896
0;2000-9-21;220;2;23;2;Pre-Season;1;1;0;19868
0;2000-9-21;229;0;21;5;Pre-Season;1;0;0;19870
0;2000-9-21;19;2;217;3;Pre-Season;1;0;0;19878
0;2000-9-21;22;6;16;4;Pre-Season;1;0;0;19876
0;2000-9-21;14;3;9;1;Pre-Season;1;0;0;19872
0;2000-9-21;12;2;25;3;Pre-Season;1;1;0;19874
0;2000-9-23;24;0;0;4;Pre-Season;1;0;0;19916
0;2000-9-23;21;5;227;0;Pre-Season;1;0;0;19918
0;2000-9-23;16;4;20;1;Pre-Season;1;0;0;19920
0;2000-9-23;25;7;5;2;Pre-Season;1;0;0;19922
0;2000-9-23;9;1;19;0;Pre-Season;1;0;0;19924
0;2000-9-23;3;0;18;6;Pre-Season;1;0;0;19900
0;2000-9-23;230;2;214;5;Pre-Season;1;0;0;19914
0;2000-9-23;26;2;12;3;Pre-Season;1;0;0;19902
0;2000-9-23;216;3;10;1;Pre-Season;1;0;0;19912
0;2000-9-23;221;5;8;0;Pre-Season;1;0;0;19904
0;2000-9-23;23;3;17;6;Pre-Season;1;0;0;19908
0;2000-9-23;15;3;220;4;Pre-Season;1;0;0;19910
0;2000-9-23;217;3;224;3;Pre-Season;1;1;0;19906
0;2000-9-23;14;3;229;5;Pre-Season;1;0;0;19898
0;2000-9-23;11;0;22;3;Pre-Season;1;0;0;19926
0;2000-9-24;18;0;221;0;Pre-Season;0;0;0;19940
0;2000-9-24;3;0;14;0;Pre-Season;0;0;0;19938
0;2000-9-24;19;0;11;0;Pre-Season;0;0;0;19934
0;2000-9-24;0;0;227;0;Pre-Season;0;0;0;19932
0;2000-9-24;22;0;230;0;Pre-Season;0;0;0;19930
0;2000-9-24;8;0;217;0;Pre-Season;0;0;0;19942
0;2000-9-24;224;0;216;0;Pre-Season;0;0;0;19936
0;2000-9-24;24;0;9;0;Pre-Season;0;0;0;19952
0;2000-9-24;23;0;26;0;Pre-Season;0;0;0;19954
0;2000-9-24;5;0;16;0;Pre-Season;0;0;0;19944
0;2000-9-24;25;0;21;0;Pre-Season;0;0;0;19956
0;2000-9-24;17;0;12;0;Pre-Season;0;0;0;19928
0;2000-9-24;214;0;220;0;Pre-Season;0;0;0;19948
0;2000-9-24;20;0;15;0;Pre-Season;0;0;0;19946
0;2000-9-24;10;0;229;0;Pre-Season;0;0;0;19950
0;2000-9-26;12;0;20;0;Pre-Season;0;0;0;19978
0;2000-9-26;15;0;25;0;Pre-Season;0;0;0;19980
0;2000-9-26;227;0;21;0;Pre-Season;0;0;0;19984
0;2000-9-26;217;0;8;0;Pre-Season;0;0;0;19976
0;2000-9-26;14;0;23;0;Pre-Season;0;0;0;19986
0;2000-9-26;3;0;18;0;Pre-Season;0;0;0;19982
0;2000-9-26;9;0;17;0;Pre-Season;0;0;0;19958
0;2000-9-26;221;0;10;0;Pre-Season;0;0;0;19960
0;2000-9-26;229;0;11;0;Pre-Season;0;0;0;19962
0;2000-9-26;5;0;22;0;Pre-Season;0;0;0;19974
0;2000-9-26;230;0;24;0;Pre-Season;0;0;0;19964
0;2000-9-26;220;0;0;0;Pre-Season;0;0;0;19966
0;2000-9-26;26;0;214;0;Pre-Season;0;0;0;19972
0;2000-9-26;16;0;224;0;Pre-Season;0;0;0;19968
0;2000-9-26;216;0;19;0;Pre-Season;0;0;0;19970
0;2000-9-28;19;0;0;0;Pre-Season;0;0;0;20016
0;2000-9-28;26;0;227;0;Pre-Season;0;0;0;20004
0;2000-9-28;25;0;230;0;Pre-Season;0;0;0;20002
0;2000-9-28;224;0;10;0;Pre-Season;0;0;0;20006
0;2000-9-28;221;0;16;0;Pre-Season;0;0;0;20012
0;2000-9-28;216;0;14;0;Pre-Season;0;0;0;20014
0;2000-9-28;15;0;9;0;Pre-Season;0;0;0;20010
0;2000-9-28;214;0;22;0;Pre-Season;0;0;0;20008
0;2000-9-28;8;0;5;0;Pre-Season;0;0;0;19988
0;2000-9-28;11;0;217;0;Pre-Season;0;0;0;19990
0;2000-9-28;23;0;12;0;Pre-Season;0;0;0;19992
0;2000-9-28;18;0;220;0;Pre-Season;0;0;0;20000
0;2000-9-28;20;0;3;0;Pre-Season;0;0;0;19996
0;2000-9-28;17;0;21;0;Pre-Season;0;0;0;19998
0;2000-9-28;24;0;229;0;Pre-Season;0;0;0;19994
0;2000-9-29;230;0;0;0;Pre-Season;0;0;0;20038
0;2000-9-29;229;0;224;0;Pre-Season;0;0;0;20036
0;2000-9-29;221;0;20;0;Pre-Season;0;0;0;20040
0;2000-9-29;10;0;18;0;Pre-Season;0;0;0;20042
0;2000-9-29;5;0;11;0;Pre-Season;0;0;0;20044
0;2000-9-29;12;0;3;0;Pre-Season;0;0;0;20046
0;2000-9-29;25;0;8;0;Pre-Season;0;0;0;20034
0;2000-9-29;214;0;26;0;Pre-Season;0;0;0;20020
0;2000-9-29;227;0;15;0;Pre-Season;0;0;0;20018
0;2000-9-29;22;0;24;0;Pre-Season;0;0;0;20022
0;2000-9-29;14;0;19;0;Pre-Season;0;0;0;20032
0;2000-9-29;16;0;23;0;Pre-Season;0;0;0;20024
0;2000-9-29;21;0;216;0;Pre-Season;0;0;0;20028
0;2000-9-29;217;0;17;0;Pre-Season;0;0;0;20030
0;2000-9-29;220;0;9;0;Pre-Season;0;0;0;20026
0;2000-10-4;8;0;214;0;Regular Season;0;0;0;18732
0;2000-10-4;15;0;217;0;Regular Season;0;0;0;18669
0;2000-10-4;220;0;26;0;Regular Season;0;0;0;18610
0;2000-10-4;17;0;25;0;Regular Season;0;0;0;18611
0;2000-10-4;230;0;12;0;Regular Season;0;0;0;18630
0;2000-10-4;9;0;229;0;Regular Season;0;0;0;18608
0;2000-10-4;19;0;21;0;Regular Season;0;0;0;18612
0;2000-10-4;10;0;14;0;Regular Season;0;0;0;18617
0;2000-10-4;3;0;20;0;Regular Season;0;0;0;19792
0;2000-10-4;5;0;221;0;Regular Season;0;0;0;18620
0;2000-10-5;22;0;0;0;Regular Season;0;0;0;18607
0;2000-10-5;11;0;26;0;Regular Season;0;0;0;18613
0;2000-10-5;25;0;217;0;Regular Season;0;0;0;18618
0;2000-10-5;24;0;216;0;Regular Season;0;0;0;18624
0;2000-10-5;224;0;227;0;Regular Season;0;0;0;19614
0;2000-10-5;5;0;18;0;Regular Season;0;0;0;18629
0;2000-10-5;8;0;23;0;Regular Season;0;0;0;18667
0;2000-10-5;21;0;15;0;Regular Season;0;0;0;18645
0;2000-10-5;20;0;16;0;Regular Season;0;0;0;18643
0;2000-10-6;229;0;9;0;Regular Season;0;0;0;18623
0;2000-10-6;214;0;23;0;Regular Season;0;0;0;18766
0;2000-10-6;24;0;16;0;Regular Season;0;0;0;18625
0;2000-10-6;221;0;216;0;Regular Season;0;0;0;18632
0;2000-10-6;18;0;227;0;Regular Season;0;0;0;18621
0;2000-10-6;19;0;11;0;Regular Season;0;0;0;18615
0;2000-10-6;14;0;22;0;Regular Season;0;0;0;18707
0;2000-10-6;3;0;230;0;Regular Season;0;0;0;18758
0;2000-10-6;224;0;220;0;Regular Season;0;0;0;18619
0;2000-10-6;10;0;17;0;Regular Season;0;0;0;18609
0;2000-10-7;25;0;8;0;Regular Season;0;0;0;19833
0;2000-10-7;17;0;3;0;Regular Season;0;0;0;18614
0;2000-10-7;221;0;229;0;Regular Season;0;0;0;18631
0;2000-10-7;10;0;20;0;Regular Season;0;0;0;18626
0;2000-10-7;12;0;26;0;Regular Season;0;0;0;18622
0;2000-10-7;0;0;21;0;Regular Season;0;0;0;18653
0;2000-10-8;24;0;227;0;Regular Season;0;0;0;18660
0;2000-10-8;9;0;19;0;Regular Season;0;0;0;18635
0;2000-10-8;217;0;14;0;Regular Season;0;0;0;18718
0;2000-10-8;12;0;220;0;Regular Season;0;0;0;18638
0;2000-10-8;16;0;5;0;Regular Season;0;0;0;18633
0;2000-10-8;0;0;8;0;Regular Season;0;0;0;18627
0;2000-10-8;224;0;216;0;Regular Season;0;0;0;18654
0;2000-10-8;20;0;230;0;Regular Season;0;0;0;18747
0;2000-10-8;23;0;22;0;Regular Season;0;0;0;18741
0;2000-10-8;25;0;18;0;Regular Season;0;0;0;18659
0;2000-10-8;15;0;214;0;Regular Season;0;0;0;19032
0;2000-10-9;214;0;3;0;Regular Season;0;0;0;19775
0;2000-10-9;16;0;17;0;Regular Season;0;0;0;18616
0;2000-10-9;23;0;229;0;Regular Season;0;0;0;18708
0;2000-10-9;21;0;14;0;Regular Season;0;0;0;18723
0;2000-10-9;15;0;10;0;Regular Season;0;0;0;18677
0;2000-10-10;224;0;9;0;Regular Season;0;0;0;18655
0;2000-10-10;216;0;3;0;Regular Season;0;0;0;18646
0;2000-10-10;220;0;20;0;Regular Season;0;0;0;18639
0;2000-10-10;227;0;26;0;Regular Season;0;0;0;18637
0;2000-10-10;11;0;5;0;Regular Season;0;0;0;18644
0;2000-10-10;217;0;25;0;Regular Season;0;0;0;18686
0;2000-10-10;12;0;229;0;Regular Season;0;0;0;18664
0;2000-10-10;19;0;8;0;Regular Season;0;0;0;18641
0;2000-10-10;21;0;18;0;Regular Season;0;0;0;18691
0;2000-10-10;22;0;221;0;Regular Season;0;0;0;18693
0;2000-10-10;0;0;24;0;Regular Season;0;0;0;18663
0;2000-10-11;24;0;227;0;Regular Season;0;0;0;18665
0;2000-10-11;14;0;230;0;Regular Season;0;0;0;18820
0;2000-10-11;12;0;15;0;Regular Season;0;0;0;18720
0;2000-10-11;11;0;221;0;Regular Season;0;0;0;18682
0;2000-10-11;224;0;17;0;Regular Season;0;0;0;18640
0;2000-10-11;25;0;23;0;Regular Season;0;0;0;18726
0;2000-10-12;216;0;15;0;Regular Season;0;0;0;18673
0;2000-10-12;18;0;16;0;Regular Season;0;0;0;18634
0;2000-10-12;230;0;19;0;Regular Season;0;0;0;18658
0;2000-10-12;0;0;217;0;Regular Season;0;0;0;18674
0;2000-10-12;8;0;10;0;Regular Season;0;0;0;18657
0;2000-10-12;23;0;21;0;Regular Season;0;0;0;19798
0;2000-10-12;20;0;26;0;Regular Season;0;0;0;18650
0;2000-10-12;17;0;5;0;Regular Season;0;0;0;18628
0;2000-10-12;9;0;214;0;Regular Season;0;0;0;18767
0;2000-10-13;214;0;14;0;Regular Season;0;0;0;19001
0;2000-10-13;224;0;5;0;Regular Season;0;0;0;18652
0;2000-10-13;220;0;8;0;Regular Season;0;0;0;18642
0;2000-10-13;216;0;22;0;Regular Season;0;0;0;18636
0;2000-10-13;12;0;11;0;Regular Season;0;0;0;18729
0;2000-10-13;10;0;221;0;Regular Season;0;0;0;18692
0;2000-10-13;229;0;227;0;Regular Season;0;0;0;18668
0;2000-10-14;22;0;16;0;Regular Season;0;0;0;18648
0;2000-10-14;17;0;221;0;Regular Season;0;0;0;19788
0;2000-10-14;21;0;20;0;Regular Season;0;0;0;18670
0;2000-10-14;217;0;26;0;Regular Season;0;0;0;18656
0;2000-10-14;11;0;19;0;Regular Season;0;0;0;18772
0;2000-10-14;220;0;24;0;Regular Season;0;0;0;18661
0;2000-10-14;12;0;18;0;Regular Season;0;0;0;19808
0;2000-10-15;14;0;217;0;Regular Season;0;0;0;19834
0;2000-10-15;23;0;230;0;Regular Season;0;0;0;18910
0;2000-10-15;25;0;18;0;Regular Season;0;0;0;18689
0;2000-10-15;3;0;214;0;Regular Season;0;0;0;19554
0;2000-10-15;9;0;0;0;Regular Season;0;0;0;18757
0;2000-10-16;12;0;26;0;Regular Season;0;0;0;18681
0;2000-10-16;9;0;221;0;Regular Season;0;0;0;19350
0;2000-10-16;11;0;21;0;Regular Season;0;0;0;18784
0;2000-10-16;24;0;20;0;Regular Season;0;0;0;18688
0;2000-10-16;224;0;15;0;Regular Season;0;0;0;18675
0;2000-10-16;5;0;17;0;Regular Season;0;0;0;18647
0;2000-10-16;0;0;16;0;Regular Season;0;0;0;18671
0;2000-10-17;26;0;16;0;Regular Season;0;0;0;18651
0;2000-10-17;24;0;18;0;Regular Season;0;0;0;18683
0;2000-10-17;214;0;220;0;Regular Season;0;0;0;18782
0;2000-10-17;3;0;8;0;Regular Season;0;0;0;18662
0;2000-10-17;216;0;21;0;Regular Season;0;0;0;18700
0;2000-10-17;5;0;230;0;Regular Season;0;0;0;18680
0;2000-10-17;14;0;227;0;Regular Season;0;0;0;18704
0;2000-10-17;20;0;217;0;Regular Season;0;0;0;18679
0;2000-10-17;224;0;25;0;Regular Season;0;0;0;18666
0;2000-10-18;216;0;15;0;Regular Season;0;0;0;18703
0;2000-10-18;9;0;220;0;Regular Season;0;0;0;19778
0;2000-10-18;10;0;227;0;Regular Season;0;0;0;18705
0;2000-10-18;22;0;14;0;Regular Season;0;0;0;18725
0;2000-10-18;12;0;17;0;Regular Season;0;0;0;18649
0;2000-10-18;217;0;19;0;Regular Season;0;0;0;18749
0;2000-10-19;19;0;23;0;Regular Season;0;0;0;18894
0;2000-10-19;10;0;3;0;Regular Season;0;0;0;18722
0;2000-10-19;8;0;221;0;Regular Season;0;0;0;18676
0;2000-10-19;17;0;230;0;Regular Season;0;0;0;18713
0;2000-10-19;12;0;214;0;Regular Season;0;0;0;19074
0;2000-10-19;26;0;24;0;Regular Season;0;0;0;18687
0;2000-10-19;25;0;20;0;Regular Season;0;0;0;18698
0;2000-10-19;9;0;21;0;Regular Season;0;0;0;19143
0;2000-10-19;0;0;18;0;Regular Season;0;0;0;18710
0;2000-10-19;229;0;5;0;Regular Season;0;0;0;18695
0;2000-10-19;11;0;16;0;Regular Season;0;0;0;19797
0;2000-10-20;20;0;24;0;Regular Season;0;0;0;19811
0;2000-10-20;3;0;11;0;Regular Season;0;0;0;18783
0;2000-10-20;26;0;21;0;Regular Season;0;0;0;19825
0;2000-10-20;18;0;23;0;Regular Season;0;0;0;18712
0;2000-10-20;15;0;229;0;Regular Season;0;0;0;18711
0;2000-10-20;224;0;16;0;Regular Season;0;0;0;18678
0;2000-10-20;22;0;217;0;Regular Season;0;0;0;18739
0;2000-10-20;220;0;227;0;Regular Season;0;0;0;18714
0;2000-10-20;216;0;0;0;Regular Season;0;0;0;18752
0;2000-10-20;230;0;25;0;Regular Season;0;0;0;18717
0;2000-10-21;8;0;12;0;Regular Season;0;0;0;18672
0;2000-10-21;22;0;220;0;Regular Season;0;0;0;18776
0;2000-10-21;221;0;214;0;Regular Season;0;0;0;19317
0;2000-10-21;216;0;17;0;Regular Season;0;0;0;19807
0;2000-10-21;19;0;14;0;Regular Season;0;0;0;18815
0;2000-10-22;229;0;11;0;Regular Season;0;0;0;18716
0;2000-10-22;25;0;19;0;Regular Season;0;0;0;19713
0;2000-10-22;23;0;10;0;Regular Season;0;0;0;18774
0;2000-10-23;9;0;3;0;Regular Season;0;0;0;18823
0;2000-10-23;24;0;12;0;Regular Season;0;0;0;18738
0;2000-10-23;8;0;227;0;Regular Season;0;0;0;18684
0;2000-10-23;220;0;214;0;Regular Season;0;0;0;18807
0;2000-10-23;230;0;21;0;Regular Season;0;0;0;18755
0;2000-10-23;20;0;15;0;Regular Season;0;0;0;18785
0;2000-10-23;25;0;26;0;Regular Season;0;0;0;18701
0;2000-10-23;18;0;22;0;Regular Season;0;0;0;18733
0;2000-10-23;5;0;11;0;Regular Season;0;0;0;18709
0;2000-10-23;221;0;16;0;Regular Season;0;0;0;18694
0;2000-10-24;227;0;220;0;Regular Season;0;0;0;18721
0;2000-10-24;15;0;217;0;Regular Season;0;0;0;18730
0;2000-10-24;0;0;214;0;Regular Season;0;0;0;18876
0;2000-10-24;216;0;20;0;Regular Season;0;0;0;18731
0;2000-10-24;26;0;23;0;Regular Season;0;0;0;18699
0;2000-10-24;3;0;221;0;Regular Season;0;0;0;18848
0;2000-10-24;12;0;16;0;Regular Season;0;0;0;18685
0;2000-10-24;229;0;8;0;Regular Season;0;0;0;18903
0;2000-10-24;10;0;5;0;Regular Season;0;0;0;18706
0;2000-10-24;224;0;21;0;Regular Season;0;0;0;18715
0;2000-10-25;17;0;23;0;Regular Season;0;0;0;18727
0;2000-10-25;22;0;25;0;Regular Season;0;0;0;19822
0;2000-10-25;18;0;216;0;Regular Season;0;0;0;18742
0;2000-10-25;229;0;10;0;Regular Season;0;0;0;19133
0;2000-10-25;11;0;230;0;Regular Season;0;0;0;18734
0;2000-10-26;21;0;22;0;Regular Season;0;0;0;18762
0;2000-10-26;227;0;11;0;Regular Season;0;0;0;18724
0;2000-10-26;8;0;12;0;Regular Season;0;0;0;18696
0;2000-10-26;220;0;9;0;Regular Season;0;0;0;18854
0;2000-10-26;24;0;14;0;Regular Season;0;0;0;18697
0;2000-10-26;17;0;15;0;Regular Season;0;0;0;18735
0;2000-10-26;230;0;5;0;Regular Season;0;0;0;18702
0;2000-10-26;3;0;19;0;Regular Season;0;0;0;18942
0;2000-10-26;224;0;217;0;Regular Season;0;0;0;18690
0;2000-10-26;16;0;214;0;Regular Season;0;0;0;18771
0;2000-10-27;10;0;9;0;Regular Season;0;0;0;18901
0;2000-10-27;216;0;0;0;Regular Season;0;0;0;18809
0;2000-10-27;14;0;25;0;Regular Season;0;0;0;18740
0;2000-10-27;217;0;221;0;Regular Season;0;0;0;18798
0;2000-10-27;19;0;20;0;Regular Season;0;0;0;18804
0;2000-10-28;24;0;22;0;Regular Season;0;0;0;18736
0;2000-10-28;12;0;221;0;Regular Season;0;0;0;19799
0;2000-10-28;11;0;3;0;Regular Season;0;0;0;19754
0;2000-10-28;224;0;18;0;Regular Season;0;0;0;18737
0;2000-10-28;26;0;17;0;Regular Season;0;0;0;18743
0;2000-10-28;25;0;23;0;Regular Season;0;0;0;18748
0;2000-10-29;14;0;229;0;Regular Season;0;0;0;18745
0;2000-10-29;0;0;19;0;Regular Season;0;0;0;19796
0;2000-10-29;10;0;18;0;Regular Season;0;0;0;19827
0;2000-10-29;24;0;15;0;Regular Season;0;0;0;19832
0;2000-10-29;5;0;214;0;Regular Season;0;0;0;19519
0;2000-10-30;17;0;229;0;Regular Season;0;0;0;18750
0;2000-10-30;26;0;9;0;Regular Season;0;0;0;18790
0;2000-10-30;10;0;221;0;Regular Season;0;0;0;19804
0;2000-10-30;220;0;230;0;Regular Season;0;0;0;18763
0;2000-10-30;15;0;25;0;Regular Season;0;0;0;18814
0;2000-10-30;5;0;217;0;Regular Season;0;0;0;18719
0;2000-10-30;0;0;20;0;Regular Season;0;0;0;18973
0;2000-10-30;3;0;23;0;Regular Season;0;0;0;19801
0;2000-10-31;21;0;224;0;Regular Season;0;0;0;18791
0;2000-10-31;24;0;221;0;Regular Season;0;0;0;18778
0;2000-10-31;16;0;26;0;Regular Season;0;0;0;18796
0;2000-10-31;20;0;18;0;Regular Season;0;0;0;18744
0;2000-10-31;216;0;11;0;Regular Season;0;0;0;18761
0;2000-10-31;12;0;9;0;Regular Season;0;0;0;18754
0;2000-10-31;8;0;3;0;Regular Season;0;0;0;18918
0;2000-10-31;14;0;217;0;Regular Season;0;0;0;18805
0;2000-10-31;22;0;227;0;Regular Season;0;0;0;18760
0;2000-11-1;10;0;11;0;Regular Season;0;0;0;18870
0;2000-11-1;12;0;5;0;Regular Season;0;0;0;18756
0;2000-11-1;229;0;23;0;Regular Season;0;0;0;18753
0;2000-11-1;214;0;0;0;Regular Season;0;0;0;18989
0;2000-11-1;8;0;18;0;Regular Season;0;0;0;18759
0;2000-11-1;21;0;17;0;Regular Season;0;0;0;18800
0;2000-11-1;16;0;22;0;Regular Season;0;0;0;18764
0;2000-11-1;224;0;220;0;Regular Season;0;0;0;18765
0;2000-11-2;15;0;10;0;Regular Season;0;0;0;18806
0;2000-11-2;220;0;25;0;Regular Season;0;0;0;18826
0;2000-11-2;0;0;20;0;Regular Season;0;0;0;19003
0;2000-11-2;216;0;14;0;Regular Season;0;0;0;18808
0;2000-11-2;19;0;3;0;Regular Season;0;0;0;19700
0;2000-11-2;229;0;9;0;Regular Season;0;0;0;19813
0;2000-11-2;230;0;26;0;Regular Season;0;0;0;18768
0;2000-11-2;217;0;24;0;Regular Season;0;0;0;18797
0;2000-11-3;25;0;11;0;Regular Season;0;0;0;18841
0;2000-11-3;5;0;227;0;Regular Season;0;0;0;18728
0;2000-11-3;221;0;22;0;Regular Season;0;0;0;18777
0;2000-11-3;230;0;24;0;Regular Season;0;0;0;18794
0;2000-11-3;23;0;214;0;Regular Season;0;0;0;19152
0;2000-11-3;9;0;18;0;Regular Season;0;0;0;18769
0;2000-11-3;19;0;8;0;Regular Season;0;0;0;19136
0;2000-11-4;227;0;21;0;Regular Season;0;0;0;18746
0;2000-11-4;14;0;16;0;Regular Season;0;0;0;18878
0;2000-11-4;216;0;10;0;Regular Season;0;0;0;18907
0;2000-11-4;17;0;224;0;Regular Season;0;0;0;18818
0;2000-11-4;229;0;15;0;Regular Season;0;0;0;18812
0;2000-11-4;221;0;23;0;Regular Season;0;0;0;19105
0;2000-11-5;18;0;220;0;Regular Season;0;0;0;19332
0;2000-11-5;0;0;216;0;Regular Season;0;0;0;19818
0;2000-11-5;24;0;230;0;Regular Season;0;0;0;19322
0;2000-11-5;214;0;12;0;Regular Season;0;0;0;18751
0;2000-11-6;229;0;8;0;Regular Season;0;0;0;18822
0;2000-11-6;25;0;12;0;Regular Season;0;0;0;18773
0;2000-11-6;227;0;10;0;Regular Season;0;0;0;18801
0;2000-11-6;5;0;26;0;Regular Season;0;0;0;18770
0;2000-11-6;17;0;14;0;Regular Season;0;0;0;18846
0;2000-11-6;23;0;19;0;Regular Season;0;0;0;19835
0;2000-11-6;0;0;224;0;Regular Season;0;0;0;18887
0;2000-11-6;221;0;3;0;Regular Season;0;0;0;19383
0;2000-11-6;214;0;16;0;Regular Season;0;0;0;18947
0;2000-11-6;9;0;230;0;Regular Season;0;0;0;18792
0;2000-11-6;11;0;220;0;Regular Season;0;0;0;18832
0;2000-11-7;23;0;224;0;Regular Season;0;0;0;18819
0;2000-11-7;21;0;221;0;Regular Season;0;0;0;19820
0;2000-11-7;19;0;18;0;Regular Season;0;0;0;18829
0;2000-11-7;24;0;26;0;Regular Season;0;0;0;18803
0;2000-11-7;9;0;216;0;Regular Season;0;0;0;18810
0;2000-11-7;5;0;15;0;Regular Season;0;0;0;18780
0;2000-11-7;16;0;8;0;Regular Season;0;0;0;18891
0;2000-11-7;14;0;227;0;Regular Season;0;0;0;18789
0;2000-11-7;22;0;217;0;Regular Season;0;0;0;18788
0;2000-11-8;230;0;220;0;Regular Season;0;0;0;18813
0;2000-11-8;25;0;10;0;Regular Season;0;0;0;18849
0;2000-11-8;214;0;20;0;Regular Season;0;0;0;19091
0;2000-11-8;217;0;24;0;Regular Season;0;0;0;18824
0;2000-11-8;22;0;0;0;Regular Season;0;0;0;18795
0;2000-11-9;230;0;0;0;Regular Season;0;0;0;18865
0;2000-11-9;227;0;216;0;Regular Season;0;0;0;18827
0;2000-11-9;20;0;10;0;Regular Season;0;0;0;19017
0;2000-11-9;15;0;8;0;Regular Season;0;0;0;18868
0;2000-11-9;26;0;214;0;Regular Season;0;0;0;18843
0;2000-11-9;5;0;21;0;Regular Season;0;0;0;18775
0;2000-11-9;17;0;12;0;Regular Season;0;0;0;18779
0;2000-11-9;224;0;23;0;Regular Season;0;0;0;18831
0;2000-11-10;9;0;16;0;Regular Season;0;0;0;19452
0;2000-11-10;14;0;17;0;Regular Season;0;0;0;18834
0;2000-11-10;19;0;24;0;Regular Season;0;0;0;18835
0;2000-11-10;25;0;18;0;Regular Season;0;0;0;18821
0;2000-11-10;12;0;229;0;Regular Season;0;0;0;18786
0;2000-11-10;21;0;15;0;Regular Season;0;0;0;18840
0;2000-11-10;3;0;22;0;Regular Season;0;0;0;18799
0;2000-11-11;11;0;9;0;Regular Season;0;0;0;18793
0;2000-11-11;229;0;216;0;Regular Season;0;0;0;18874
0;2000-11-11;220;0;224;0;Regular Season;0;0;0;18853
0;2000-11-11;230;0;214;0;Regular Season;0;0;0;19819
0;2000-11-11;23;0;16;0;Regular Season;0;0;0;18949
0;2000-11-11;19;0;221;0;Regular Season;0;0;0;19323
0;2000-11-11;3;0;217;0;Regular Season;0;0;0;18825
0;2000-11-12;10;0;17;0;Regular Season;0;0;0;19545
0;2000-11-12;21;0;11;0;Regular Season;0;0;0;18828
0;2000-11-12;5;0;12;0;Regular Season;0;0;0;19802
0;2000-11-12;18;0;0;0;Regular Season;0;0;0;18830
0;2000-11-13;3;0;216;0;Regular Season;0;0;0;19824
0;2000-11-13;25;0;19;0;Regular Season;0;0;0;18845
0;2000-11-13;230;0;16;0;Regular Season;0;0;0;18866
0;2000-11-13;22;0;229;0;Regular Season;0;0;0;18817
0;2000-11-13;15;0;224;0;Regular Season;0;0;0;18867
0;2000-11-13;26;0;217;0;Regular Season;0;0;0;18833
0;2000-11-13;21;0;20;0;Regular Season;0;0;0;18971
0;2000-11-13;14;0;10;0;Regular Season;0;0;0;18934
0;2000-11-14;216;0;5;0;Regular Season;0;0;0;18802
0;2000-11-14;11;0;18;0;Regular Season;0;0;0;18839
0;2000-11-14;19;0;15;0;Regular Season;0;0;0;18885
0;2000-11-14;3;0;220;0;Regular Season;0;0;0;18856
0;2000-11-14;227;0;22;0;Regular Season;0;0;0;18842
0;2000-11-14;23;0;12;0;Regular Season;0;0;0;18855
0;2000-11-14;25;0;0;0;Regular Season;0;0;0;18862
0;2000-11-14;14;0;224;0;Regular Season;0;0;0;18872
0;2000-11-14;26;0;8;0;Regular Season;0;0;0;18875
0;2000-11-14;9;0;20;0;Regular Season;0;0;0;19065
0;2000-11-15;24;0;217;0;Regular Season;0;0;0;18836
0;2000-11-15;8;0;229;0;Regular Season;0;0;0;18908
0;2000-11-15;221;0;21;0;Regular Season;0;0;0;19132
0;2000-11-15;214;0;9;0;Regular Season;0;0;0;19480
0;2000-11-16;12;0;214;0;Regular Season;0;0;0;18787
0;2000-11-16;11;0;24;0;Regular Season;0;0;0;18859
0;2000-11-16;217;0;220;0;Regular Season;0;0;0;18837
0;2000-11-16;16;0;15;0;Regular Season;0;0;0;18888
0;2000-11-16;17;0;216;0;Regular Season;0;0;0;18881
0;2000-11-16;229;0;0;0;Regular Season;0;0;0;18936
0;2000-11-16;18;0;23;0;Regular Season;0;0;0;18850
0;2000-11-16;20;0;22;0;Regular Season;0;0;0;18847
0;2000-11-16;10;0;5;0;Regular Season;0;0;0;18781
0;2000-11-16;221;0;227;0;Regular Season;0;0;0;18844
0;2000-11-17;230;0;18;0;Regular Season;0;0;0;18929
0;2000-11-17;14;0;11;0;Regular Season;0;0;0;18880
0;2000-11-17;17;0;26;0;Regular Season;0;0;0;18932
0;2000-11-17;0;0;5;0;Regular Season;0;0;0;18811
0;2000-11-17;224;0;8;0;Regular Season;0;0;0;18912
0;2000-11-17;19;0;220;0;Regular Season;0;0;0;18857
0;2000-11-18;12;0;216;0;Regular Season;0;0;0;18816
0;2000-11-18;221;0;24;0;Regular Season;0;0;0;18861
0;2000-11-18;3;0;227;0;Regular Season;0;0;0;18864
0;2000-11-18;26;0;224;0;Regular Season;0;0;0;19603
0;2000-11-18;230;0;10;0;Regular Season;0;0;0;18925
0;2000-11-18;20;0;229;0;Regular Season;0;0;0;19836
0;2000-11-19;16;0;23;0;Regular Season;0;0;0;18995
0;2000-11-19;9;0;11;0;Regular Season;0;0;0;19828
0;2000-11-19;17;0;21;0;Regular Season;0;0;0;19054
0;2000-11-19;8;0;0;0;Regular Season;0;0;0;19806
0;2000-11-19;25;0;3;0;Regular Season;0;0;0;18883
0;2000-11-20;18;0;230;0;Regular Season;0;0;0;18950
0;2000-11-20;19;0;26;0;Regular Season;0;0;0;18905
0;2000-11-20;227;0;20;0;Regular Season;0;0;0;18879
0;2000-11-20;12;0;16;0;Regular Season;0;0;0;18964
0;2000-11-20;14;0;0;0;Regular Season;0;0;0;19009
0;2000-11-20;217;0;221;0;Regular Season;0;0;0;18860
0;2000-11-21;20;0;14;0;Regular Season;0;0;0;19164
0;2000-11-21;221;0;24;0;Regular Season;0;0;0;18884
0;2000-11-21;11;0;220;0;Regular Season;0;0;0;18873
0;2000-11-21;10;0;21;0;Regular Season;0;0;0;18974
0;2000-11-21;216;0;17;0;Regular Season;0;0;0;18921
0;2000-11-21;15;0;3;0;Regular Season;0;0;0;18897
0;2000-11-21;26;0;229;0;Regular Season;0;0;0;18961
0;2000-11-21;8;0;25;0;Regular Season;0;0;0;18893
0;2000-11-21;5;0;19;0;Regular Season;0;0;0;18863
0;2000-11-21;9;0;217;0;Regular Season;0;0;0;18935
0;2000-11-21;22;0;23;0;Regular Season;0;0;0;18852
0;2000-11-22;15;0;0;0;Regular Season;0;0;0;18911
0;2000-11-22;9;0;224;0;Regular Season;0;0;0;18922
0;2000-11-22;3;0;216;0;Regular Season;0;0;0;18915
0;2000-11-22;21;0;5;0;Regular Season;0;0;0;18838
0;2000-11-23;11;0;214;0;Regular Season;0;0;0;18937
0;2000-11-23;230;0;12;0;Regular Season;0;0;0;18914
0;2000-11-23;25;0;224;0;Regular Season;0;0;0;18896
0;2000-11-23;24;0;227;0;Regular Season;0;0;0;18926
0;2000-11-23;14;0;0;0;Regular Season;0;0;0;19157
0;2000-11-23;22;0;17;0;Regular Season;0;0;0;18858
0;2000-11-23;220;0;19;0;Regular Season;0;0;0;18877
0;2000-11-23;23;0;18;0;Regular Season;0;0;0;18930
0;2000-11-24;12;0;11;0;Regular Season;0;0;0;18931
0;2000-11-24;227;0;16;0;Regular Season;0;0;0;18958
0;2000-11-24;221;0;220;0;Regular Season;0;0;0;18895
0;2000-11-24;3;0;18;0;Regular Season;0;0;0;18956
0;2000-11-24;5;0;24;0;Regular Season;0;0;0;18851
0;2000-11-24;8;0;26;0;Regular Season;0;0;0;19015
0;2000-11-24;22;0;17;0;Regular Season;0;0;0;18869
0;2000-11-24;230;0;229;0;Regular Season;0;0;0;19013
0;2000-11-24;216;0;217;0;Regular Season;0;0;0;18890
0;2000-11-25;9;0;10;0;Regular Season;0;0;0;18983
0;2000-11-25;214;0;8;0;Regular Season;0;0;0;19016
0;2000-11-25;25;0;23;0;Regular Season;0;0;0;18899
0;2000-11-25;21;0;229;0;Regular Season;0;0;0;19109
0;2000-11-25;15;0;26;0;Regular Season;0;0;0;18917
0;2000-11-25;16;0;19;0;Regular Season;0;0;0;19800
0;2000-11-26;10;0;224;0;Regular Season;0;0;0;18928
0;2000-11-26;20;0;214;0;Regular Season;0;0;0;19285
0;2000-11-27;5;0;16;0;Regular Season;0;0;0;18882
0;2000-11-27;230;0;217;0;Regular Season;0;0;0;19097
0;2000-11-27;26;0;25;0;Regular Season;0;0;0;19039
0;2000-11-27;11;0;19;0;Regular Season;0;0;0;18913
0;2000-11-27;227;0;8;0;Regular Season;0;0;0;18959
0;2000-11-27;216;0;224;0;Regular Season;0;0;0;18966
0;2000-11-27;220;0;22;0;Regular Season;0;0;0;18892
0;2000-11-27;9;0;24;0;Regular Season;0;0;0;18927
0;2000-11-27;221;0;15;0;Regular Season;0;0;0;18902
0;2000-11-28;14;0;10;0;Regular Season;0;0;0;19035
0;2000-11-28;15;0;16;0;Regular Season;0;0;0;18919
0;2000-11-28;20;0;22;0;Regular Season;0;0;0;18886
0;2000-11-28;0;0;5;0;Regular Season;0;0;0;18871
0;2000-11-28;19;0;230;0;Regular Season;0;0;0;18940
0;2000-11-28;25;0;17;0;Regular Season;0;0;0;18909
0;2000-11-28;227;0;221;0;Regular Season;0;0;0;18900
0;2000-11-28;26;0;220;0;Regular Season;0;0;0;18923
0;2000-11-28;214;0;24;0;Regular Season;0;0;0;18933
0;2000-11-28;8;0;229;0;Regular Season;0;0;0;19215
0;2000-11-29;18;0;12;0;Regular Season;0;0;0;18969
0;2000-11-29;3;0;17;0;Regular Season;0;0;0;18920
0;2000-11-29;23;0;216;0;Regular Season;0;0;0;18962
0;2000-11-30;23;0;24;0;Regular Season;0;0;0;18944
0;2000-11-30;22;0;11;0;Regular Season;0;0;0;18898
0;2000-11-30;26;0;227;0;Regular Season;0;0;0;18991
0;2000-11-30;8;0;224;0;Regular Season;0;0;0;18960
0;2000-11-30;229;0;3;0;Regular Season;0;0;0;18970
0;2000-11-30;221;0;14;0;Regular Season;0;0;0;18984
0;2000-11-30;214;0;12;0;Regular Season;0;0;0;19030
0;2000-11-30;10;0;0;0;Regular Season;0;0;0;19185
0;2000-12-1;217;0;20;0;Regular Season;0;0;0;19024
0;2000-12-1;5;0;10;0;Regular Season;0;0;0;18889
0;2000-12-1;214;0;216;0;Regular Season;0;0;0;18967
0;2000-12-1;220;0;18;0;Regular Season;0;0;0;18938
0;2000-12-1;230;0;25;0;Regular Season;0;0;0;19004
0;2000-12-1;9;0;11;0;Regular Season;0;0;0;18954
0;2000-12-1;19;0;229;0;Regular Season;0;0;0;19037
0;2000-12-2;21;0;12;0;Regular Season;0;0;0;19443
0;2000-12-2;217;0;9;0;Regular Season;0;0;0;18977
0;2000-12-2;3;0;14;0;Regular Season;0;0;0;19021
0;2000-12-2;221;0;230;0;Regular Season;0;0;0;19830
0;2000-12-2;18;0;20;0;Regular Season;0;0;0;19048
0;2000-12-2;23;0;15;0;Regular Season;0;0;0;18965
0;2000-12-2;16;0;224;0;Regular Season;0;0;0;18924
0;2000-12-3;17;0;0;0;Regular Season;0;0;0;18941
0;2000-12-4;26;0;224;0;Regular Season;0;0;0;19043
0;2000-12-4;23;0;227;0;Regular Season;0;0;0;18975
0;2000-12-4;22;0;21;0;Regular Season;0;0;0;18904
0;2000-12-4;5;0;17;0;Regular Season;0;0;0;18939
0;2000-12-4;15;0;3;0;Regular Season;0;0;0;18988
0;2000-12-4;220;0;19;0;Regular Season;0;0;0;18948
0;2000-12-4;229;0;20;0;Regular Season;0;0;0;19702
0;2000-12-5;16;0;18;0;Regular Season;0;0;0;18978
0;2000-12-5;221;0;25;0;Regular Season;0;0;0;18972
0;2000-12-5;11;0;220;0;Regular Season;0;0;0;18979
0;2000-12-5;14;0;22;0;Regular Season;0;0;0;18916
0;2000-12-5;15;0;216;0;Regular Season;0;0;0;18968
0;2000-12-5;229;0;24;0;Regular Season;0;0;0;18951
0;2000-12-5;20;0;10;0;Regular Season;0;0;0;19139
0;2000-12-5;12;0;3;0;Regular Season;0;0;0;19059
0;2000-12-5;214;0;26;0;Regular Season;0;0;0;19012
0;2000-12-5;0;0;217;0;Regular Season;0;0;0;19090
0;2000-12-6;9;0;227;0;Regular Season;0;0;0;18980
0;2000-12-6;230;0;14;0;Regular Season;0;0;0;19101
0;2000-12-7;224;0;16;0;Regular Season;0;0;0;18943
0;2000-12-7;221;0;12;0;Regular Season;0;0;0;19038
0;2000-12-7;15;0;10;0;Regular Season;0;0;0;19063
0;2000-12-7;0;0;220;0;Regular Season;0;0;0;19055
0;2000-12-7;25;0;230;0;Regular Season;0;0;0;19052
0;2000-12-7;216;0;214;0;Regular Season;0;0;0;19010
0;2000-12-7;9;0;22;0;Regular Season;0;0;0;18945
0;2000-12-7;23;0;11;0;Regular Season;0;0;0;18997
0;2000-12-7;217;0;21;0;Regular Season;0;0;0;19135
0;2000-12-7;8;0;5;0;Regular Season;0;0;0;18906
0;2000-12-7;24;0;17;0;Regular Season;0;0;0;18963
0;2000-12-8;5;0;25;0;Regular Season;0;0;0;18946
0;2000-12-8;216;0;19;0;Regular Season;0;0;0;19022
0;2000-12-8;214;0;16;0;Regular Season;0;0;0;19000
0;2000-12-8;8;0;23;0;Regular Season;0;0;0;18976
0;2000-12-8;21;0;14;0;Regular Season;0;0;0;19117
0;2000-12-8;217;0;10;0;Regular Season;0;0;0;19087
0;2000-12-8;0;0;12;0;Regular Season;0;0;0;19173
0;2000-12-9;230;0;20;0;Regular Season;0;0;0;19112
0;2000-12-9;24;0;221;0;Regular Season;0;0;0;18953
0;2000-12-9;229;0;224;0;Regular Season;0;0;0;18993
0;2000-12-9;18;0;17;0;Regular Season;0;0;0;19008
0;2000-12-9;3;0;227;0;Regular Season;0;0;0;18986
0;2000-12-9;9;0;19;0;Regular Season;0;0;0;18994
0;2000-12-10;26;0;18;0;Regular Season;0;0;0;19057
0;2000-12-10;11;0;8;0;Regular Season;0;0;0;18981
0;2000-12-11;20;0;220;0;Regular Season;0;0;0;19169
0;2000-12-11;26;0;14;0;Regular Season;0;0;0;19154
0;2000-12-11;229;0;224;0;Regular Season;0;0;0;19089
0;2000-12-11;23;0;25;0;Regular Season;0;0;0;19046
0;2000-12-11;24;0;19;0;Regular Season;0;0;0;18987
0;2000-12-11;15;0;230;0;Regular Season;0;0;0;19116
0;2000-12-11;8;0;216;0;Regular Season;0;0;0;18982
0;2000-12-12;9;0;23;0;Regular Season;0;0;0;19007
0;2000-12-12;229;0;18;0;Regular Season;0;0;0;19172
0;2000-12-12;224;0;24;0;Regular Season;0;0;0;19034
0;2000-12-12;11;0;12;0;Regular Season;0;0;0;19033
0;2000-12-12;10;0;16;0;Regular Season;0;0;0;19011
0;2000-12-12;227;0;217;0;Regular Season;0;0;0;18998
0;2000-12-12;17;0;19;0;Regular Season;0;0;0;19005
0;2000-12-12;214;0;22;0;Regular Season;0;0;0;18952
0;2000-12-12;5;0;0;0;Regular Season;0;0;0;18955
0;2000-12-12;3;0;21;0;Regular Season;0;0;0;19085
0;2000-12-13;11;0;17;0;Regular Season;0;0;0;19020
0;2000-12-13;26;0;20;0;Regular Season;0;0;0;19189
0;2000-12-13;5;0;3;0;Regular Season;0;0;0;18957
0;2000-12-13;0;0;9;0;Regular Season;0;0;0;19044
0;2000-12-13;220;0;14;0;Regular Season;0;0;0;19783
0;2000-12-14;227;0;15;0;Regular Season;0;0;0;18990
0;2000-12-14;216;0;22;0;Regular Season;0;0;0;18992
0;2000-12-14;19;0;224;0;Regular Season;0;0;0;19042
0;2000-12-14;16;0;12;0;Regular Season;0;0;0;19031
0;2000-12-14;25;0;21;0;Regular Season;0;0;0;19122
0;2000-12-14;230;0;23;0;Regular Season;0;0;0;19168
0;2000-12-14;26;0;221;0;Regular Season;0;0;0;19163
0;2000-12-14;217;0;18;0;Regular Season;0;0;0;19129
0;2000-12-15;9;0;229;0;Regular Season;0;0;0;19062
0;2000-12-15;221;0;5;0;Regular Season;0;0;0;18985
0;2000-12-15;224;0;0;0;Regular Season;0;0;0;19508
0;2000-12-15;17;0;18;0;Regular Season;0;0;0;19027
0;2000-12-15;15;0;220;0;Regular Season;0;0;0;19266
0;2000-12-15;24;0;14;0;Regular Season;0;0;0;19077
0;2000-12-15;216;0;227;0;Regular Season;0;0;0;19002
0;2000-12-15;217;0;8;0;Regular Season;0;0;0;19153
0;2000-12-15;11;0;214;0;Regular Season;0;0;0;19026
0;2000-12-16;230;0;8;0;Regular Season;0;0;0;19064
0;2000-12-16;220;0;21;0;Regular Season;0;0;0;19144
0;2000-12-16;214;0;12;0;Regular Season;0;0;0;19053
0;2000-12-16;3;0;14;0;Regular Season;0;0;0;19088
0;2000-12-16;25;0;16;0;Regular Season;0;0;0;19040
0;2000-12-17;15;0;11;0;Regular Season;0;0;0;19699
0;2000-12-17;20;0;0;0;Regular Season;0;0;0;19276
0;2000-12-17;22;0;221;0;Regular Season;0;0;0;18999
0;2000-12-18;5;0;14;0;Regular Season;0;0;0;19071
0;2000-12-18;0;0;230;0;Regular Season;0;0;0;19188
0;2000-12-18;8;0;229;0;Regular Season;0;0;0;19565
0;2000-12-18;26;0;19;0;Regular Season;0;0;0;19061
0;2000-12-18;10;0;22;0;Regular Season;0;0;0;19029
0;2000-12-18;224;0;18;0;Regular Season;0;0;0;19195
0;2000-12-18;216;0;24;0;Regular Season;0;0;0;19014
0;2000-12-18;23;0;217;0;Regular Season;0;0;0;19239
0;2000-12-18;214;0;227;0;Regular Season;0;0;0;19006
0;2000-12-19;14;0;23;0;Regular Season;0;0;0;19206
0;2000-12-19;16;0;9;0;Regular Season;0;0;0;19068
0;2000-12-19;17;0;20;0;Regular Season;0;0;0;19066
0;2000-12-19;227;0;25;0;Regular Season;0;0;0;19018
0;2000-12-19;3;0;24;0;Regular Season;0;0;0;19080
0;2000-12-19;216;0;5;0;Regular Season;0;0;0;19036
0;2000-12-19;8;0;15;0;Regular Season;0;0;0;19342
0;2000-12-19;11;0;220;0;Regular Season;0;0;0;19049
0;2000-12-19;26;0;12;0;Regular Season;0;0;0;19178
0;2000-12-20;9;0;16;0;Regular Season;0;0;0;19045
0;2000-12-20;22;0;221;0;Regular Season;0;0;0;19067
0;2000-12-20;19;0;10;0;Regular Season;0;0;0;19060
0;2000-12-20;20;0;21;0;Regular Season;0;0;0;19146
0;2000-12-20;220;0;214;0;Regular Season;0;0;0;19086
0;2000-12-21;214;0;25;0;Regular Season;0;0;0;19093
0;2000-12-21;24;0;0;0;Regular Season;0;0;0;19118
0;2000-12-21;217;0;230;0;Regular Season;0;0;0;19202
0;2000-12-21;216;0;12;0;Regular Season;0;0;0;19025
0;2000-12-21;227;0;21;0;Regular Season;0;0;0;19019
0;2000-12-21;221;0;18;0;Regular Season;0;0;0;19069
0;2000-12-21;5;0;17;0;Regular Season;0;0;0;18996
0;2000-12-21;11;0;224;0;Regular Season;0;0;0;19095
0;2000-12-21;3;0;10;0;Regular Season;0;0;0;19107
0;2000-12-21;15;0;23;0;Regular Season;0;0;0;19357
0;2000-12-22;14;0;15;0;Regular Season;0;0;0;19381
0;2000-12-22;16;0;230;0;Regular Season;0;0;0;19072
0;2000-12-22;229;0;220;0;Regular Season;0;0;0;19230
0;2000-12-22;9;0;25;0;Regular Season;0;0;0;19083
0;2000-12-22;20;0;8;0;Regular Season;0;0;0;19180
0;2000-12-22;0;0;22;0;Regular Season;0;0;0;19192
0;2000-12-22;26;0;12;0;Regular Season;0;0;0;19073
0;2000-12-23;3;0;21;0;Regular Season;0;0;0;19134
0;2000-12-23;217;0;11;0;Regular Season;0;0;0;19125
0;2000-12-23;214;0;224;0;Regular Season;0;0;0;19111
0;2000-12-23;221;0;17;0;Regular Season;0;0;0;19058
0;2000-12-23;19;0;18;0;Regular Season;0;0;0;19126
0;2000-12-27;23;0;20;0;Regular Season;0;0;0;19213
0;2000-12-27;8;0;220;0;Regular Season;0;0;0;19348
0;2000-12-27;230;0;19;0;Regular Season;0;0;0;19155
0;2000-12-27;221;0;217;0;Regular Season;0;0;0;19181
0;2000-12-27;15;0;18;0;Regular Season;0;0;0;19326
0;2000-12-27;22;0;227;0;Regular Season;0;0;0;19023
0;2000-12-27;16;0;11;0;Regular Season;0;0;0;19094
0;2000-12-27;24;0;25;0;Regular Season;0;0;0;19141
0;2000-12-28;16;0;229;0;Regular Season;0;0;0;19119
0;2000-12-28;23;0;17;0;Regular Season;0;0;0;19041
0;2000-12-28;214;0;230;0;Regular Season;0;0;0;19114
0;2000-12-28;10;0;8;0;Regular Season;0;0;0;19511
0;2000-12-28;12;0;11;0;Regular Season;0;0;0;19167
0;2000-12-28;227;0;0;0;Regular Season;0;0;0;19028
0;2000-12-28;5;0;24;0;Regular Season;0;0;0;19047
0;2000-12-28;216;0;25;0;Regular Season;0;0;0;19070
0;2000-12-28;220;0;26;0;Regular Season;0;0;0;19246
0;2000-12-28;221;0;22;0;Regular Season;0;0;0;19115
0;2000-12-28;9;0;224;0;Regular Season;0;0;0;19082
0;2000-12-28;14;0;21;0;Regular Season;0;0;0;19137
0;2000-12-29;217;0;17;0;Regular Season;0;0;0;19081
0;2000-12-29;21;0;216;0;Regular Season;0;0;0;19075
0;2000-12-29;0;0;5;0;Regular Season;0;0;0;19103
0;2000-12-29;15;0;20;0;Regular Season;0;0;0;19283
0;2000-12-29;9;0;224;0;Regular Season;0;0;0;19096
0;2000-12-29;19;0;26;0;Regular Season;0;0;0;19183
0;2000-12-29;14;0;10;0;Regular Season;0;0;0;19258
0;2000-12-30;3;0;229;0;Regular Season;0;0;0;19151
0;2000-12-30;12;0;230;0;Regular Season;0;0;0;19184
0;2000-12-30;22;0;214;0;Regular Season;0;0;0;19100
0;2000-12-30;16;0;24;0;Regular Season;0;0;0;19127
0;2000-12-30;18;0;19;0;Regular Season;0;0;0;19263
0;2000-12-31;217;0;216;0;Regular Season;0;0;0;19099
0;2000-12-31;214;0;11;0;Regular Season;0;0;0;19147
0;2000-12-31;224;0;221;0;Regular Season;0;0;0;19123
0;2000-12-31;12;0;25;0;Regular Season;0;0;0;19174
0;2000-12-31;21;0;15;0;Regular Season;0;0;0;19165
0;2000-12-31;17;0;20;0;Regular Season;0;0;0;19170
0;2000-12-31;26;0;10;0;Regular Season;0;0;0;19293
0;2000-12-31;229;0;9;0;Regular Season;0;0;0;19079
0;2000-12-31;227;0;5;0;Regular Season;0;0;0;19050
0;2000-12-31;0;0;3;0;Regular Season;0;0;0;19186
0;2000-12-31;23;0;18;0;Regular Season;0;0;0;19272
0;2000-12-31;14;0;8;0;Regular Season;0;0;0;19458
0;2001-1-1;220;0;16;0;Regular Season;0;0;0;19128
0;2001-1-1;14;0;9;0;Regular Season;0;0;0;19102
0;2001-1-1;0;0;26;0;Regular Season;0;0;0;19194
0;2001-1-1;19;0;230;0;Regular Season;0;0;0;19279
0;2001-1-2;220;0;25;0;Regular Season;0;0;0;19199
0;2001-1-2;214;0;12;0;Regular Season;0;0;0;19150
0;2001-1-2;227;0;221;0;Regular Season;0;0;0;19051
0;2001-1-2;224;0;8;0;Regular Season;0;0;0;19156
0;2001-1-2;229;0;217;0;Regular Season;0;0;0;19368
0;2001-1-2;18;0;23;0;Regular Season;0;0;0;19311
0;2001-1-2;5;0;22;0;Regular Season;0;0;0;19121
0;2001-1-2;230;0;15;0;Regular Season;0;0;0;19238
0;2001-1-2;20;0;24;0;Regular Season;0;0;0;19201
0;2001-1-2;17;0;11;0;Regular Season;0;0;0;19166
0;2001-1-3;22;0;10;0;Regular Season;0;0;0;19148
0;2001-1-3;3;0;17;0;Regular Season;0;0;0;19149
0;2001-1-3;216;0;227;0;Regular Season;0;0;0;19056
0;2001-1-4;20;0;5;0;Regular Season;0;0;0;19131
0;2001-1-4;11;0;25;0;Regular Season;0;0;0;19175
0;2001-1-4;23;0;230;0;Regular Season;0;0;0;19274
0;2001-1-4;15;0;12;0;Regular Season;0;0;0;19187
0;2001-1-4;10;0;217;0;Regular Season;0;0;0;19229
0;2001-1-4;18;0;19;0;Regular Season;0;0;0;19273
0;2001-1-4;214;0;26;0;Regular Season;0;0;0;19124
0;2001-1-4;3;0;0;0;Regular Season;0;0;0;19177
0;2001-1-4;21;0;216;0;Regular Season;0;0;0;19084
0;2001-1-4;220;0;9;0;Regular Season;0;0;0;19106
0;2001-1-5;229;0;214;0;Regular Season;0;0;0;19204
0;2001-1-5;227;0;20;0;Regular Season;0;0;0;19076
0;2001-1-5;22;0;224;0;Regular Season;0;0;0;19179
0;2001-1-5;14;0;24;0;Regular Season;0;0;0;19224
0;2001-1-5;221;0;0;0;Regular Season;0;0;0;19176
0;2001-1-5;9;0;8;0;Regular Season;0;0;0;19120
0;2001-1-5;15;0;21;0;Regular Season;0;0;0;19145
0;2001-1-5;230;0;18;0;Regular Season;0;0;0;19307
0;2001-1-5;12;0;23;0;Regular Season;0;0;0;19207
0;2001-1-6;17;0;221;0;Regular Season;0;0;0;19140
0;2001-1-6;229;0;19;0;Regular Season;0;0;0;19373
0;2001-1-6;16;0;11;0;Regular Season;0;0;0;19196
0;2001-1-6;3;0;25;0;Regular Season;0;0;0;19191
0;2001-1-6;224;0;26;0;Regular Season;0;0;0;19190
0;2001-1-6;10;0;14;0;Regular Season;0;0;0;19460
0;2001-1-7;216;0;5;0;Regular Season;0;0;0;19098
0;2001-1-7;21;0;16;0;Regular Season;0;0;0;19161
0;2001-1-7;217;0;24;0;Regular Season;0;0;0;19430
0;2001-1-8;11;0;230;0;Regular Season;0;0;0;19306
0;2001-1-8;22;0;216;0;Regular Season;0;0;0;19108
0;2001-1-8;221;0;26;0;Regular Season;0;0;0;19208
0;2001-1-9;18;0;25;0;Regular Season;0;0;0;19211
0;2001-1-9;12;0;23;0;Regular Season;0;0;0;19590
0;2001-1-9;15;0;21;0;Regular Season;0;0;0;19200
0;2001-1-9;221;0;227;0;Regular Season;0;0;0;19092
0;2001-1-9;3;0;26;0;Regular Season;0;0;0;19248
0;2001-1-9;17;0;0;0;Regular Season;0;0;0;19171
0;2001-1-9;9;0;16;0;Regular Season;0;0;0;19130
0;2001-1-9;14;0;214;0;Regular Season;0;0;0;19232
0;2001-1-9;217;0;5;0;Regular Season;0;0;0;19138
0;2001-1-9;19;0;22;0;Regular Season;0;0;0;19216
0;2001-1-9;24;0;220;0;Regular Season;0;0;0;19294
0;2001-1-9;11;0;8;0;Regular Season;0;0;0;19205
0;2001-1-10;0;0;10;0;Regular Season;0;0;0;19275
0;2001-1-10;216;0;18;0;Regular Season;0;0;0;19110
0;2001-1-10;224;0;9;0;Regular Season;0;0;0;19210
0;2001-1-10;3;0;15;0;Regular Season;0;0;0;19558
0;2001-1-10;214;0;21;0;Regular Season;0;0;0;19225
0;2001-1-11;16;0;221;0;Regular Season;0;0;0;19228
0;2001-1-11;220;0;26;0;Regular Season;0;0;0;19261
0;2001-1-11;14;0;20;0;Regular Season;0;0;0;19269
0;2001-1-11;217;0;227;0;Regular Season;0;0;0;19113
0;2001-1-11;24;0;224;0;Regular Season;0;0;0;19220
0;2001-1-11;11;0;12;0;Regular Season;0;0;0;19335
0;2001-1-11;5;0;229;0;Regular Season;0;0;0;19160
0;2001-1-11;19;0;25;0;Regular Season;0;0;0;19255
0;2001-1-12;214;0;10;0;Regular Season;0;0;0;19241
0;2001-1-12;217;0;20;0;Regular Season;0;0;0;19235
0;2001-1-12;12;0;18;0;Regular Season;0;0;0;19422
0;2001-1-12;230;0;216;0;Regular Season;0;0;0;19158
0;2001-1-12;15;0;0;0;Regular Season;0;0;0;19490
0;2001-1-12;5;0;8;0;Regular Season;0;0;0;19209
0;2001-1-12;23;0;9;0;Regular Season;0;0;0;19259
0;2001-1-12;22;0;24;0;Regular Season;0;0;0;19227
0;2001-1-12;229;0;17;0;Regular Season;0;0;0;19182
0;2001-1-12;16;0;227;0;Regular Season;0;0;0;19104
0;2001-1-13;230;0;19;0;Regular Season;0;0;0;19299
0;2001-1-13;21;0;10;0;Regular Season;0;0;0;19289
0;2001-1-13;23;0;3;0;Regular Season;0;0;0;19290
0;2001-1-13;8;0;17;0;Regular Season;0;0;0;19214
0;2001-1-14;224;0;229;0;Regular Season;0;0;0;19197
0;2001-1-14;20;0;14;0;Regular Season;0;0;0;19270
0;2001-1-15;20;0;227;0;Regular Season;0;0;0;19142
0;2001-1-15;220;0;217;0;Regular Season;0;0;0;19277
0;2001-1-15;230;0;18;0;Regular Season;0;0;0;19340
0;2001-1-15;3;0;5;0;Regular Season;0;0;0;19212
0;2001-1-15;23;0;26;0;Regular Season;0;0;0;19295
0;2001-1-15;0;0;17;0;Regular Season;0;0;0;19218
0;2001-1-15;25;0;8;0;Regular Season;0;0;0;19242
0;2001-1-16;224;0;3;0;Regular Season;0;0;0;19240
0;2001-1-16;24;0;227;0;Regular Season;0;0;0;19078
0;2001-1-16;0;0;17;0;Regular Season;0;0;0;19463
0;2001-1-16;229;0;16;0;Regular Season;0;0;0;19236
0;2001-1-16;14;0;5;0;Regular Season;0;0;0;19226
0;2001-1-16;15;0;19;0;Regular Season;0;0;0;19492
0;2001-1-16;22;0;230;0;Regular Season;0;0;0;19250
0;2001-1-16;11;0;216;0;Regular Season;0;0;0;19159
0;2001-1-16;25;0;9;0;Regular Season;0;0;0;19268
0;2001-1-16;21;0;221;0;Regular Season;0;0;0;19234
0;2001-1-16;10;0;12;0;Regular Season;0;0;0;19831
0;2001-1-17;229;0;16;0;Regular Season;0;0;0;19249
0;2001-1-17;9;0;8;0;Regular Season;0;0;0;19281
0;2001-1-17;214;0;11;0;Regular Season;0;0;0;19253
0;2001-1-17;18;0;10;0;Regular Season;0;0;0;19358
0;2001-1-18;24;0;5;0;Regular Season;0;0;0;19231
0;2001-1-18;17;0;0;0;Regular Season;0;0;0;19254
0;2001-1-18;224;0;214;0;Regular Season;0;0;0;19221
0;2001-1-18;8;0;21;0;Regular Season;0;0;0;19314
0;2001-1-18;14;0;19;0;Regular Season;0;0;0;19419
0;2001-1-18;220;0;221;0;Regular Season;0;0;0;19262
0;2001-1-18;20;0;12;0;Regular Season;0;0;0;19271
0;2001-1-18;26;0;15;0;Regular Season;0;0;0;19378
0;2001-1-18;227;0;22;0;Regular Season;0;0;0;19162
0;2001-1-19;221;0;217;0;Regular Season;0;0;0;19302
0;2001-1-19;23;0;11;0;Regular Season;0;0;0;19343
0;2001-1-19;26;0;230;0;Regular Season;0;0;0;19384
0;2001-1-19;24;0;216;0;Regular Season;0;0;0;19219
0;2001-1-19;19;0;12;0;Regular Season;0;0;0;19457
0;2001-1-19;25;0;227;0;Regular Season;0;0;0;19795
0;2001-1-19;15;0;14;0;Regular Season;0;0;0;19438
0;2001-1-20;217;0;10;0;Regular Season;0;0;0;19334
0;2001-1-20;229;0;25;0;Regular Season;0;0;0;19296
0;2001-1-20;3;0;9;0;Regular Season;0;0;0;19265
0;2001-1-20;220;0;214;0;Regular Season;0;0;0;19256
0;2001-1-20;21;0;22;0;Regular Season;0;0;0;19251
0;2001-1-21;23;0;224;0;Regular Season;0;0;0;19247
0;2001-1-21;20;0;216;0;Regular Season;0;0;0;19223
0;2001-1-21;16;0;10;0;Regular Season;0;0;0;19392
0;2001-1-21;17;0;0;0;Regular Season;0;0;0;19260
0;2001-1-22;24;0;22;0;Regular Season;0;0;0;19287
0;2001-1-22;227;0;18;0;Regular Season;0;0;0;19193
0;2001-1-22;19;0;23;0;Regular Season;0;0;0;19353
0;2001-1-22;220;0;229;0;Regular Season;0;0;0;19310
0;2001-1-22;11;0;217;0;Regular Season;0;0;0;19359
0;2001-1-22;9;0;5;0;Regular Season;0;0;0;19264
0;2001-1-22;15;0;20;0;Regular Season;0;0;0;19407
0;2001-1-23;3;0;0;0;Regular Season;0;0;0;19328
0;2001-1-23;24;0;21;0;Regular Season;0;0;0;19312
0;2001-1-23;18;0;214;0;Regular Season;0;0;0;19330
0;2001-1-23;229;0;230;0;Regular Season;0;0;0;19303
0;2001-1-23;12;0;217;0;Regular Season;0;0;0;19569
0;2001-1-23;14;0;221;0;Regular Season;0;0;0;19333
0;2001-1-23;216;0;9;0;Regular Season;0;0;0;19222
0;2001-1-23;15;0;17;0;Regular Season;0;0;0;19286
0;2001-1-23;26;0;5;0;Regular Season;0;0;0;19300
0;2001-1-23;8;0;16;0;Regular Season;0;0;0;19252
0;2001-1-23;10;0;220;0;Regular Season;0;0;0;19341
0;2001-1-24;17;0;227;0;Regular Season;0;0;0;19198
0;2001-1-24;20;0;14;0;Regular Season;0;0;0;19351
0;2001-1-24;10;0;216;0;Regular Season;0;0;0;19233
0;2001-1-24;224;0;25;0;Regular Season;0;0;0;19282
0;2001-1-25;224;0;12;0;Regular Season;0;0;0;19291
0;2001-1-25;11;0;23;0;Regular Season;0;0;0;19344
0;2001-1-25;5;0;221;0;Regular Season;0;0;0;19243
0;2001-1-25;15;0;24;0;Regular Season;0;0;0;19366
0;2001-1-25;18;0;214;0;Regular Season;0;0;0;19284
0;2001-1-25;227;0;9;0;Regular Season;0;0;0;19203
0;2001-1-25;8;0;19;0;Regular Season;0;0;0;19642
0;2001-1-25;0;0;3;0;Regular Season;0;0;0;19329
0;2001-1-25;25;0;16;0;Regular Season;0;0;0;19298
0;2001-1-25;26;0;22;0;Regular Season;0;0;0;19297
0;2001-1-26;12;0;14;0;Regular Season;0;0;0;19510
0;2001-1-26;11;0;0;0;Regular Season;0;0;0;19448
0;2001-1-26;8;0;230;0;Regular Season;0;0;0;19403
0;2001-1-26;220;0;17;0;Regular Season;0;0;0;19313
0;2001-1-26;21;0;3;0;Regular Season;0;0;0;19316
0;2001-1-27;216;0;26;0;Regular Season;0;0;0;19237
0;2001-1-27;21;0;217;0;Regular Season;0;0;0;19331
0;2001-1-27;214;0;19;0;Regular Season;0;0;0;19412
0;2001-1-27;10;0;20;0;Regular Season;0;0;0;19345
0;2001-1-27;224;0;16;0;Regular Season;0;0;0;19292
0;2001-1-27;230;0;221;0;Regular Season;0;0;0;19346
0;2001-1-28;229;0;22;0;Regular Season;0;0;0;19304
0;2001-1-28;23;0;25;0;Regular Season;0;0;0;19308
0;2001-1-29;10;0;21;0;Regular Season;0;0;0;19364
0;2001-1-29;14;0;216;0;Regular Season;0;0;0;19267
0;2001-1-29;20;0;23;0;Regular Season;0;0;0;19367
0;2001-1-29;221;0;8;0;Regular Season;0;0;0;19402
0;2001-1-29;17;0;9;0;Regular Season;0;0;0;19321
0;2001-1-29;229;0;214;0;Regular Season;0;0;0;19324
0;2001-1-29;12;0;24;0;Regular Season;0;0;0;19717
0;2001-1-29;26;0;220;0;Regular Season;0;0;0;19319
0;2001-1-30;21;0;5;0;Regular Season;0;0;0;19337
0;2001-1-30;8;0;22;0;Regular Season;0;0;0;19361
0;2001-1-30;3;0;20;0;Regular Season;0;0;0;19429
0;2001-1-30;227;0;217;0;Regular Season;0;0;0;19217
0;2001-1-30;18;0;26;0;Regular Season;0;0;0;19459
0;2001-1-30;0;0;25;0;Regular Season;0;0;0;19405
0;2001-1-30;9;0;17;0;Regular Season;0;0;0;19288
0;2001-1-30;14;0;216;0;Regular Season;0;0;0;19280
0;2001-1-30;10;0;214;0;Regular Season;0;0;0;19399
0;2001-1-30;221;0;224;0;Regular Season;0;0;0;19305
0;2001-1-31;11;0;224;0;Regular Season;0;0;0;19318
0;2001-1-31;217;0;5;0;Regular Season;0;0;0;19320
0;2001-1-31;24;0;0;0;Regular Season;0;0;0;19414
0;2001-2-1;15;0;22;0;Regular Season;0;0;0;19339
0;2001-2-1;26;0;214;0;Regular Season;0;0;0;19309
0;2001-2-1;3;0;16;0;Regular Season;0;0;0;19325
0;2001-2-1;12;0;20;0;Regular Season;0;0;0;19501
0;2001-2-1;227;0;229;0;Regular Season;0;0;0;19244
0;2001-2-1;19;0;9;0;Regular Season;0;0;0;19393
0;2001-2-1;18;0;221;0;Regular Season;0;0;0;19370
0;2001-2-2;0;0;14;0;Regular Season;0;0;0;19628
0;2001-2-2;16;0;21;0;Regular Season;0;0;0;19382
0;2001-2-2;227;0;10;0;Regular Season;0;0;0;19245
0;2001-2-2;224;0;11;0;Regular Season;0;0;0;19338
0;2001-2-2;216;0;23;0;Regular Season;0;0;0;19257
0;2001-2-2;19;0;25;0;Regular Season;0;0;0;19410
0;2001-2-2;5;0;220;0;Regular Season;0;0;0;19349
0;2001-2-3;25;0;18;0;Regular Season;0;0;0;19387
0;2001-2-3;15;0;24;0;Regular Season;0;0;0;19812
0;2001-2-3;11;0;229;0;Regular Season;0;0;0;19385
0;2001-2-3;5;0;216;0;Regular Season;0;0;0;19482
0;2001-2-3;17;0;217;0;Regular Season;0;0;0;19327
0;2001-2-3;8;0;220;0;Regular Season;0;0;0;19386
0;2001-2-3;22;0;3;0;Regular Season;0;0;0;19347
0;2001-2-4;19;0;230;0;Regular Season;0;0;0;19561
0;2001-2-4;16;0;23;0;Regular Season;0;0;0;19388
0;2001-2-5;18;0;217;0;Regular Season;0;0;0;19377
0;2001-2-5;22;0;227;0;Regular Season;0;0;0;19336
0;2001-2-5;10;0;20;0;Regular Season;0;0;0;19404
0;2001-2-5;15;0;5;0;Regular Season;0;0;0;19360
0;2001-2-6;15;0;17;0;Regular Season;0;0;0;19356
0;2001-2-6;24;0;217;0;Regular Season;0;0;0;19446
0;2001-2-6;26;0;11;0;Regular Season;0;0;0;19391
0;2001-2-6;25;0;214;0;Regular Season;0;0;0;19409
0;2001-2-6;22;0;19;0;Regular Season;0;0;0;19372
0;2001-2-6;18;0;21;0;Regular Season;0;0;0;19437
0;2001-2-6;10;0;23;0;Regular Season;0;0;0;19390
0;2001-2-6;20;0;3;0;Regular Season;0;0;0;19536
0;2001-2-6;220;0;229;0;Regular Season;0;0;0;19503
0;2001-2-6;230;0;227;0;Regular Season;0;0;0;19301
0;2001-2-6;221;0;14;0;Regular Season;0;0;0;19406
0;2001-2-6;16;0;224;0;Regular Season;0;0;0;19352
0;2001-2-6;5;0;216;0;Regular Season;0;0;0;19355
0;2001-2-6;12;0;9;0;Regular Season;0;0;0;19678
0;2001-2-7;214;0;220;0;Regular Season;0;0;0;19445
0;2001-2-7;224;0;230;0;Regular Season;0;0;0;19375
0;2001-2-7;19;0;23;0;Regular Season;0;0;0;19397
0;2001-2-8;25;0;12;0;Regular Season;0;0;0;19416
0;2001-2-8;21;0;26;0;Regular Season;0;0;0;19423
0;2001-2-8;14;0;3;0;Regular Season;0;0;0;19436
0;2001-2-8;11;0;10;0;Regular Season;0;0;0;19401
0;2001-2-8;221;0;0;0;Regular Season;0;0;0;19484
0;2001-2-8;8;0;18;0;Regular Season;0;0;0;19577
0;2001-2-8;17;0;216;0;Regular Season;0;0;0;19315
0;2001-2-9;25;0;24;0;Regular Season;0;0;0;19420
0;2001-2-9;21;0;19;0;Regular Season;0;0;0;19425
0;2001-2-9;217;0;17;0;Regular Season;0;0;0;19475
0;2001-2-9;227;0;5;0;Regular Season;0;0;0;19278
0;2001-2-9;220;0;12;0;Regular Season;0;0;0;19641
0;2001-2-9;216;0;229;0;Regular Season;0;0;0;19362
0;2001-2-9;22;0;15;0;Regular Season;0;0;0;19369
0;2001-2-9;26;0;9;0;Regular Season;0;0;0;19426
0;2001-2-9;16;0;3;0;Regular Season;0;0;0;19442
0;2001-2-9;8;0;14;0;Regular Season;0;0;0;19562
0;2001-2-10;16;0;9;0;Regular Season;0;0;0;19464
0;2001-2-10;24;0;221;0;Regular Season;0;0;0;19487
0;2001-2-10;224;0;229;0;Regular Season;0;0;0;19363
0;2001-2-10;230;0;11;0;Regular Season;0;0;0;19411
0;2001-2-10;18;0;15;0;Regular Season;0;0;0;19782
0;2001-2-11;8;0;20;0;Regular Season;0;0;0;19599
0;2001-2-11;23;0;0;0;Regular Season;0;0;0;19400
0;2001-2-12;23;0;220;0;Regular Season;0;0;0;19444
0;2001-2-12;24;0;214;0;Regular Season;0;0;0;19607
0;2001-2-12;26;0;25;0;Regular Season;0;0;0;19424
0;2001-2-12;22;0;217;0;Regular Season;0;0;0;19396
0;2001-2-12;230;0;224;0;Regular Season;0;0;0;19450
0;2001-2-12;216;0;221;0;Regular Season;0;0;0;19431
0;2001-2-12;227;0;17;0;Regular Season;0;0;0;19354
0;2001-2-12;8;0;9;0;Regular Season;0;0;0;19505
0;2001-2-12;5;0;3;0;Regular Season;0;0;0;19389
0;2001-2-12;11;0;18;0;Regular Season;0;0;0;19555
0;2001-2-13;22;0;26;0;Regular Season;0;0;0;19374
0;2001-2-13;9;0;14;0;Regular Season;0;0;0;19559
0;2001-2-13;20;0;25;0;Regular Season;0;0;0;19472
0;2001-2-13;21;0;24;0;Regular Season;0;0;0;19449
0;2001-2-13;221;0;15;0;Regular Season;0;0;0;19379
0;2001-2-13;230;0;3;0;Regular Season;0;0;0;19453
0;2001-2-13;19;0;227;0;Regular Season;0;0;0;19371
0;2001-2-13;0;0;216;0;Regular Season;0;0;0;19365
0;2001-2-13;17;0;5;0;Regular Season;0;0;0;19394
0;2001-2-13;16;0;229;0;Regular Season;0;0;0;19413
0;2001-2-13;12;0;10;0;Regular Season;0;0;0;19809
0;2001-2-14;217;0;224;0;Regular Season;0;0;0;19418
0;2001-2-14;8;0;16;0;Regular Season;0;0;0;19557
0;2001-2-15;230;0;220;0;Regular Season;0;0;0;19499
0;2001-2-15;12;0;8;0;Regular Season;0;0;0;19602
0;2001-2-15;23;0;221;0;Regular Season;0;0;0;19428
0;2001-2-15;18;0;9;0;Regular Season;0;0;0;19491
0;2001-2-15;10;0;24;0;Regular Season;0;0;0;19497
0;2001-2-15;17;0;21;0;Regular Season;0;0;0;19440
0;2001-2-15;14;0;20;0;Regular Season;0;0;0;19584
0;2001-2-15;26;0;11;0;Regular Season;0;0;0;19427
0;2001-2-15;214;0;15;0;Regular Season;0;0;0;19421
0;2001-2-16;0;0;11;0;Regular Season;0;0;0;19606
0;2001-2-16;16;0;220;0;Regular Season;0;0;0;19560
0;2001-2-16;224;0;19;0;Regular Season;0;0;0;19451
0;2001-2-16;25;0;216;0;Regular Season;0;0;0;19415
0;2001-2-16;214;0;229;0;Regular Season;0;0;0;19470
0;2001-2-17;10;0;15;0;Regular Season;0;0;0;19408
0;2001-2-17;22;0;5;0;Regular Season;0;0;0;19376
0;2001-2-17;229;0;18;0;Regular Season;0;0;0;19547
0;2001-2-17;21;0;0;0;Regular Season;0;0;0;19466
0;2001-2-18;23;0;19;0;Regular Season;0;0;0;19465
0;2001-2-18;217;0;3;0;Regular Season;0;0;0;19467
0;2001-2-18;227;0;14;0;Regular Season;0;0;0;19380
0;2001-2-19;224;0;14;0;Regular Season;0;0;0;19462
0;2001-2-19;8;0;11;0;Regular Season;0;0;0;19604
0;2001-2-19;25;0;22;0;Regular Season;0;0;0;19398
0;2001-2-19;23;0;220;0;Regular Season;0;0;0;19681
0;2001-2-19;217;0;16;0;Regular Season;0;0;0;19473
0;2001-2-19;229;0;26;0;Regular Season;0;0;0;19479
0;2001-2-19;5;0;15;0;Regular Season;0;0;0;19447
0;2001-2-19;19;0;216;0;Regular Season;0;0;0;19434
0;2001-2-19;21;0;10;0;Regular Season;0;0;0;19469
0;2001-2-19;17;0;24;0;Regular Season;0;0;0;19634
0;2001-2-19;18;0;230;0;Regular Season;0;0;0;19509
0;2001-2-20;15;0;227;0;Regular Season;0;0;0;19417
0;2001-2-20;12;0;21;0;Regular Season;0;0;0;19474
0;2001-2-20;0;0;216;0;Regular Season;0;0;0;19439
0;2001-2-20;9;0;214;0;Regular Season;0;0;0;19648
0;2001-2-20;26;0;229;0;Regular Season;0;0;0;19544
0;2001-2-20;24;0;10;0;Regular Season;0;0;0;19518
0;2001-2-20;25;0;221;0;Regular Season;0;0;0;19435
0;2001-2-20;230;0;8;0;Regular Season;0;0;0;19566
0;2001-2-20;3;0;5;0;Regular Season;0;0;0;19395
0;2001-2-20;220;0;11;0;Regular Season;0;0;0;19625
0;2001-2-20;20;0;224;0;Regular Season;0;0;0;19481
0;2001-2-21;217;0;22;0;Regular Season;0;0;0;19433
0;2001-2-21;17;0;14;0;Regular Season;0;0;0;19504
0;2001-2-22;19;0;17;0;Regular Season;0;0;0;19525
0;2001-2-22;227;0;23;0;Regular Season;0;0;0;19471
0;2001-2-22;221;0;20;0;Regular Season;0;0;0;19524
0;2001-2-22;3;0;24;0;Regular Season;0;0;0;19506
0;2001-2-22;217;0;15;0;Regular Season;0;0;0;19483
0;2001-2-22;10;0;21;0;Regular Season;0;0;0;19493
0;2001-2-22;14;0;220;0;Regular Season;0;0;0;19593
0;2001-2-22;214;0;18;0;Regular Season;0;0;0;19659
0;2001-2-22;16;0;25;0;Regular Season;0;0;0;19468
0;2001-2-23;221;0;9;0;Regular Season;0;0;0;19533
0;2001-2-23;224;0;229;0;Regular Season;0;0;0;19515
0;2001-2-23;11;0;227;0;Regular Season;0;0;0;19546
0;2001-2-23;22;0;3;0;Regular Season;0;0;0;19432
0;2001-2-23;19;0;16;0;Regular Season;0;0;0;19486
0;2001-2-23;26;0;12;0;Regular Season;0;0;0;19585
0;2001-2-23;20;0;216;0;Regular Season;0;0;0;19441
0;2001-2-23;23;0;5;0;Regular Season;0;0;0;19456
0;2001-2-24;12;0;220;0;Regular Season;0;0;0;19656
0;2001-2-25;23;0;8;0;Regular Season;0;0;0;19531
0;2001-2-25;9;0;230;0;Regular Season;0;0;0;19513
0;2001-2-26;221;0;11;0;Regular Season;0;0;0;19610
0;2001-2-26;216;0;8;0;Regular Season;0;0;0;19455
0;2001-2-26;24;0;9;0;Regular Season;0;0;0;19685
0;2001-2-26;5;0;0;0;Regular Season;0;0;0;19478
0;2001-2-26;18;0;19;0;Regular Season;0;0;0;19640
0;2001-2-26;229;0;25;0;Regular Season;0;0;0;19512
0;2001-2-26;10;0;15;0;Regular Season;0;0;0;19580
0;2001-2-27;20;0;10;0;Regular Season;0;0;0;19522
0;2001-2-27;5;0;23;0;Regular Season;0;0;0;19485
0;2001-2-27;24;0;3;0;Regular Season;0;0;0;19528
0;2001-2-27;220;0;15;0;Regular Season;0;0;0;19576
0;2001-2-27;19;0;229;0;Regular Season;0;0;0;19516
0;2001-2-27;16;0;216;0;Regular Season;0;0;0;19477
0;2001-2-27;26;0;11;0;Regular Season;0;0;0;19612
0;2001-2-27;18;0;230;0;Regular Season;0;0;0;19632
0;2001-2-27;217;0;214;0;Regular Season;0;0;0;19496
0;2001-2-27;14;0;12;0;Regular Season;0;0;0;19751
0;2001-2-27;17;0;22;0;Regular Season;0;0;0;19461
0;2001-2-28;0;0;227;0;Regular Season;0;0;0;19601
0;2001-2-28;25;0;214;0;Regular Season;0;0;0;19495
0;2001-2-28;21;0;220;0;Regular Season;0;0;0;19595
0;2001-2-28;16;0;224;0;Regular Season;0;0;0;19500
0;2001-3-1;23;0;25;0;Regular Season;0;0;0;19494
0;2001-3-1;14;0;15;0;Regular Season;0;0;0;19488
0;2001-3-1;224;0;20;0;Regular Season;0;0;0;19517
0;2001-3-1;12;0;22;0;Regular Season;0;0;0;19454
0;2001-3-1;217;0;229;0;Regular Season;0;0;0;19530
0;2001-3-1;17;0;10;0;Regular Season;0;0;0;19523
0;2001-3-1;216;0;3;0;Regular Season;0;0;0;19532
0;2001-3-1;21;0;8;0;Regular Season;0;0;0;19556
0;2001-3-2;221;0;227;0;Regular Season;0;0;0;19675
0;2001-3-2;26;0;3;0;Regular Season;0;0;0;19535
0;2001-3-2;14;0;18;0;Regular Season;0;0;0;19669
0;2001-3-2;214;0;19;0;Regular Season;0;0;0;19527
0;2001-3-2;220;0;23;0;Regular Season;0;0;0;19552
0;2001-3-2;5;0;20;0;Regular Season;0;0;0;19489
0;2001-3-3;24;0;21;0;Regular Season;0;0;0;19539
0;2001-3-3;224;0;8;0;Regular Season;0;0;0;19543
0;2001-3-3;11;0;26;0;Regular Season;0;0;0;19617
0;2001-3-3;9;0;12;0;Regular Season;0;0;0;19772
0;2001-3-3;230;0;22;0;Regular Season;0;0;0;19476
0;2001-3-4;227;0;217;0;Regular Season;0;0;0;19538
0;2001-3-4;0;0;221;0;Regular Season;0;0;0;19570
0;2001-3-4;16;0;230;0;Regular Season;0;0;0;19507
0;2001-3-5;8;0;26;0;Regular Season;0;0;0;19627
0;2001-3-5;19;0;214;0;Regular Season;0;0;0;19596
0;2001-3-5;16;0;217;0;Regular Season;0;0;0;19549
0;2001-3-5;12;0;0;0;Regular Season;0;0;0;19720
0;2001-3-5;5;0;17;0;Regular Season;0;0;0;19521
0;2001-3-5;20;0;9;0;Regular Season;0;0;0;19548
0;2001-3-6;5;0;224;0;Regular Season;0;0;0;19498
0;2001-3-6;21;0;15;0;Regular Season;0;0;0;19637
0;2001-3-6;227;0;3;0;Regular Season;0;0;0;19537
0;2001-3-6;19;0;25;0;Regular Season;0;0;0;19514
0;2001-3-6;18;0;14;0;Regular Season;0;0;0;19738
0;2001-3-6;216;0;220;0;Regular Season;0;0;0;19622
0;2001-3-6;20;0;221;0;Regular Season;0;0;0;19571
0;2001-3-6;24;0;229;0;Regular Season;0;0;0;19586
0;2001-3-6;230;0;17;0;Regular Season;0;0;0;19572
0;2001-3-6;11;0;22;0;Regular Season;0;0;0;19520
0;2001-3-7;217;0;23;0;Regular Season;0;0;0;19568
0;2001-3-8;16;0;0;0;Regular Season;0;0;0;19591
0;2001-3-8;26;0;216;0;Regular Season;0;0;0;19639
0;2001-3-8;20;0;15;0;Regular Season;0;0;0;19592
0;2001-3-8;25;0;14;0;Regular Season;0;0;0;19540
0;2001-3-8;214;0;221;0;Regular Season;0;0;0;19582
0;2001-3-8;5;0;3;0;Regular Season;0;0;0;19502
0;2001-3-8;217;0;12;0;Regular Season;0;0;0;19583
0;2001-3-8;230;0;23;0;Regular Season;0;0;0;19588
0;2001-3-8;22;0;9;0;Regular Season;0;0;0;19526
0;2001-3-8;18;0;224;0;Regular Season;0;0;0;19616
0;2001-3-9;0;0;21;0;Regular Season;0;0;0;19621
0;2001-3-9;221;0;22;0;Regular Season;0;0;0;19529
0;2001-3-9;10;0;229;0;Regular Season;0;0;0;19541
0;2001-3-9;24;0;8;0;Regular Season;0;0;0;19654
0;2001-3-9;12;0;227;0;Regular Season;0;0;0;19721
0;2001-3-9;220;0;16;0;Regular Season;0;0;0;19594
0;2001-3-9;19;0;224;0;Regular Season;0;0;0;19579
0;2001-3-9;11;0;15;0;Regular Season;0;0;0;19631
0;2001-3-10;11;0;14;0;Regular Season;0;0;0;19667
0;2001-3-10;21;0;9;0;Regular Season;0;0;0;19672
0;2001-3-10;25;0;229;0;Regular Season;0;0;0;19534
0;2001-3-10;8;0;24;0;Regular Season;0;0;0;19620
0;2001-3-10;227;0;214;0;Regular Season;0;0;0;19817
0;2001-3-10;220;0;216;0;Regular Season;0;0;0;19553
0;2001-3-10;17;0;3;0;Regular Season;0;0;0;19550
0;2001-3-11;10;0;26;0;Regular Season;0;0;0;19647
0;2001-3-11;23;0;230;0;Regular Season;0;0;0;19573
0;2001-3-12;20;0;21;0;Regular Season;0;0;0;19597
0;2001-3-12;217;0;22;0;Regular Season;0;0;0;19567
0;2001-3-12;18;0;24;0;Regular Season;0;0;0;19729
0;2001-3-12;12;0;19;0;Regular Season;0;0;0;19653
0;2001-3-12;17;0;3;0;Regular Season;0;0;0;19574
0;2001-3-12;224;0;214;0;Regular Season;0;0;0;19624
0;2001-3-13;17;0;214;0;Regular Season;0;0;0;19662
0;2001-3-13;10;0;25;0;Regular Season;0;0;0;19581
0;2001-3-13;220;0;11;0;Regular Season;0;0;0;19676
0;2001-3-13;216;0;16;0;Regular Season;0;0;0;19650
0;2001-3-13;22;0;8;0;Regular Season;0;0;0;19542
0;2001-3-13;24;0;23;0;Regular Season;0;0;0;19605
0;2001-3-13;3;0;224;0;Regular Season;0;0;0;19564
0;2001-3-13;18;0;5;0;Regular Season;0;0;0;19611
0;2001-3-13;230;0;26;0;Regular Season;0;0;0;19649
0;2001-3-13;217;0;227;0;Regular Season;0;0;0;19618
0;2001-3-14;20;0;11;0;Regular Season;0;0;0;19671
0;2001-3-14;221;0;10;0;Regular Season;0;0;0;19609
0;2001-3-14;23;0;19;0;Regular Season;0;0;0;19619
0;2001-3-14;15;0;9;0;Regular Season;0;0;0;19646
0;2001-3-15;14;0;15;0;Regular Season;0;0;0;19643
0;2001-3-15;214;0;230;0;Regular Season;0;0;0;19692
0;2001-3-15;5;0;9;0;Regular Season;0;0;0;19551
0;2001-3-15;3;0;216;0;Regular Season;0;0;0;19575
0;2001-3-15;17;0;16;0;Regular Season;0;0;0;19657
0;2001-3-15;8;0;229;0;Regular Season;0;0;0;19638
0;2001-3-15;25;0;220;0;Regular Season;0;0;0;19587
0;2001-3-15;217;0;24;0;Regular Season;0;0;0;19608
0;2001-3-15;12;0;26;0;Regular Season;0;0;0;19666
0;2001-3-15;227;0;224;0;Regular Season;0;0;0;19626
0;2001-3-16;21;0;25;0;Regular Season;0;0;0;19589
0;2001-3-16;10;0;14;0;Regular Season;0;0;0;19663
0;2001-3-16;221;0;19;0;Regular Season;0;0;0;19658
0;2001-3-16;22;0;20;0;Regular Season;0;0;0;19563
0;2001-3-16;16;0;26;0;Regular Season;0;0;0;19651
0;2001-3-16;229;0;12;0;Regular Season;0;0;0;19652
0;2001-3-17;21;0;23;0;Regular Season;0;0;0;19633
0;2001-3-17;8;0;9;0;Regular Season;0;0;0;19691
0;2001-3-17;220;0;0;0;Regular Season;0;0;0;19814
0;2001-3-17;227;0;230;0;Regular Season;0;0;0;19712
0;2001-3-18;216;0;5;0;Regular Season;0;0;0;19578
0;2001-3-18;18;0;229;0;Regular Season;0;0;0;19688
0;2001-3-18;0;0;15;0;Regular Season;0;0;0;19714
0;2001-3-19;22;0;12;0;Regular Season;0;0;0;19708
0;2001-3-19;214;0;8;0;Regular Season;0;0;0;19615
0;2001-3-19;25;0;5;0;Regular Season;0;0;0;19629
0;2001-3-19;217;0;3;0;Regular Season;0;0;0;19598
0;2001-3-20;10;0;22;0;Regular Season;0;0;0;19613
0;2001-3-20;3;0;0;0;Regular Season;0;0;0;19635
0;2001-3-20;221;0;216;0;Regular Season;0;0;0;19816
0;2001-3-20;9;0;15;0;Regular Season;0;0;0;19705
0;2001-3-20;229;0;16;0;Regular Season;0;0;0;19674
0;2001-3-20;21;0;217;0;Regular Season;0;0;0;19630
0;2001-3-20;18;0;11;0;Regular Season;0;0;0;19682
0;2001-3-20;230;0;25;0;Regular Season;0;0;0;19644
0;2001-3-20;23;0;14;0;Regular Season;0;0;0;19695
0;2001-3-20;17;0;8;0;Regular Season;0;0;0;19684
0;2001-3-21;220;0;5;0;Regular Season;0;0;0;19664
0;2001-3-21;20;0;17;0;Regular Season;0;0;0;19690
0;2001-3-21;214;0;23;0;Regular Season;0;0;0;19645
0;2001-3-21;0;0;229;0;Regular Season;0;0;0;19710
0;2001-3-21;16;0;14;0;Regular Season;0;0;0;19677
0;2001-3-22;9;0;26;0;Regular Season;0;0;0;19803
0;2001-3-22;20;0;19;0;Regular Season;0;0;0;19660
0;2001-3-22;21;0;214;0;Regular Season;0;0;0;19686
0;2001-3-22;227;0;217;0;Regular Season;0;0;0;19623
0;2001-3-22;22;0;15;0;Regular Season;0;0;0;19636
0;2001-3-22;224;0;12;0;Regular Season;0;0;0;19687
0;2001-3-22;220;0;3;0;Regular Season;0;0;0;19668
0;2001-3-22;24;0;10;0;Regular Season;0;0;0;19665
0;2001-3-22;18;0;25;0;Regular Season;0;0;0;19673
0;2001-3-23;230;0;224;0;Regular Season;0;0;0;19735
0;2001-3-23;0;0;10;0;Regular Season;0;0;0;19670
0;2001-3-23;15;0;221;0;Regular Season;0;0;0;19823
0;2001-3-23;18;0;26;0;Regular Season;0;0;0;19732
0;2001-3-23;23;0;9;0;Regular Season;0;0;0;19766
0;2001-3-24;220;0;12;0;Regular Season;0;0;0;19726
0;2001-3-24;229;0;230;0;Regular Season;0;0;0;19742
0;2001-3-24;24;0;11;0;Regular Season;0;0;0;19779
0;2001-3-24;14;0;20;0;Regular Season;0;0;0;19696
0;2001-3-24;19;0;5;0;Regular Season;0;0;0;19719
0;2001-3-24;21;0;227;0;Regular Season;0;0;0;19689
0;2001-3-25;8;0;224;0;Regular Season;0;0;0;19655
0;2001-3-25;16;0;19;0;Regular Season;0;0;0;19725
0;2001-3-25;227;0;17;0;Regular Season;0;0;0;19697
0;2001-3-26;229;0;11;0;Regular Season;0;0;0;19715
0;2001-3-26;10;0;3;0;Regular Season;0;0;0;19683
0;2001-3-26;214;0;217;0;Regular Season;0;0;0;19694
0;2001-3-26;12;0;220;0;Regular Season;0;0;0;19737
0;2001-3-26;5;0;22;0;Regular Season;0;0;0;19600
0;2001-3-26;25;0;15;0;Regular Season;0;0;0;19680
0;2001-3-26;16;0;224;0;Regular Season;0;0;0;19757
0;2001-3-27;216;0;17;0;Regular Season;0;0;0;19704
0;2001-3-27;23;0;229;0;Regular Season;0;0;0;19746
0;2001-3-27;8;0;217;0;Regular Season;0;0;0;19661
0;2001-3-27;0;0;3;0;Regular Season;0;0;0;19679
0;2001-3-27;21;0;14;0;Regular Season;0;0;0;19698
0;2001-3-27;10;0;230;0;Regular Season;0;0;0;19693
0;2001-3-27;227;0;24;0;Regular Season;0;0;0;19728
0;2001-3-27;214;0;5;0;Regular Season;0;0;0;19727
0;2001-3-27;22;0;18;0;Regular Season;0;0;0;19716
0;2001-3-27;20;0;221;0;Regular Season;0;0;0;19722
0;2001-3-27;26;0;11;0;Regular Season;0;0;0;19789
0;2001-3-27;9;0;25;0;Regular Season;0;0;0;19709
0;2001-3-28;12;0;224;0;Regular Season;0;0;0;19761
0;2001-3-28;18;0;8;0;Regular Season;0;0;0;19707
0;2001-3-28;17;0;24;0;Regular Season;0;0;0;19791
0;2001-3-28;0;0;23;0;Regular Season;0;0;0;19749
0;2001-3-28;16;0;20;0;Regular Season;0;0;0;19701
0;2001-3-29;25;0;230;0;Regular Season;0;0;0;19706
0;2001-3-29;221;0;3;0;Regular Season;0;0;0;19703
0;2001-3-29;15;0;14;0;Regular Season;0;0;0;19734
0;2001-3-29;220;0;10;0;Regular Season;0;0;0;19711
0;2001-3-30;227;0;19;0;Regular Season;0;0;0;19744
0;2001-3-30;216;0;217;0;Regular Season;0;0;0;19724
0;2001-3-30;8;0;9;0;Regular Season;0;0;0;19723
0;2001-3-30;15;0;21;0;Regular Season;0;0;0;19741
0;2001-3-30;18;0;220;0;Regular Season;0;0;0;19748
0;2001-3-30;214;0;26;0;Regular Season;0;0;0;19753
0;2001-3-31;9;0;8;0;Regular Season;0;0;0;19777
0;2001-3-31;19;0;0;0;Regular Season;0;0;0;19785
0;2001-3-31;221;0;22;0;Regular Season;0;0;0;19745
0;2001-3-31;5;0;14;0;Regular Season;0;0;0;19718
0;2001-3-31;227;0;12;0;Regular Season;0;0;0;19776
0;2001-3-31;229;0;21;0;Regular Season;0;0;0;19743
0;2001-3-31;216;0;230;0;Regular Season;0;0;0;19755
0;2001-3-31;26;0;23;0;Regular Season;0;0;0;19768
0;2001-3-31;11;0;20;0;Regular Season;0;0;0;19750
0;2001-4-2;21;0;230;0;Regular Season;0;0;0;19790
0;2001-4-2;229;0;14;0;Regular Season;0;0;0;19736
0;2001-4-2;224;0;22;0;Regular Season;0;0;0;19747
0;2001-4-2;10;0;19;0;Regular Season;0;0;0;19730
0;2001-4-2;18;0;3;0;Regular Season;0;0;0;19752
0;2001-4-2;26;0;0;0;Regular Season;0;0;0;19810
0;2001-4-2;11;0;214;0;Regular Season;0;0;0;19762
0;2001-4-3;14;0;26;0;Regular Season;0;0;0;19773
0;2001-4-3;229;0;221;0;Regular Season;0;0;0;19765
0;2001-4-3;214;0;17;0;Regular Season;0;0;0;19763
0;2001-4-3;20;0;21;0;Regular Season;0;0;0;19786
0;2001-4-3;18;0;9;0;Regular Season;0;0;0;19760
0;2001-4-3;16;0;8;0;Regular Season;0;0;0;19759
0;2001-4-3;224;0;10;0;Regular Season;0;0;0;19740
0;2001-4-3;3;0;216;0;Regular Season;0;0;0;19739
0;2001-4-3;227;0;15;0;Regular Season;0;0;0;19767
0;2001-4-3;19;0;217;0;Regular Season;0;0;0;19780
0;2001-4-3;22;0;24;0;Regular Season;0;0;0;19774
0;2001-4-4;17;0;220;0;Regular Season;0;0;0;19770
0;2001-4-4;0;0;227;0;Regular Season;0;0;0;19815
0;2001-4-4;217;0;221;0;Regular Season;0;0;0;19829
0;2001-4-5;20;0;5;0;Regular Season;0;0;0;19821
0;2001-4-5;220;0;214;0;Regular Season;0;0;0;19769
0;2001-4-5;18;0;16;0;Regular Season;0;0;0;19758
0;2001-4-5;216;0;10;0;Regular Season;0;0;0;19756
0;2001-4-5;229;0;9;0;Regular Season;0;0;0;19787
0;2001-4-5;22;0;24;0;Regular Season;0;0;0;19771
0;2001-4-5;3;0;12;0;Regular Season;0;0;0;19784
0;2001-4-6;230;0;9;0;Regular Season;0;0;0;19781
0;2001-4-6;15;0;20;0;Regular Season;0;0;0;19826
0;2001-4-6;25;0;11;0;Regular Season;0;0;0;19733
0;2001-4-6;227;0;24;0;Regular Season;0;0;0;19794
0;2001-4-6;19;0;12;0;Regular Season;0;0;0;19793
0;2001-4-6;16;0;8;0;Regular Season;0;0;0;19805
0;2001-4-6;217;0;0;0;Regular Season;0;0;0;19731
0;2001-4-6;14;0;21;0;Regular Season;0;0;0;19764
